[2026-07-12 17:38:24] ======================================================================
[2026-07-12 17:38:24] PIPELINE v2  ?  Dise?o experimental corregido
[2026-07-12 17:38:24]   Modelos evaluados : ['llama3.1:8b', 'granite-code:8b', 'codegemma:7b', 'codellama:7b']
[2026-07-12 17:38:24]   Auditor externo   : qwen25-coder-audit
[2026-07-12 17:38:24]   Condiciones       : ['P0', 'P1']
[2026-07-12 17:38:24]   N por modelo/cond : 40 (estratificado, seed=42)
[2026-07-12 17:38:24] ======================================================================
[2026-07-12 17:38:24] Usando muestra preexistente: 40 escenarios (seed=42).
[2026-07-12 17:38:24] Subconjunto: 40 escenarios, dificultad={1: 4, 2: 8, 3: 10, 4: 5, 5: 6, 6: 7}
[2026-07-12 17:38:24] --- llama3.1:8b [P0]: Generaci?n + evaluaci?n funcional ---
[2026-07-12 17:38:24] --- llama3.1:8b [P1]: Generaci?n + evaluaci?n funcional ---
[2026-07-12 17:38:24] --- granite-code:8b [P0]: Generaci?n + evaluaci?n funcional ---
[2026-07-12 17:38:24] --- granite-code:8b [P1]: Generaci?n + evaluaci?n funcional ---
[2026-07-12 17:38:24] --- codegemma:7b [P0]: Generaci?n + evaluaci?n funcional ---
[2026-07-12 17:38:24] --- codegemma:7b [P1]: Generaci?n + evaluaci?n funcional ---
[2026-07-12 17:38:24] --- codellama:7b [P0]: Generaci?n + evaluaci?n funcional ---
[2026-07-12 17:38:24]   [0] generando question_0000.tf ...
[2026-07-12 17:38:45]   [0] evaluaci?n funcional question_0000.tf ...
[2026-07-12 17:39:09]   [3] generando question_0003.tf ...
[2026-07-12 17:39:50]   [3] evaluaci?n funcional question_0003.tf ...
[2026-07-12 17:40:09]   [5] generando question_0005.tf ...
[2026-07-12 17:40:35]   [5] evaluaci?n funcional question_0005.tf ...
[2026-07-12 17:40:35]   [12] generando question_0012.tf ...
[2026-07-12 17:41:10]   [12] evaluaci?n funcional question_0012.tf ...
[2026-07-12 17:41:29]   [18] generando question_0018.tf ...
[2026-07-12 17:42:31]   [18] evaluaci?n funcional question_0018.tf ...
[2026-07-12 17:42:50]   [20] generando question_0020.tf ...
[2026-07-12 17:42:57]   [20] evaluaci?n funcional question_0020.tf ...
[2026-07-12 17:43:17]   [24] generando question_0024.tf ...
[2026-07-12 17:43:56]   [24] evaluaci?n funcional question_0024.tf ...
[2026-07-12 17:43:56]   [38] generando question_0038.tf ...
[2026-07-12 17:44:19]   [38] evaluaci?n funcional question_0038.tf ...
[2026-07-12 17:44:37]   [51] generando question_0051.tf ...
[2026-07-12 17:44:50]   [51] evaluaci?n funcional question_0051.tf ...
[2026-07-12 17:45:08]   [64] generando question_0064.tf ...
[2026-07-12 17:45:17]   [64] evaluaci?n funcional question_0064.tf ...
[2026-07-12 17:45:35]   [73] generando question_0073.tf ...
[2026-07-12 17:45:55]   [73] evaluaci?n funcional question_0073.tf ...
[2026-07-12 17:46:14]   [75] generando question_0075.tf ...
[2026-07-12 17:46:21]   [75] evaluaci?n funcional question_0075.tf ...
[2026-07-12 17:46:40]   [80] generando question_0080.tf ...
[2026-07-12 17:46:53]   [80] evaluaci?n funcional question_0080.tf ...
[2026-07-12 17:47:12]   [132] generando question_0132.tf ...
[2026-07-12 17:47:36]   [132] evaluaci?n funcional question_0132.tf ...
[2026-07-12 17:47:54]   [141] generando question_0141.tf ...
[2026-07-12 17:48:04]   [141] evaluaci?n funcional question_0141.tf ...
[2026-07-12 17:48:23]   [153] generando question_0153.tf ...
[2026-07-12 17:48:43]   [153] evaluaci?n funcional question_0153.tf ...
[2026-07-12 17:49:03]   [180] generando question_0180.tf ...
[2026-07-12 17:49:19]   [180] evaluaci?n funcional question_0180.tf ...
[2026-07-12 17:49:40]   [186] generando question_0186.tf ...
[2026-07-12 17:49:48]   [186] evaluaci?n funcional question_0186.tf ...
[2026-07-12 17:50:07]   [190] generando question_0190.tf ...
[2026-07-12 17:51:06]   [190] evaluaci?n funcional question_0190.tf ...
[2026-07-12 17:51:27]   [201] generando question_0201.tf ...
[2026-07-12 17:51:35]   [201] evaluaci?n funcional question_0201.tf ...
[2026-07-12 17:52:04]   [212] generando question_0212.tf ...
[2026-07-12 17:52:44]   [212] evaluaci?n funcional question_0212.tf ...
[2026-07-12 17:53:03]   [215] generando question_0215.tf ...
[2026-07-12 17:53:14]   [215] evaluaci?n funcional question_0215.tf ...
[2026-07-12 17:53:36]   [231] generando question_0231.tf ...
[2026-07-12 17:53:42]   [231] evaluaci?n funcional question_0231.tf ...
[2026-07-12 17:54:03]   [234] generando question_0234.tf ...
[2026-07-12 17:54:09]   [234] evaluaci?n funcional question_0234.tf ...
[2026-07-12 17:54:31]   [249] generando question_0249.tf ...
[2026-07-12 17:54:44]   [249] evaluaci?n funcional question_0249.tf ...
[2026-07-12 17:55:04]   [255] generando question_0255.tf ...
[2026-07-12 17:55:28]   [255] evaluaci?n funcional question_0255.tf ...
[2026-07-12 17:55:49]   [261] generando question_0261.tf ...
[2026-07-12 17:55:59]   [261] evaluaci?n funcional question_0261.tf ...
[2026-07-12 17:56:18]   [262] generando question_0262.tf ...
[2026-07-12 17:56:25]   [262] evaluaci?n funcional question_0262.tf ...
[2026-07-12 17:56:47]   [285] generando question_0285.tf ...
[2026-07-12 17:56:52]   [285] evaluaci?n funcional question_0285.tf ...
[2026-07-12 17:57:15]   [289] generando question_0289.tf ...
[2026-07-12 17:57:19]   [289] evaluaci?n funcional question_0289.tf ...
[2026-07-12 17:57:41]   [290] generando question_0290.tf ...
[2026-07-12 17:57:47]   [290] evaluaci?n funcional question_0290.tf ...
[2026-07-12 17:58:08]   [336] generando question_0336.tf ...
[2026-07-12 17:58:33]   [336] evaluaci?n funcional question_0336.tf ...
[2026-07-12 17:58:53]   [342] generando question_0342.tf ...
[2026-07-12 17:59:21]   [342] evaluaci?n funcional question_0342.tf ...
[2026-07-12 17:59:43]   [353] generando question_0353.tf ...
[2026-07-12 18:00:24]   [353] evaluaci?n funcional question_0353.tf ...
[2026-07-12 18:00:44]   [361] generando question_0361.tf ...
[2026-07-12 18:00:51]   [361] evaluaci?n funcional question_0361.tf ...
[2026-07-12 18:01:13]   [362] generando question_0362.tf ...
[2026-07-12 18:01:25]   [362] evaluaci?n funcional question_0362.tf ...
[2026-07-12 18:01:45]   [375] generando question_0375.tf ...
[2026-07-12 18:02:02]   [375] evaluaci?n funcional question_0375.tf ...
[2026-07-12 18:02:23]   [400] generando question_0400.tf ...
[2026-07-12 18:02:29]   [400] evaluaci?n funcional question_0400.tf ...
[2026-07-12 18:02:52]   [415] generando question_0415.tf ...
[2026-07-12 18:03:00]   [415] evaluaci?n funcional question_0415.tf ...
[2026-07-12 18:03:22]   [422] generando question_0422.tf ...
[2026-07-12 18:03:31]   [422] evaluaci?n funcional question_0422.tf ...
[2026-07-12 18:03:52] --- codellama:7b [P1]: Generaci?n + evaluaci?n funcional ---
[2026-07-12 18:03:52]   [0] generando question_0000.tf ...
[2026-07-12 18:04:06]   [0] evaluaci?n funcional question_0000.tf ...
[2026-07-12 18:04:28]   [3] generando question_0003.tf ...
[2026-07-12 18:05:23]   [3] evaluaci?n funcional question_0003.tf ...
[2026-07-12 18:05:45]   [5] generando question_0005.tf ...
[2026-07-12 18:05:56]   [5] evaluaci?n funcional question_0005.tf ...
[2026-07-12 18:06:17]   [12] generando question_0012.tf ...
[2026-07-12 18:07:02]   [12] evaluaci?n funcional question_0012.tf ...
[2026-07-12 18:07:23]   [18] generando question_0018.tf ...
[2026-07-12 18:09:12]   [18] evaluaci?n funcional question_0018.tf ...
[2026-07-12 18:09:34]   [20] generando question_0020.tf ...
[2026-07-12 18:09:58]   [20] evaluaci?n funcional question_0020.tf ...
[2026-07-12 18:10:18]   [24] generando question_0024.tf ...
[2026-07-12 18:10:50]   [24] evaluaci?n funcional question_0024.tf ...
[2026-07-12 18:11:11]   [38] generando question_0038.tf ...
[2026-07-12 18:11:29]   [38] evaluaci?n funcional question_0038.tf ...
[2026-07-12 18:11:49]   [51] generando question_0051.tf ...
[2026-07-12 18:12:03]   [51] evaluaci?n funcional question_0051.tf ...
[2026-07-12 18:12:24]   [64] generando question_0064.tf ...
[2026-07-12 18:12:35]   [64] evaluaci?n funcional question_0064.tf ...
[2026-07-12 18:12:55]   [73] generando question_0073.tf ...
[2026-07-12 18:13:22]   [73] evaluaci?n funcional question_0073.tf ...
[2026-07-12 18:13:43]   [75] generando question_0075.tf ...
[2026-07-12 18:13:57]   [75] evaluaci?n funcional question_0075.tf ...
[2026-07-12 18:14:17]   [80] generando question_0080.tf ...
[2026-07-12 18:14:24]   [80] evaluaci?n funcional question_0080.tf ...
[2026-07-12 18:14:44]   [132] generando question_0132.tf ...
[2026-07-12 18:15:09]   [132] evaluaci?n funcional question_0132.tf ...
[2026-07-12 18:15:32]   [141] generando question_0141.tf ...
[2026-07-12 18:16:15]   [141] evaluaci?n funcional question_0141.tf ...
[2026-07-12 18:16:35]   [153] generando question_0153.tf ...
[2026-07-12 18:16:55]   [153] evaluaci?n funcional question_0153.tf ...
[2026-07-12 18:17:16]   [180] generando question_0180.tf ...
[2026-07-12 18:17:41]   [180] evaluaci?n funcional question_0180.tf ...
[2026-07-12 18:18:02]   [186] generando question_0186.tf ...
[2026-07-12 18:18:26]   [186] evaluaci?n funcional question_0186.tf ...
[2026-07-12 18:18:45]   [190] generando question_0190.tf ...
[2026-07-12 18:19:53]   [190] evaluaci?n funcional question_0190.tf ...
[2026-07-12 18:20:15]   [201] generando question_0201.tf ...
[2026-07-12 18:20:23]   [201] evaluaci?n funcional question_0201.tf ...
[2026-07-12 18:20:43]   [212] generando question_0212.tf ...
[2026-07-12 18:21:23]   [212] evaluaci?n funcional question_0212.tf ...
[2026-07-12 18:21:44]   [215] generando question_0215.tf ...
[2026-07-12 18:22:29]   [215] evaluaci?n funcional question_0215.tf ...
[2026-07-12 18:22:49]   [231] generando question_0231.tf ...
[2026-07-12 18:22:56]   [231] evaluaci?n funcional question_0231.tf ...
[2026-07-12 18:23:19]   [234] generando question_0234.tf ...
[2026-07-12 18:23:29]   [234] evaluaci?n funcional question_0234.tf ...
[2026-07-12 18:23:51]   [249] generando question_0249.tf ...
[2026-07-12 18:24:27]   [249] evaluaci?n funcional question_0249.tf ...
[2026-07-12 18:24:48]   [255] generando question_0255.tf ...
[2026-07-12 18:25:14]   [255] evaluaci?n funcional question_0255.tf ...
[2026-07-12 18:25:34]   [261] generando question_0261.tf ...
[2026-07-12 18:25:43]   [261] evaluaci?n funcional question_0261.tf ...
[2026-07-12 18:26:05]   [262] generando question_0262.tf ...
[2026-07-12 18:26:12]   [262] evaluaci?n funcional question_0262.tf ...
[2026-07-12 18:26:33]   [285] generando question_0285.tf ...
[2026-07-12 18:26:39]   [285] evaluaci?n funcional question_0285.tf ...
[2026-07-12 18:27:03]   [289] generando question_0289.tf ...
[2026-07-12 18:27:11]   [289] evaluaci?n funcional question_0289.tf ...
[2026-07-12 18:27:34]   [290] generando question_0290.tf ...
[2026-07-12 18:27:54]   [290] evaluaci?n funcional question_0290.tf ...
[2026-07-12 18:28:17]   [336] generando question_0336.tf ...
[2026-07-12 18:29:10]   [336] evaluaci?n funcional question_0336.tf ...
[2026-07-12 18:29:31]   [342] generando question_0342.tf ...
[2026-07-12 18:30:00]   [342] evaluaci?n funcional question_0342.tf ...
[2026-07-12 18:30:19]   [353] generando question_0353.tf ...
[2026-07-12 18:31:23]   [353] evaluaci?n funcional question_0353.tf ...
[2026-07-12 18:31:41]   [361] generando question_0361.tf ...
[2026-07-12 18:31:49]   [361] evaluaci?n funcional question_0361.tf ...
[2026-07-12 18:32:12]   [362] generando question_0362.tf ...
[2026-07-12 18:32:48]   [362] evaluaci?n funcional question_0362.tf ...
[2026-07-12 18:33:08]   [375] generando question_0375.tf ...
[2026-07-12 18:33:37]   [375] evaluaci?n funcional question_0375.tf ...
[2026-07-12 18:33:56]   [400] generando question_0400.tf ...
[2026-07-12 18:34:02]   [400] evaluaci?n funcional question_0400.tf ...
[2026-07-12 18:34:22]   [415] generando question_0415.tf ...
[2026-07-12 18:34:32]   [415] evaluaci?n funcional question_0415.tf ...
[2026-07-12 18:34:51]   [422] generando question_0422.tf ...
[2026-07-12 18:34:57]   [422] evaluaci?n funcional question_0422.tf ...
[2026-07-12 18:35:18] ======================================================================
[2026-07-12 18:35:18] FASE 3: Auditor?a externa con 'qwen25-coder-audit'
[2026-07-12 18:35:18] ======================================================================
[2026-07-12 18:35:18] --- llama3.1:8b [P0]: Auditor?a con auditor externo 'qwen25-coder-audit' ---
[2026-07-12 18:35:18]   question_0000.tf: ya auditado, se omite.
[2026-07-12 18:35:18]   question_0003.tf: ya auditado, se omite.
[2026-07-12 18:35:18]   question_0005.tf: ya auditado, se omite.
[2026-07-12 18:35:18]   question_0012.tf: ya auditado, se omite.
[2026-07-12 18:35:18]   question_0018.tf: ya auditado, se omite.
[2026-07-12 18:35:18]   auditando question_0020.tf (con qwen25-coder-audit)...
Configuration loaded from cache_config.yaml
[Cache] Cache loaded from cache.pkl with 1104 entries (saved at 2026-07-12 17:37:36)
[Cache] Cache initialized with TTL=-1s, max_entries=-1
[*] Evaluando regla 'hard_coded_secret' en archivo 'C:\Users\erick\OneDrive\Escritorio\New folder\secllm_terraform_integration\research_iac\integration\outputs_v2\llama3_1_8b\P0\terraform\question_0020.tf'...
[*] Evaluando regla 'empty_password' en archivo 'C:\Users\erick\OneDrive\Escritorio\New folder\secllm_terraform_integration\research_iac\integration\outputs_v2\llama3_1_8b\P0\terraform\question_0020.tf'...
[*] Evaluando regla 'admin_by_default' en archivo 'C:\Users\erick\OneDrive\Escritorio\New folder\secllm_terraform_integration\research_iac\integration\outputs_v2\llama3_1_8b\P0\terraform\question_0020.tf'...
[*] Evaluando regla 'unrestricted_ip_address' en archivo 'C:\Users\erick\OneDrive\Escritorio\New folder\secllm_terraform_integration\research_iac\integration\outputs_v2\llama3_1_8b\P0\terraform\question_0020.tf'...
[*] Evaluando regla 'use_of_http_without_tls' en archivo 'C:\Users\erick\OneDrive\Escritorio\New folder\secllm_terraform_integration\research_iac\integration\outputs_v2\llama3_1_8b\P0\terraform\question_0020.tf'...
[*] Evaluando regla 'no_integrity_check' en archivo 'C:\Users\erick\OneDrive\Escritorio\New folder\secllm_terraform_integration\research_iac\integration\outputs_v2\llama3_1_8b\P0\terraform\question_0020.tf'...
[*] Evaluando regla 'use_of_weak_cryptography' en archivo 'C:\Users\erick\OneDrive\Escritorio\New folder\secllm_terraform_integration\research_iac\integration\outputs_v2\llama3_1_8b\P0\terraform\question_0020.tf'...
[*] Evaluando regla 'suspicious_comment' en archivo 'C:\Users\erick\OneDrive\Escritorio\New folder\secllm_terraform_integration\research_iac\integration\outputs_v2\llama3_1_8b\P0\terraform\question_0020.tf'...
[Cache] Cache saved to cache.pkl (1112 entries)
[Cache] Cache saved to cache.pkl (1112 entries)
[2026-07-12 18:36:01]   auditando question_0024.tf (con qwen25-coder-audit)...
Configuration loaded from cache_config.yaml
[Cache] Cache loaded from cache.pkl with 1112 entries (saved at 2026-07-12 18:36:01)
[Cache] Cache initialized with TTL=-1s, max_entries=-1
[*] Evaluando regla 'hard_coded_secret' en archivo 'C:\Users\erick\OneDrive\Escritorio\New folder\secllm_terraform_integration\research_iac\integration\outputs_v2\llama3_1_8b\P0\terraform\question_0024.tf'...
[*] Evaluando regla 'empty_password' en archivo 'C:\Users\erick\OneDrive\Escritorio\New folder\secllm_terraform_integration\research_iac\integration\outputs_v2\llama3_1_8b\P0\terraform\question_0024.tf'...
[*] Evaluando regla 'admin_by_default' en archivo 'C:\Users\erick\OneDrive\Escritorio\New folder\secllm_terraform_integration\research_iac\integration\outputs_v2\llama3_1_8b\P0\terraform\question_0024.tf'...
[*] Evaluando regla 'unrestricted_ip_address' en archivo 'C:\Users\erick\OneDrive\Escritorio\New folder\secllm_terraform_integration\research_iac\integration\outputs_v2\llama3_1_8b\P0\terraform\question_0024.tf'...
[*] Evaluando regla 'use_of_http_without_tls' en archivo 'C:\Users\erick\OneDrive\Escritorio\New folder\secllm_terraform_integration\research_iac\integration\outputs_v2\llama3_1_8b\P0\terraform\question_0024.tf'...
[*] Evaluando regla 'no_integrity_check' en archivo 'C:\Users\erick\OneDrive\Escritorio\New folder\secllm_terraform_integration\research_iac\integration\outputs_v2\llama3_1_8b\P0\terraform\question_0024.tf'...
[*] Evaluando regla 'use_of_weak_cryptography' en archivo 'C:\Users\erick\OneDrive\Escritorio\New folder\secllm_terraform_integration\research_iac\integration\outputs_v2\llama3_1_8b\P0\terraform\question_0024.tf'...
[*] Evaluando regla 'suspicious_comment' en archivo 'C:\Users\erick\OneDrive\Escritorio\New folder\secllm_terraform_integration\research_iac\integration\outputs_v2\llama3_1_8b\P0\terraform\question_0024.tf'...
[Cache] Cache saved to cache.pkl (1120 entries)
[Cache] Cache saved to cache.pkl (1120 entries)
[2026-07-12 18:36:23]   auditando question_0038.tf (con qwen25-coder-audit)...
Configuration loaded from cache_config.yaml
[Cache] Cache loaded from cache.pkl with 1120 entries (saved at 2026-07-12 18:36:23)
[Cache] Cache initialized with TTL=-1s, max_entries=-1
[*] Evaluando regla 'hard_coded_secret' en archivo 'C:\Users\erick\OneDrive\Escritorio\New folder\secllm_terraform_integration\research_iac\integration\outputs_v2\llama3_1_8b\P0\terraform\question_0038.tf'...
[*] Evaluando regla 'empty_password' en archivo 'C:\Users\erick\OneDrive\Escritorio\New folder\secllm_terraform_integration\research_iac\integration\outputs_v2\llama3_1_8b\P0\terraform\question_0038.tf'...
[*] Evaluando regla 'admin_by_default' en archivo 'C:\Users\erick\OneDrive\Escritorio\New folder\secllm_terraform_integration\research_iac\integration\outputs_v2\llama3_1_8b\P0\terraform\question_0038.tf'...
[*] Evaluando regla 'unrestricted_ip_address' en archivo 'C:\Users\erick\OneDrive\Escritorio\New folder\secllm_terraform_integration\research_iac\integration\outputs_v2\llama3_1_8b\P0\terraform\question_0038.tf'...
[*] Evaluando regla 'use_of_http_without_tls' en archivo 'C:\Users\erick\OneDrive\Escritorio\New folder\secllm_terraform_integration\research_iac\integration\outputs_v2\llama3_1_8b\P0\terraform\question_0038.tf'...
[*] Evaluando regla 'no_integrity_check' en archivo 'C:\Users\erick\OneDrive\Escritorio\New folder\secllm_terraform_integration\research_iac\integration\outputs_v2\llama3_1_8b\P0\terraform\question_0038.tf'...
[*] Evaluando regla 'use_of_weak_cryptography' en archivo 'C:\Users\erick\OneDrive\Escritorio\New folder\secllm_terraform_integration\research_iac\integration\outputs_v2\llama3_1_8b\P0\terraform\question_0038.tf'...
[*] Evaluando regla 'suspicious_comment' en archivo 'C:\Users\erick\OneDrive\Escritorio\New folder\secllm_terraform_integration\research_iac\integration\outputs_v2\llama3_1_8b\P0\terraform\question_0038.tf'...
[Cache] Cache saved to cache.pkl (1128 entries)
[Cache] Cache saved to cache.pkl (1128 entries)
[2026-07-12 18:36:55]   auditando question_0051.tf (con qwen25-coder-audit)...
Configuration loaded from cache_config.yaml
[Cache] Cache loaded from cache.pkl with 1128 entries (saved at 2026-07-12 18:36:55)
[Cache] Cache initialized with TTL=-1s, max_entries=-1
[*] Evaluando regla 'hard_coded_secret' en archivo 'C:\Users\erick\OneDrive\Escritorio\New folder\secllm_terraform_integration\research_iac\integration\outputs_v2\llama3_1_8b\P0\terraform\question_0051.tf'...
[*] Evaluando regla 'empty_password' en archivo 'C:\Users\erick\OneDrive\Escritorio\New folder\secllm_terraform_integration\research_iac\integration\outputs_v2\llama3_1_8b\P0\terraform\question_0051.tf'...
[*] Evaluando regla 'admin_by_default' en archivo 'C:\Users\erick\OneDrive\Escritorio\New folder\secllm_terraform_integration\research_iac\integration\outputs_v2\llama3_1_8b\P0\terraform\question_0051.tf'...
[*] Evaluando regla 'unrestricted_ip_address' en archivo 'C:\Users\erick\OneDrive\Escritorio\New folder\secllm_terraform_integration\research_iac\integration\outputs_v2\llama3_1_8b\P0\terraform\question_0051.tf'...
[*] Evaluando regla 'use_of_http_without_tls' en archivo 'C:\Users\erick\OneDrive\Escritorio\New folder\secllm_terraform_integration\research_iac\integration\outputs_v2\llama3_1_8b\P0\terraform\question_0051.tf'...
[*] Evaluando regla 'no_integrity_check' en archivo 'C:\Users\erick\OneDrive\Escritorio\New folder\secllm_terraform_integration\research_iac\integration\outputs_v2\llama3_1_8b\P0\terraform\question_0051.tf'...
[*] Evaluando regla 'use_of_weak_cryptography' en archivo 'C:\Users\erick\OneDrive\Escritorio\New folder\secllm_terraform_integration\research_iac\integration\outputs_v2\llama3_1_8b\P0\terraform\question_0051.tf'...
[*] Evaluando regla 'suspicious_comment' en archivo 'C:\Users\erick\OneDrive\Escritorio\New folder\secllm_terraform_integration\research_iac\integration\outputs_v2\llama3_1_8b\P0\terraform\question_0051.tf'...
[Cache] Cache saved to cache.pkl (1136 entries)
[Cache] Cache saved to cache.pkl (1136 entries)
[2026-07-12 18:37:13]   auditando question_0064.tf (con qwen25-coder-audit)...
Configuration loaded from cache_config.yaml
[Cache] Cache loaded from cache.pkl with 1136 entries (saved at 2026-07-12 18:37:12)
[Cache] Cache initialized with TTL=-1s, max_entries=-1
[*] Evaluando regla 'hard_coded_secret' en archivo 'C:\Users\erick\OneDrive\Escritorio\New folder\secllm_terraform_integration\research_iac\integration\outputs_v2\llama3_1_8b\P0\terraform\question_0064.tf'...
[*] Evaluando regla 'empty_password' en archivo 'C:\Users\erick\OneDrive\Escritorio\New folder\secllm_terraform_integration\research_iac\integration\outputs_v2\llama3_1_8b\P0\terraform\question_0064.tf'...
[*] Evaluando regla 'admin_by_default' en archivo 'C:\Users\erick\OneDrive\Escritorio\New folder\secllm_terraform_integration\research_iac\integration\outputs_v2\llama3_1_8b\P0\terraform\question_0064.tf'...
[*] Evaluando regla 'unrestricted_ip_address' en archivo 'C:\Users\erick\OneDrive\Escritorio\New folder\secllm_terraform_integration\research_iac\integration\outputs_v2\llama3_1_8b\P0\terraform\question_0064.tf'...
[*] Evaluando regla 'use_of_http_without_tls' en archivo 'C:\Users\erick\OneDrive\Escritorio\New folder\secllm_terraform_integration\research_iac\integration\outputs_v2\llama3_1_8b\P0\terraform\question_0064.tf'...
[*] Evaluando regla 'no_integrity_check' en archivo 'C:\Users\erick\OneDrive\Escritorio\New folder\secllm_terraform_integration\research_iac\integration\outputs_v2\llama3_1_8b\P0\terraform\question_0064.tf'...
[*] Evaluando regla 'use_of_weak_cryptography' en archivo 'C:\Users\erick\OneDrive\Escritorio\New folder\secllm_terraform_integration\research_iac\integration\outputs_v2\llama3_1_8b\P0\terraform\question_0064.tf'...
[*] Evaluando regla 'suspicious_comment' en archivo 'C:\Users\erick\OneDrive\Escritorio\New folder\secllm_terraform_integration\research_iac\integration\outputs_v2\llama3_1_8b\P0\terraform\question_0064.tf'...
[Cache] Cache saved to cache.pkl (1144 entries)
[Cache] Cache saved to cache.pkl (1144 entries)
[2026-07-12 18:37:56]   auditando question_0073.tf (con qwen25-coder-audit)...
Configuration loaded from cache_config.yaml
[Cache] Cache loaded from cache.pkl with 1144 entries (saved at 2026-07-12 18:37:56)
[Cache] Cache initialized with TTL=-1s, max_entries=-1
[*] Evaluando regla 'hard_coded_secret' en archivo 'C:\Users\erick\OneDrive\Escritorio\New folder\secllm_terraform_integration\research_iac\integration\outputs_v2\llama3_1_8b\P0\terraform\question_0073.tf'...
[*] Evaluando regla 'empty_password' en archivo 'C:\Users\erick\OneDrive\Escritorio\New folder\secllm_terraform_integration\research_iac\integration\outputs_v2\llama3_1_8b\P0\terraform\question_0073.tf'...
[*] Evaluando regla 'admin_by_default' en archivo 'C:\Users\erick\OneDrive\Escritorio\New folder\secllm_terraform_integration\research_iac\integration\outputs_v2\llama3_1_8b\P0\terraform\question_0073.tf'...
[*] Evaluando regla 'unrestricted_ip_address' en archivo 'C:\Users\erick\OneDrive\Escritorio\New folder\secllm_terraform_integration\research_iac\integration\outputs_v2\llama3_1_8b\P0\terraform\question_0073.tf'...
[*] Evaluando regla 'use_of_http_without_tls' en archivo 'C:\Users\erick\OneDrive\Escritorio\New folder\secllm_terraform_integration\research_iac\integration\outputs_v2\llama3_1_8b\P0\terraform\question_0073.tf'...
[*] Evaluando regla 'no_integrity_check' en archivo 'C:\Users\erick\OneDrive\Escritorio\New folder\secllm_terraform_integration\research_iac\integration\outputs_v2\llama3_1_8b\P0\terraform\question_0073.tf'...
[*] Evaluando regla 'use_of_weak_cryptography' en archivo 'C:\Users\erick\OneDrive\Escritorio\New folder\secllm_terraform_integration\research_iac\integration\outputs_v2\llama3_1_8b\P0\terraform\question_0073.tf'...
[*] Evaluando regla 'suspicious_comment' en archivo 'C:\Users\erick\OneDrive\Escritorio\New folder\secllm_terraform_integration\research_iac\integration\outputs_v2\llama3_1_8b\P0\terraform\question_0073.tf'...
[Cache] Cache saved to cache.pkl (1152 entries)
[Cache] Cache saved to cache.pkl (1152 entries)
[2026-07-12 18:38:36]   auditando question_0075.tf (con qwen25-coder-audit)...
Configuration loaded from cache_config.yaml
[Cache] Cache loaded from cache.pkl with 1152 entries (saved at 2026-07-12 18:38:36)
[Cache] Cache initialized with TTL=-1s, max_entries=-1
[*] Evaluando regla 'hard_coded_secret' en archivo 'C:\Users\erick\OneDrive\Escritorio\New folder\secllm_terraform_integration\research_iac\integration\outputs_v2\llama3_1_8b\P0\terraform\question_0075.tf'...
[*] Evaluando regla 'empty_password' en archivo 'C:\Users\erick\OneDrive\Escritorio\New folder\secllm_terraform_integration\research_iac\integration\outputs_v2\llama3_1_8b\P0\terraform\question_0075.tf'...
[*] Evaluando regla 'admin_by_default' en archivo 'C:\Users\erick\OneDrive\Escritorio\New folder\secllm_terraform_integration\research_iac\integration\outputs_v2\llama3_1_8b\P0\terraform\question_0075.tf'...
[*] Evaluando regla 'unrestricted_ip_address' en archivo 'C:\Users\erick\OneDrive\Escritorio\New folder\secllm_terraform_integration\research_iac\integration\outputs_v2\llama3_1_8b\P0\terraform\question_0075.tf'...
[*] Evaluando regla 'use_of_http_without_tls' en archivo 'C:\Users\erick\OneDrive\Escritorio\New folder\secllm_terraform_integration\research_iac\integration\outputs_v2\llama3_1_8b\P0\terraform\question_0075.tf'...
[*] Evaluando regla 'no_integrity_check' en archivo 'C:\Users\erick\OneDrive\Escritorio\New folder\secllm_terraform_integration\research_iac\integration\outputs_v2\llama3_1_8b\P0\terraform\question_0075.tf'...
[*] Evaluando regla 'use_of_weak_cryptography' en archivo 'C:\Users\erick\OneDrive\Escritorio\New folder\secllm_terraform_integration\research_iac\integration\outputs_v2\llama3_1_8b\P0\terraform\question_0075.tf'...
[*] Evaluando regla 'suspicious_comment' en archivo 'C:\Users\erick\OneDrive\Escritorio\New folder\secllm_terraform_integration\research_iac\integration\outputs_v2\llama3_1_8b\P0\terraform\question_0075.tf'...
[Cache] Cache saved to cache.pkl (1160 entries)
[Cache] Cache saved to cache.pkl (1160 entries)
[2026-07-12 18:38:58]   auditando question_0080.tf (con qwen25-coder-audit)...
Configuration loaded from cache_config.yaml
[Cache] Cache loaded from cache.pkl with 1160 entries (saved at 2026-07-12 18:38:58)
[Cache] Cache initialized with TTL=-1s, max_entries=-1
[*] Evaluando regla 'hard_coded_secret' en archivo 'C:\Users\erick\OneDrive\Escritorio\New folder\secllm_terraform_integration\research_iac\integration\outputs_v2\llama3_1_8b\P0\terraform\question_0080.tf'...
[*] Evaluando regla 'empty_password' en archivo 'C:\Users\erick\OneDrive\Escritorio\New folder\secllm_terraform_integration\research_iac\integration\outputs_v2\llama3_1_8b\P0\terraform\question_0080.tf'...
[*] Evaluando regla 'admin_by_default' en archivo 'C:\Users\erick\OneDrive\Escritorio\New folder\secllm_terraform_integration\research_iac\integration\outputs_v2\llama3_1_8b\P0\terraform\question_0080.tf'...
[*] Evaluando regla 'unrestricted_ip_address' en archivo 'C:\Users\erick\OneDrive\Escritorio\New folder\secllm_terraform_integration\research_iac\integration\outputs_v2\llama3_1_8b\P0\terraform\question_0080.tf'...
[*] Evaluando regla 'use_of_http_without_tls' en archivo 'C:\Users\erick\OneDrive\Escritorio\New folder\secllm_terraform_integration\research_iac\integration\outputs_v2\llama3_1_8b\P0\terraform\question_0080.tf'...
[*] Evaluando regla 'no_integrity_check' en archivo 'C:\Users\erick\OneDrive\Escritorio\New folder\secllm_terraform_integration\research_iac\integration\outputs_v2\llama3_1_8b\P0\terraform\question_0080.tf'...
[*] Evaluando regla 'use_of_weak_cryptography' en archivo 'C:\Users\erick\OneDrive\Escritorio\New folder\secllm_terraform_integration\research_iac\integration\outputs_v2\llama3_1_8b\P0\terraform\question_0080.tf'...
[*] Evaluando regla 'suspicious_comment' en archivo 'C:\Users\erick\OneDrive\Escritorio\New folder\secllm_terraform_integration\research_iac\integration\outputs_v2\llama3_1_8b\P0\terraform\question_0080.tf'...
[Cache] Cache saved to cache.pkl (1168 entries)
[Cache] Cache saved to cache.pkl (1168 entries)
[2026-07-12 18:39:18]   auditando question_0132.tf (con qwen25-coder-audit)...
Configuration loaded from cache_config.yaml
[Cache] Cache loaded from cache.pkl with 1168 entries (saved at 2026-07-12 18:39:17)
[Cache] Cache initialized with TTL=-1s, max_entries=-1
[*] Evaluando regla 'hard_coded_secret' en archivo 'C:\Users\erick\OneDrive\Escritorio\New folder\secllm_terraform_integration\research_iac\integration\outputs_v2\llama3_1_8b\P0\terraform\question_0132.tf'...
[*] Evaluando regla 'empty_password' en archivo 'C:\Users\erick\OneDrive\Escritorio\New folder\secllm_terraform_integration\research_iac\integration\outputs_v2\llama3_1_8b\P0\terraform\question_0132.tf'...
[*] Evaluando regla 'admin_by_default' en archivo 'C:\Users\erick\OneDrive\Escritorio\New folder\secllm_terraform_integration\research_iac\integration\outputs_v2\llama3_1_8b\P0\terraform\question_0132.tf'...
[*] Evaluando regla 'unrestricted_ip_address' en archivo 'C:\Users\erick\OneDrive\Escritorio\New folder\secllm_terraform_integration\research_iac\integration\outputs_v2\llama3_1_8b\P0\terraform\question_0132.tf'...
[*] Evaluando regla 'use_of_http_without_tls' en archivo 'C:\Users\erick\OneDrive\Escritorio\New folder\secllm_terraform_integration\research_iac\integration\outputs_v2\llama3_1_8b\P0\terraform\question_0132.tf'...
[*] Evaluando regla 'no_integrity_check' en archivo 'C:\Users\erick\OneDrive\Escritorio\New folder\secllm_terraform_integration\research_iac\integration\outputs_v2\llama3_1_8b\P0\terraform\question_0132.tf'...
[*] Evaluando regla 'use_of_weak_cryptography' en archivo 'C:\Users\erick\OneDrive\Escritorio\New folder\secllm_terraform_integration\research_iac\integration\outputs_v2\llama3_1_8b\P0\terraform\question_0132.tf'...
[*] Evaluando regla 'suspicious_comment' en archivo 'C:\Users\erick\OneDrive\Escritorio\New folder\secllm_terraform_integration\research_iac\integration\outputs_v2\llama3_1_8b\P0\terraform\question_0132.tf'...
[Cache] Cache saved to cache.pkl (1176 entries)
[Cache] Cache saved to cache.pkl (1176 entries)
[2026-07-12 18:39:39]   auditando question_0141.tf (con qwen25-coder-audit)...
Configuration loaded from cache_config.yaml
[Cache] Cache loaded from cache.pkl with 1176 entries (saved at 2026-07-12 18:39:39)
[Cache] Cache initialized with TTL=-1s, max_entries=-1
[*] Evaluando regla 'hard_coded_secret' en archivo 'C:\Users\erick\OneDrive\Escritorio\New folder\secllm_terraform_integration\research_iac\integration\outputs_v2\llama3_1_8b\P0\terraform\question_0141.tf'...
[*] Evaluando regla 'empty_password' en archivo 'C:\Users\erick\OneDrive\Escritorio\New folder\secllm_terraform_integration\research_iac\integration\outputs_v2\llama3_1_8b\P0\terraform\question_0141.tf'...
[*] Evaluando regla 'admin_by_default' en archivo 'C:\Users\erick\OneDrive\Escritorio\New folder\secllm_terraform_integration\research_iac\integration\outputs_v2\llama3_1_8b\P0\terraform\question_0141.tf'...
[*] Evaluando regla 'unrestricted_ip_address' en archivo 'C:\Users\erick\OneDrive\Escritorio\New folder\secllm_terraform_integration\research_iac\integration\outputs_v2\llama3_1_8b\P0\terraform\question_0141.tf'...
[*] Evaluando regla 'use_of_http_without_tls' en archivo 'C:\Users\erick\OneDrive\Escritorio\New folder\secllm_terraform_integration\research_iac\integration\outputs_v2\llama3_1_8b\P0\terraform\question_0141.tf'...
[*] Evaluando regla 'no_integrity_check' en archivo 'C:\Users\erick\OneDrive\Escritorio\New folder\secllm_terraform_integration\research_iac\integration\outputs_v2\llama3_1_8b\P0\terraform\question_0141.tf'...
[*] Evaluando regla 'use_of_weak_cryptography' en archivo 'C:\Users\erick\OneDrive\Escritorio\New folder\secllm_terraform_integration\research_iac\integration\outputs_v2\llama3_1_8b\P0\terraform\question_0141.tf'...
[*] Evaluando regla 'suspicious_comment' en archivo 'C:\Users\erick\OneDrive\Escritorio\New folder\secllm_terraform_integration\research_iac\integration\outputs_v2\llama3_1_8b\P0\terraform\question_0141.tf'...
[Cache] Cache saved to cache.pkl (1184 entries)
[Cache] Cache saved to cache.pkl (1184 entries)
[2026-07-12 18:39:58]   auditando question_0153.tf (con qwen25-coder-audit)...
Configuration loaded from cache_config.yaml
[Cache] Cache loaded from cache.pkl with 1184 entries (saved at 2026-07-12 18:39:58)
[Cache] Cache initialized with TTL=-1s, max_entries=-1
[*] Evaluando regla 'hard_coded_secret' en archivo 'C:\Users\erick\OneDrive\Escritorio\New folder\secllm_terraform_integration\research_iac\integration\outputs_v2\llama3_1_8b\P0\terraform\question_0153.tf'...
[*] Evaluando regla 'empty_password' en archivo 'C:\Users\erick\OneDrive\Escritorio\New folder\secllm_terraform_integration\research_iac\integration\outputs_v2\llama3_1_8b\P0\terraform\question_0153.tf'...
[*] Evaluando regla 'admin_by_default' en archivo 'C:\Users\erick\OneDrive\Escritorio\New folder\secllm_terraform_integration\research_iac\integration\outputs_v2\llama3_1_8b\P0\terraform\question_0153.tf'...
[*] Evaluando regla 'unrestricted_ip_address' en archivo 'C:\Users\erick\OneDrive\Escritorio\New folder\secllm_terraform_integration\research_iac\integration\outputs_v2\llama3_1_8b\P0\terraform\question_0153.tf'...
[*] Evaluando regla 'use_of_http_without_tls' en archivo 'C:\Users\erick\OneDrive\Escritorio\New folder\secllm_terraform_integration\research_iac\integration\outputs_v2\llama3_1_8b\P0\terraform\question_0153.tf'...
[*] Evaluando regla 'no_integrity_check' en archivo 'C:\Users\erick\OneDrive\Escritorio\New folder\secllm_terraform_integration\research_iac\integration\outputs_v2\llama3_1_8b\P0\terraform\question_0153.tf'...
[*] Evaluando regla 'use_of_weak_cryptography' en archivo 'C:\Users\erick\OneDrive\Escritorio\New folder\secllm_terraform_integration\research_iac\integration\outputs_v2\llama3_1_8b\P0\terraform\question_0153.tf'...
[*] Evaluando regla 'suspicious_comment' en archivo 'C:\Users\erick\OneDrive\Escritorio\New folder\secllm_terraform_integration\research_iac\integration\outputs_v2\llama3_1_8b\P0\terraform\question_0153.tf'...
[Cache] Cache saved to cache.pkl (1192 entries)
[Cache] Cache saved to cache.pkl (1192 entries)
[2026-07-12 18:40:38]   auditando question_0180.tf (con qwen25-coder-audit)...
Configuration loaded from cache_config.yaml
[Cache] Cache loaded from cache.pkl with 1192 entries (saved at 2026-07-12 18:40:37)
[Cache] Cache initialized with TTL=-1s, max_entries=-1
[*] Evaluando regla 'hard_coded_secret' en archivo 'C:\Users\erick\OneDrive\Escritorio\New folder\secllm_terraform_integration\research_iac\integration\outputs_v2\llama3_1_8b\P0\terraform\question_0180.tf'...
[*] Evaluando regla 'empty_password' en archivo 'C:\Users\erick\OneDrive\Escritorio\New folder\secllm_terraform_integration\research_iac\integration\outputs_v2\llama3_1_8b\P0\terraform\question_0180.tf'...
[*] Evaluando regla 'admin_by_default' en archivo 'C:\Users\erick\OneDrive\Escritorio\New folder\secllm_terraform_integration\research_iac\integration\outputs_v2\llama3_1_8b\P0\terraform\question_0180.tf'...
[*] Evaluando regla 'unrestricted_ip_address' en archivo 'C:\Users\erick\OneDrive\Escritorio\New folder\secllm_terraform_integration\research_iac\integration\outputs_v2\llama3_1_8b\P0\terraform\question_0180.tf'...
[*] Evaluando regla 'use_of_http_without_tls' en archivo 'C:\Users\erick\OneDrive\Escritorio\New folder\secllm_terraform_integration\research_iac\integration\outputs_v2\llama3_1_8b\P0\terraform\question_0180.tf'...
[*] Evaluando regla 'no_integrity_check' en archivo 'C:\Users\erick\OneDrive\Escritorio\New folder\secllm_terraform_integration\research_iac\integration\outputs_v2\llama3_1_8b\P0\terraform\question_0180.tf'...
[*] Evaluando regla 'use_of_weak_cryptography' en archivo 'C:\Users\erick\OneDrive\Escritorio\New folder\secllm_terraform_integration\research_iac\integration\outputs_v2\llama3_1_8b\P0\terraform\question_0180.tf'...
[*] Evaluando regla 'suspicious_comment' en archivo 'C:\Users\erick\OneDrive\Escritorio\New folder\secllm_terraform_integration\research_iac\integration\outputs_v2\llama3_1_8b\P0\terraform\question_0180.tf'...
[Cache] Cache saved to cache.pkl (1200 entries)
[Cache] Cache saved to cache.pkl (1200 entries)
[2026-07-12 18:41:01]   auditando question_0186.tf (con qwen25-coder-audit)...
Configuration loaded from cache_config.yaml
[Cache] Cache loaded from cache.pkl with 1200 entries (saved at 2026-07-12 18:41:00)
[Cache] Cache initialized with TTL=-1s, max_entries=-1
[*] Evaluando regla 'hard_coded_secret' en archivo 'C:\Users\erick\OneDrive\Escritorio\New folder\secllm_terraform_integration\research_iac\integration\outputs_v2\llama3_1_8b\P0\terraform\question_0186.tf'...
[*] Evaluando regla 'empty_password' en archivo 'C:\Users\erick\OneDrive\Escritorio\New folder\secllm_terraform_integration\research_iac\integration\outputs_v2\llama3_1_8b\P0\terraform\question_0186.tf'...
[*] Evaluando regla 'admin_by_default' en archivo 'C:\Users\erick\OneDrive\Escritorio\New folder\secllm_terraform_integration\research_iac\integration\outputs_v2\llama3_1_8b\P0\terraform\question_0186.tf'...
[*] Evaluando regla 'unrestricted_ip_address' en archivo 'C:\Users\erick\OneDrive\Escritorio\New folder\secllm_terraform_integration\research_iac\integration\outputs_v2\llama3_1_8b\P0\terraform\question_0186.tf'...
[*] Evaluando regla 'use_of_http_without_tls' en archivo 'C:\Users\erick\OneDrive\Escritorio\New folder\secllm_terraform_integration\research_iac\integration\outputs_v2\llama3_1_8b\P0\terraform\question_0186.tf'...
[*] Evaluando regla 'no_integrity_check' en archivo 'C:\Users\erick\OneDrive\Escritorio\New folder\secllm_terraform_integration\research_iac\integration\outputs_v2\llama3_1_8b\P0\terraform\question_0186.tf'...
[*] Evaluando regla 'use_of_weak_cryptography' en archivo 'C:\Users\erick\OneDrive\Escritorio\New folder\secllm_terraform_integration\research_iac\integration\outputs_v2\llama3_1_8b\P0\terraform\question_0186.tf'...
[*] Evaluando regla 'suspicious_comment' en archivo 'C:\Users\erick\OneDrive\Escritorio\New folder\secllm_terraform_integration\research_iac\integration\outputs_v2\llama3_1_8b\P0\terraform\question_0186.tf'...
[Cache] Cache saved to cache.pkl (1208 entries)
[Cache] Cache saved to cache.pkl (1208 entries)
[2026-07-12 18:41:25]   auditando question_0190.tf (con qwen25-coder-audit)...
Configuration loaded from cache_config.yaml
[Cache] Cache loaded from cache.pkl with 1208 entries (saved at 2026-07-12 18:41:25)
[Cache] Cache initialized with TTL=-1s, max_entries=-1
[*] Evaluando regla 'hard_coded_secret' en archivo 'C:\Users\erick\OneDrive\Escritorio\New folder\secllm_terraform_integration\research_iac\integration\outputs_v2\llama3_1_8b\P0\terraform\question_0190.tf'...
[*] Evaluando regla 'empty_password' en archivo 'C:\Users\erick\OneDrive\Escritorio\New folder\secllm_terraform_integration\research_iac\integration\outputs_v2\llama3_1_8b\P0\terraform\question_0190.tf'...
[*] Evaluando regla 'admin_by_default' en archivo 'C:\Users\erick\OneDrive\Escritorio\New folder\secllm_terraform_integration\research_iac\integration\outputs_v2\llama3_1_8b\P0\terraform\question_0190.tf'...
[*] Evaluando regla 'unrestricted_ip_address' en archivo 'C:\Users\erick\OneDrive\Escritorio\New folder\secllm_terraform_integration\research_iac\integration\outputs_v2\llama3_1_8b\P0\terraform\question_0190.tf'...
[*] Evaluando regla 'use_of_http_without_tls' en archivo 'C:\Users\erick\OneDrive\Escritorio\New folder\secllm_terraform_integration\research_iac\integration\outputs_v2\llama3_1_8b\P0\terraform\question_0190.tf'...
[*] Evaluando regla 'no_integrity_check' en archivo 'C:\Users\erick\OneDrive\Escritorio\New folder\secllm_terraform_integration\research_iac\integration\outputs_v2\llama3_1_8b\P0\terraform\question_0190.tf'...
[*] Evaluando regla 'use_of_weak_cryptography' en archivo 'C:\Users\erick\OneDrive\Escritorio\New folder\secllm_terraform_integration\research_iac\integration\outputs_v2\llama3_1_8b\P0\terraform\question_0190.tf'...
[*] Evaluando regla 'suspicious_comment' en archivo 'C:\Users\erick\OneDrive\Escritorio\New folder\secllm_terraform_integration\research_iac\integration\outputs_v2\llama3_1_8b\P0\terraform\question_0190.tf'...
[Cache] Cache saved to cache.pkl (1216 entries)
[Cache] Cache saved to cache.pkl (1216 entries)
[2026-07-12 18:42:10]   auditando question_0201.tf (con qwen25-coder-audit)...
Configuration loaded from cache_config.yaml
[Cache] Cache loaded from cache.pkl with 1216 entries (saved at 2026-07-12 18:42:10)
[Cache] Cache initialized with TTL=-1s, max_entries=-1
[*] Evaluando regla 'hard_coded_secret' en archivo 'C:\Users\erick\OneDrive\Escritorio\New folder\secllm_terraform_integration\research_iac\integration\outputs_v2\llama3_1_8b\P0\terraform\question_0201.tf'...
[*] Evaluando regla 'empty_password' en archivo 'C:\Users\erick\OneDrive\Escritorio\New folder\secllm_terraform_integration\research_iac\integration\outputs_v2\llama3_1_8b\P0\terraform\question_0201.tf'...
[*] Evaluando regla 'admin_by_default' en archivo 'C:\Users\erick\OneDrive\Escritorio\New folder\secllm_terraform_integration\research_iac\integration\outputs_v2\llama3_1_8b\P0\terraform\question_0201.tf'...
[*] Evaluando regla 'unrestricted_ip_address' en archivo 'C:\Users\erick\OneDrive\Escritorio\New folder\secllm_terraform_integration\research_iac\integration\outputs_v2\llama3_1_8b\P0\terraform\question_0201.tf'...
[*] Evaluando regla 'use_of_http_without_tls' en archivo 'C:\Users\erick\OneDrive\Escritorio\New folder\secllm_terraform_integration\research_iac\integration\outputs_v2\llama3_1_8b\P0\terraform\question_0201.tf'...
[*] Evaluando regla 'no_integrity_check' en archivo 'C:\Users\erick\OneDrive\Escritorio\New folder\secllm_terraform_integration\research_iac\integration\outputs_v2\llama3_1_8b\P0\terraform\question_0201.tf'...
[*] Evaluando regla 'use_of_weak_cryptography' en archivo 'C:\Users\erick\OneDrive\Escritorio\New folder\secllm_terraform_integration\research_iac\integration\outputs_v2\llama3_1_8b\P0\terraform\question_0201.tf'...
[*] Evaluando regla 'suspicious_comment' en archivo 'C:\Users\erick\OneDrive\Escritorio\New folder\secllm_terraform_integration\research_iac\integration\outputs_v2\llama3_1_8b\P0\terraform\question_0201.tf'...
[Cache] Cache saved to cache.pkl (1224 entries)
[Cache] Cache saved to cache.pkl (1224 entries)
[2026-07-12 18:42:46]   auditando question_0212.tf (con qwen25-coder-audit)...
Configuration loaded from cache_config.yaml
[Cache] Cache loaded from cache.pkl with 1224 entries (saved at 2026-07-12 18:42:46)
[Cache] Cache initialized with TTL=-1s, max_entries=-1
[*] Evaluando regla 'hard_coded_secret' en archivo 'C:\Users\erick\OneDrive\Escritorio\New folder\secllm_terraform_integration\research_iac\integration\outputs_v2\llama3_1_8b\P0\terraform\question_0212.tf'...
[*] Evaluando regla 'empty_password' en archivo 'C:\Users\erick\OneDrive\Escritorio\New folder\secllm_terraform_integration\research_iac\integration\outputs_v2\llama3_1_8b\P0\terraform\question_0212.tf'...
[*] Evaluando regla 'admin_by_default' en archivo 'C:\Users\erick\OneDrive\Escritorio\New folder\secllm_terraform_integration\research_iac\integration\outputs_v2\llama3_1_8b\P0\terraform\question_0212.tf'...
[*] Evaluando regla 'unrestricted_ip_address' en archivo 'C:\Users\erick\OneDrive\Escritorio\New folder\secllm_terraform_integration\research_iac\integration\outputs_v2\llama3_1_8b\P0\terraform\question_0212.tf'...
[*] Evaluando regla 'use_of_http_without_tls' en archivo 'C:\Users\erick\OneDrive\Escritorio\New folder\secllm_terraform_integration\research_iac\integration\outputs_v2\llama3_1_8b\P0\terraform\question_0212.tf'...
[*] Evaluando regla 'no_integrity_check' en archivo 'C:\Users\erick\OneDrive\Escritorio\New folder\secllm_terraform_integration\research_iac\integration\outputs_v2\llama3_1_8b\P0\terraform\question_0212.tf'...
[*] Evaluando regla 'use_of_weak_cryptography' en archivo 'C:\Users\erick\OneDrive\Escritorio\New folder\secllm_terraform_integration\research_iac\integration\outputs_v2\llama3_1_8b\P0\terraform\question_0212.tf'...
[*] Evaluando regla 'suspicious_comment' en archivo 'C:\Users\erick\OneDrive\Escritorio\New folder\secllm_terraform_integration\research_iac\integration\outputs_v2\llama3_1_8b\P0\terraform\question_0212.tf'...
[Cache] Cache saved to cache.pkl (1232 entries)
[Cache] Cache saved to cache.pkl (1232 entries)
[2026-07-12 18:43:29]   auditando question_0215.tf (con qwen25-coder-audit)...
Configuration loaded from cache_config.yaml
[Cache] Cache loaded from cache.pkl with 1232 entries (saved at 2026-07-12 18:43:28)
[Cache] Cache initialized with TTL=-1s, max_entries=-1
[*] Evaluando regla 'hard_coded_secret' en archivo 'C:\Users\erick\OneDrive\Escritorio\New folder\secllm_terraform_integration\research_iac\integration\outputs_v2\llama3_1_8b\P0\terraform\question_0215.tf'...
[*] Evaluando regla 'empty_password' en archivo 'C:\Users\erick\OneDrive\Escritorio\New folder\secllm_terraform_integration\research_iac\integration\outputs_v2\llama3_1_8b\P0\terraform\question_0215.tf'...
[*] Evaluando regla 'admin_by_default' en archivo 'C:\Users\erick\OneDrive\Escritorio\New folder\secllm_terraform_integration\research_iac\integration\outputs_v2\llama3_1_8b\P0\terraform\question_0215.tf'...
[*] Evaluando regla 'unrestricted_ip_address' en archivo 'C:\Users\erick\OneDrive\Escritorio\New folder\secllm_terraform_integration\research_iac\integration\outputs_v2\llama3_1_8b\P0\terraform\question_0215.tf'...
[*] Evaluando regla 'use_of_http_without_tls' en archivo 'C:\Users\erick\OneDrive\Escritorio\New folder\secllm_terraform_integration\research_iac\integration\outputs_v2\llama3_1_8b\P0\terraform\question_0215.tf'...
[*] Evaluando regla 'no_integrity_check' en archivo 'C:\Users\erick\OneDrive\Escritorio\New folder\secllm_terraform_integration\research_iac\integration\outputs_v2\llama3_1_8b\P0\terraform\question_0215.tf'...
[*] Evaluando regla 'use_of_weak_cryptography' en archivo 'C:\Users\erick\OneDrive\Escritorio\New folder\secllm_terraform_integration\research_iac\integration\outputs_v2\llama3_1_8b\P0\terraform\question_0215.tf'...
[*] Evaluando regla 'suspicious_comment' en archivo 'C:\Users\erick\OneDrive\Escritorio\New folder\secllm_terraform_integration\research_iac\integration\outputs_v2\llama3_1_8b\P0\terraform\question_0215.tf'...
[Cache] Cache saved to cache.pkl (1240 entries)
[Cache] Cache saved to cache.pkl (1240 entries)
[2026-07-12 18:43:55]   auditando question_0231.tf (con qwen25-coder-audit)...
Configuration loaded from cache_config.yaml
[Cache] Cache loaded from cache.pkl with 1240 entries (saved at 2026-07-12 18:43:54)
[Cache] Cache initialized with TTL=-1s, max_entries=-1
[*] Evaluando regla 'hard_coded_secret' en archivo 'C:\Users\erick\OneDrive\Escritorio\New folder\secllm_terraform_integration\research_iac\integration\outputs_v2\llama3_1_8b\P0\terraform\question_0231.tf'...
[*] Evaluando regla 'empty_password' en archivo 'C:\Users\erick\OneDrive\Escritorio\New folder\secllm_terraform_integration\research_iac\integration\outputs_v2\llama3_1_8b\P0\terraform\question_0231.tf'...
[*] Evaluando regla 'admin_by_default' en archivo 'C:\Users\erick\OneDrive\Escritorio\New folder\secllm_terraform_integration\research_iac\integration\outputs_v2\llama3_1_8b\P0\terraform\question_0231.tf'...
[*] Evaluando regla 'unrestricted_ip_address' en archivo 'C:\Users\erick\OneDrive\Escritorio\New folder\secllm_terraform_integration\research_iac\integration\outputs_v2\llama3_1_8b\P0\terraform\question_0231.tf'...
[*] Evaluando regla 'use_of_http_without_tls' en archivo 'C:\Users\erick\OneDrive\Escritorio\New folder\secllm_terraform_integration\research_iac\integration\outputs_v2\llama3_1_8b\P0\terraform\question_0231.tf'...
[*] Evaluando regla 'no_integrity_check' en archivo 'C:\Users\erick\OneDrive\Escritorio\New folder\secllm_terraform_integration\research_iac\integration\outputs_v2\llama3_1_8b\P0\terraform\question_0231.tf'...
[*] Evaluando regla 'use_of_weak_cryptography' en archivo 'C:\Users\erick\OneDrive\Escritorio\New folder\secllm_terraform_integration\research_iac\integration\outputs_v2\llama3_1_8b\P0\terraform\question_0231.tf'...
[*] Evaluando regla 'suspicious_comment' en archivo 'C:\Users\erick\OneDrive\Escritorio\New folder\secllm_terraform_integration\research_iac\integration\outputs_v2\llama3_1_8b\P0\terraform\question_0231.tf'...
[Cache] Cache saved to cache.pkl (1248 entries)
[Cache] Cache saved to cache.pkl (1248 entries)
[2026-07-12 18:44:35]   auditando question_0234.tf (con qwen25-coder-audit)...
Configuration loaded from cache_config.yaml
[Cache] Cache loaded from cache.pkl with 1248 entries (saved at 2026-07-12 18:44:34)
[Cache] Cache initialized with TTL=-1s, max_entries=-1
[*] Evaluando regla 'hard_coded_secret' en archivo 'C:\Users\erick\OneDrive\Escritorio\New folder\secllm_terraform_integration\research_iac\integration\outputs_v2\llama3_1_8b\P0\terraform\question_0234.tf'...
[*] Evaluando regla 'empty_password' en archivo 'C:\Users\erick\OneDrive\Escritorio\New folder\secllm_terraform_integration\research_iac\integration\outputs_v2\llama3_1_8b\P0\terraform\question_0234.tf'...
[*] Evaluando regla 'admin_by_default' en archivo 'C:\Users\erick\OneDrive\Escritorio\New folder\secllm_terraform_integration\research_iac\integration\outputs_v2\llama3_1_8b\P0\terraform\question_0234.tf'...
[*] Evaluando regla 'unrestricted_ip_address' en archivo 'C:\Users\erick\OneDrive\Escritorio\New folder\secllm_terraform_integration\research_iac\integration\outputs_v2\llama3_1_8b\P0\terraform\question_0234.tf'...
[*] Evaluando regla 'use_of_http_without_tls' en archivo 'C:\Users\erick\OneDrive\Escritorio\New folder\secllm_terraform_integration\research_iac\integration\outputs_v2\llama3_1_8b\P0\terraform\question_0234.tf'...
[*] Evaluando regla 'no_integrity_check' en archivo 'C:\Users\erick\OneDrive\Escritorio\New folder\secllm_terraform_integration\research_iac\integration\outputs_v2\llama3_1_8b\P0\terraform\question_0234.tf'...
[*] Evaluando regla 'use_of_weak_cryptography' en archivo 'C:\Users\erick\OneDrive\Escritorio\New folder\secllm_terraform_integration\research_iac\integration\outputs_v2\llama3_1_8b\P0\terraform\question_0234.tf'...
[*] Evaluando regla 'suspicious_comment' en archivo 'C:\Users\erick\OneDrive\Escritorio\New folder\secllm_terraform_integration\research_iac\integration\outputs_v2\llama3_1_8b\P0\terraform\question_0234.tf'...
[Cache] Cache saved to cache.pkl (1256 entries)
[Cache] Cache saved to cache.pkl (1256 entries)
[2026-07-12 18:44:57]   auditando question_0249.tf (con qwen25-coder-audit)...
Configuration loaded from cache_config.yaml
[Cache] Cache loaded from cache.pkl with 1256 entries (saved at 2026-07-12 18:44:57)
[Cache] Cache initialized with TTL=-1s, max_entries=-1
[*] Evaluando regla 'hard_coded_secret' en archivo 'C:\Users\erick\OneDrive\Escritorio\New folder\secllm_terraform_integration\research_iac\integration\outputs_v2\llama3_1_8b\P0\terraform\question_0249.tf'...
[*] Evaluando regla 'empty_password' en archivo 'C:\Users\erick\OneDrive\Escritorio\New folder\secllm_terraform_integration\research_iac\integration\outputs_v2\llama3_1_8b\P0\terraform\question_0249.tf'...
[*] Evaluando regla 'admin_by_default' en archivo 'C:\Users\erick\OneDrive\Escritorio\New folder\secllm_terraform_integration\research_iac\integration\outputs_v2\llama3_1_8b\P0\terraform\question_0249.tf'...
[*] Evaluando regla 'unrestricted_ip_address' en archivo 'C:\Users\erick\OneDrive\Escritorio\New folder\secllm_terraform_integration\research_iac\integration\outputs_v2\llama3_1_8b\P0\terraform\question_0249.tf'...
[*] Evaluando regla 'use_of_http_without_tls' en archivo 'C:\Users\erick\OneDrive\Escritorio\New folder\secllm_terraform_integration\research_iac\integration\outputs_v2\llama3_1_8b\P0\terraform\question_0249.tf'...
[*] Evaluando regla 'no_integrity_check' en archivo 'C:\Users\erick\OneDrive\Escritorio\New folder\secllm_terraform_integration\research_iac\integration\outputs_v2\llama3_1_8b\P0\terraform\question_0249.tf'...
[*] Evaluando regla 'use_of_weak_cryptography' en archivo 'C:\Users\erick\OneDrive\Escritorio\New folder\secllm_terraform_integration\research_iac\integration\outputs_v2\llama3_1_8b\P0\terraform\question_0249.tf'...
[*] Evaluando regla 'suspicious_comment' en archivo 'C:\Users\erick\OneDrive\Escritorio\New folder\secllm_terraform_integration\research_iac\integration\outputs_v2\llama3_1_8b\P0\terraform\question_0249.tf'...
[Cache] Cache saved to cache.pkl (1264 entries)
[Cache] Cache saved to cache.pkl (1264 entries)
[2026-07-12 18:45:35]   auditando question_0255.tf (con qwen25-coder-audit)...
Configuration loaded from cache_config.yaml
[Cache] Cache loaded from cache.pkl with 1264 entries (saved at 2026-07-12 18:45:34)
[Cache] Cache initialized with TTL=-1s, max_entries=-1
[*] Evaluando regla 'hard_coded_secret' en archivo 'C:\Users\erick\OneDrive\Escritorio\New folder\secllm_terraform_integration\research_iac\integration\outputs_v2\llama3_1_8b\P0\terraform\question_0255.tf'...
[*] Evaluando regla 'empty_password' en archivo 'C:\Users\erick\OneDrive\Escritorio\New folder\secllm_terraform_integration\research_iac\integration\outputs_v2\llama3_1_8b\P0\terraform\question_0255.tf'...
[*] Evaluando regla 'admin_by_default' en archivo 'C:\Users\erick\OneDrive\Escritorio\New folder\secllm_terraform_integration\research_iac\integration\outputs_v2\llama3_1_8b\P0\terraform\question_0255.tf'...
[*] Evaluando regla 'unrestricted_ip_address' en archivo 'C:\Users\erick\OneDrive\Escritorio\New folder\secllm_terraform_integration\research_iac\integration\outputs_v2\llama3_1_8b\P0\terraform\question_0255.tf'...
[*] Evaluando regla 'use_of_http_without_tls' en archivo 'C:\Users\erick\OneDrive\Escritorio\New folder\secllm_terraform_integration\research_iac\integration\outputs_v2\llama3_1_8b\P0\terraform\question_0255.tf'...
[*] Evaluando regla 'no_integrity_check' en archivo 'C:\Users\erick\OneDrive\Escritorio\New folder\secllm_terraform_integration\research_iac\integration\outputs_v2\llama3_1_8b\P0\terraform\question_0255.tf'...
[*] Evaluando regla 'use_of_weak_cryptography' en archivo 'C:\Users\erick\OneDrive\Escritorio\New folder\secllm_terraform_integration\research_iac\integration\outputs_v2\llama3_1_8b\P0\terraform\question_0255.tf'...
[*] Evaluando regla 'suspicious_comment' en archivo 'C:\Users\erick\OneDrive\Escritorio\New folder\secllm_terraform_integration\research_iac\integration\outputs_v2\llama3_1_8b\P0\terraform\question_0255.tf'...
[Cache] Cache saved to cache.pkl (1272 entries)
[Cache] Cache saved to cache.pkl (1272 entries)
[2026-07-12 18:45:54]   auditando question_0261.tf (con qwen25-coder-audit)...
Configuration loaded from cache_config.yaml
[Cache] Cache loaded from cache.pkl with 1272 entries (saved at 2026-07-12 18:45:54)
[Cache] Cache initialized with TTL=-1s, max_entries=-1
[*] Evaluando regla 'hard_coded_secret' en archivo 'C:\Users\erick\OneDrive\Escritorio\New folder\secllm_terraform_integration\research_iac\integration\outputs_v2\llama3_1_8b\P0\terraform\question_0261.tf'...
[*] Evaluando regla 'empty_password' en archivo 'C:\Users\erick\OneDrive\Escritorio\New folder\secllm_terraform_integration\research_iac\integration\outputs_v2\llama3_1_8b\P0\terraform\question_0261.tf'...
[*] Evaluando regla 'admin_by_default' en archivo 'C:\Users\erick\OneDrive\Escritorio\New folder\secllm_terraform_integration\research_iac\integration\outputs_v2\llama3_1_8b\P0\terraform\question_0261.tf'...
[*] Evaluando regla 'unrestricted_ip_address' en archivo 'C:\Users\erick\OneDrive\Escritorio\New folder\secllm_terraform_integration\research_iac\integration\outputs_v2\llama3_1_8b\P0\terraform\question_0261.tf'...
[*] Evaluando regla 'use_of_http_without_tls' en archivo 'C:\Users\erick\OneDrive\Escritorio\New folder\secllm_terraform_integration\research_iac\integration\outputs_v2\llama3_1_8b\P0\terraform\question_0261.tf'...
[*] Evaluando regla 'no_integrity_check' en archivo 'C:\Users\erick\OneDrive\Escritorio\New folder\secllm_terraform_integration\research_iac\integration\outputs_v2\llama3_1_8b\P0\terraform\question_0261.tf'...
[*] Evaluando regla 'use_of_weak_cryptography' en archivo 'C:\Users\erick\OneDrive\Escritorio\New folder\secllm_terraform_integration\research_iac\integration\outputs_v2\llama3_1_8b\P0\terraform\question_0261.tf'...
[*] Evaluando regla 'suspicious_comment' en archivo 'C:\Users\erick\OneDrive\Escritorio\New folder\secllm_terraform_integration\research_iac\integration\outputs_v2\llama3_1_8b\P0\terraform\question_0261.tf'...
[Cache] Cache saved to cache.pkl (1280 entries)
[Cache] Cache saved to cache.pkl (1280 entries)
[2026-07-12 18:46:16]   auditando question_0262.tf (con qwen25-coder-audit)...
Configuration loaded from cache_config.yaml
[Cache] Cache loaded from cache.pkl with 1280 entries (saved at 2026-07-12 18:46:16)
[Cache] Cache initialized with TTL=-1s, max_entries=-1
[*] Evaluando regla 'hard_coded_secret' en archivo 'C:\Users\erick\OneDrive\Escritorio\New folder\secllm_terraform_integration\research_iac\integration\outputs_v2\llama3_1_8b\P0\terraform\question_0262.tf'...
[*] Evaluando regla 'empty_password' en archivo 'C:\Users\erick\OneDrive\Escritorio\New folder\secllm_terraform_integration\research_iac\integration\outputs_v2\llama3_1_8b\P0\terraform\question_0262.tf'...
[*] Evaluando regla 'admin_by_default' en archivo 'C:\Users\erick\OneDrive\Escritorio\New folder\secllm_terraform_integration\research_iac\integration\outputs_v2\llama3_1_8b\P0\terraform\question_0262.tf'...
[*] Evaluando regla 'unrestricted_ip_address' en archivo 'C:\Users\erick\OneDrive\Escritorio\New folder\secllm_terraform_integration\research_iac\integration\outputs_v2\llama3_1_8b\P0\terraform\question_0262.tf'...
[*] Evaluando regla 'use_of_http_without_tls' en archivo 'C:\Users\erick\OneDrive\Escritorio\New folder\secllm_terraform_integration\research_iac\integration\outputs_v2\llama3_1_8b\P0\terraform\question_0262.tf'...
[*] Evaluando regla 'no_integrity_check' en archivo 'C:\Users\erick\OneDrive\Escritorio\New folder\secllm_terraform_integration\research_iac\integration\outputs_v2\llama3_1_8b\P0\terraform\question_0262.tf'...
[*] Evaluando regla 'use_of_weak_cryptography' en archivo 'C:\Users\erick\OneDrive\Escritorio\New folder\secllm_terraform_integration\research_iac\integration\outputs_v2\llama3_1_8b\P0\terraform\question_0262.tf'...
[*] Evaluando regla 'suspicious_comment' en archivo 'C:\Users\erick\OneDrive\Escritorio\New folder\secllm_terraform_integration\research_iac\integration\outputs_v2\llama3_1_8b\P0\terraform\question_0262.tf'...
[Cache] Cache saved to cache.pkl (1288 entries)
[Cache] Cache saved to cache.pkl (1288 entries)
[2026-07-12 18:46:46]   auditando question_0285.tf (con qwen25-coder-audit)...
Configuration loaded from cache_config.yaml
[Cache] Cache loaded from cache.pkl with 1288 entries (saved at 2026-07-12 18:46:45)
[Cache] Cache initialized with TTL=-1s, max_entries=-1
[*] Evaluando regla 'hard_coded_secret' en archivo 'C:\Users\erick\OneDrive\Escritorio\New folder\secllm_terraform_integration\research_iac\integration\outputs_v2\llama3_1_8b\P0\terraform\question_0285.tf'...
[*] Evaluando regla 'empty_password' en archivo 'C:\Users\erick\OneDrive\Escritorio\New folder\secllm_terraform_integration\research_iac\integration\outputs_v2\llama3_1_8b\P0\terraform\question_0285.tf'...
[*] Evaluando regla 'admin_by_default' en archivo 'C:\Users\erick\OneDrive\Escritorio\New folder\secllm_terraform_integration\research_iac\integration\outputs_v2\llama3_1_8b\P0\terraform\question_0285.tf'...
[*] Evaluando regla 'unrestricted_ip_address' en archivo 'C:\Users\erick\OneDrive\Escritorio\New folder\secllm_terraform_integration\research_iac\integration\outputs_v2\llama3_1_8b\P0\terraform\question_0285.tf'...
[*] Evaluando regla 'use_of_http_without_tls' en archivo 'C:\Users\erick\OneDrive\Escritorio\New folder\secllm_terraform_integration\research_iac\integration\outputs_v2\llama3_1_8b\P0\terraform\question_0285.tf'...
[*] Evaluando regla 'no_integrity_check' en archivo 'C:\Users\erick\OneDrive\Escritorio\New folder\secllm_terraform_integration\research_iac\integration\outputs_v2\llama3_1_8b\P0\terraform\question_0285.tf'...
[*] Evaluando regla 'use_of_weak_cryptography' en archivo 'C:\Users\erick\OneDrive\Escritorio\New folder\secllm_terraform_integration\research_iac\integration\outputs_v2\llama3_1_8b\P0\terraform\question_0285.tf'...
[*] Evaluando regla 'suspicious_comment' en archivo 'C:\Users\erick\OneDrive\Escritorio\New folder\secllm_terraform_integration\research_iac\integration\outputs_v2\llama3_1_8b\P0\terraform\question_0285.tf'...
[Cache] Cache saved to cache.pkl (1296 entries)
[Cache] Cache saved to cache.pkl (1296 entries)
[2026-07-12 18:47:09]   auditando question_0289.tf (con qwen25-coder-audit)...
Configuration loaded from cache_config.yaml
[Cache] Cache loaded from cache.pkl with 1296 entries (saved at 2026-07-12 18:47:08)
[Cache] Cache initialized with TTL=-1s, max_entries=-1
[*] Evaluando regla 'hard_coded_secret' en archivo 'C:\Users\erick\OneDrive\Escritorio\New folder\secllm_terraform_integration\research_iac\integration\outputs_v2\llama3_1_8b\P0\terraform\question_0289.tf'...
[*] Evaluando regla 'empty_password' en archivo 'C:\Users\erick\OneDrive\Escritorio\New folder\secllm_terraform_integration\research_iac\integration\outputs_v2\llama3_1_8b\P0\terraform\question_0289.tf'...
[*] Evaluando regla 'admin_by_default' en archivo 'C:\Users\erick\OneDrive\Escritorio\New folder\secllm_terraform_integration\research_iac\integration\outputs_v2\llama3_1_8b\P0\terraform\question_0289.tf'...
[*] Evaluando regla 'unrestricted_ip_address' en archivo 'C:\Users\erick\OneDrive\Escritorio\New folder\secllm_terraform_integration\research_iac\integration\outputs_v2\llama3_1_8b\P0\terraform\question_0289.tf'...
[*] Evaluando regla 'use_of_http_without_tls' en archivo 'C:\Users\erick\OneDrive\Escritorio\New folder\secllm_terraform_integration\research_iac\integration\outputs_v2\llama3_1_8b\P0\terraform\question_0289.tf'...
[*] Evaluando regla 'no_integrity_check' en archivo 'C:\Users\erick\OneDrive\Escritorio\New folder\secllm_terraform_integration\research_iac\integration\outputs_v2\llama3_1_8b\P0\terraform\question_0289.tf'...
[*] Evaluando regla 'use_of_weak_cryptography' en archivo 'C:\Users\erick\OneDrive\Escritorio\New folder\secllm_terraform_integration\research_iac\integration\outputs_v2\llama3_1_8b\P0\terraform\question_0289.tf'...
[*] Evaluando regla 'suspicious_comment' en archivo 'C:\Users\erick\OneDrive\Escritorio\New folder\secllm_terraform_integration\research_iac\integration\outputs_v2\llama3_1_8b\P0\terraform\question_0289.tf'...
[Cache] Cache saved to cache.pkl (1304 entries)
[Cache] Cache saved to cache.pkl (1304 entries)
[2026-07-12 18:47:47]   auditando question_0290.tf (con qwen25-coder-audit)...
Configuration loaded from cache_config.yaml
[Cache] Cache loaded from cache.pkl with 1304 entries (saved at 2026-07-12 18:47:47)
[Cache] Cache initialized with TTL=-1s, max_entries=-1
[*] Evaluando regla 'hard_coded_secret' en archivo 'C:\Users\erick\OneDrive\Escritorio\New folder\secllm_terraform_integration\research_iac\integration\outputs_v2\llama3_1_8b\P0\terraform\question_0290.tf'...
[*] Evaluando regla 'empty_password' en archivo 'C:\Users\erick\OneDrive\Escritorio\New folder\secllm_terraform_integration\research_iac\integration\outputs_v2\llama3_1_8b\P0\terraform\question_0290.tf'...
[*] Evaluando regla 'admin_by_default' en archivo 'C:\Users\erick\OneDrive\Escritorio\New folder\secllm_terraform_integration\research_iac\integration\outputs_v2\llama3_1_8b\P0\terraform\question_0290.tf'...
[*] Evaluando regla 'unrestricted_ip_address' en archivo 'C:\Users\erick\OneDrive\Escritorio\New folder\secllm_terraform_integration\research_iac\integration\outputs_v2\llama3_1_8b\P0\terraform\question_0290.tf'...
[*] Evaluando regla 'use_of_http_without_tls' en archivo 'C:\Users\erick\OneDrive\Escritorio\New folder\secllm_terraform_integration\research_iac\integration\outputs_v2\llama3_1_8b\P0\terraform\question_0290.tf'...
[*] Evaluando regla 'no_integrity_check' en archivo 'C:\Users\erick\OneDrive\Escritorio\New folder\secllm_terraform_integration\research_iac\integration\outputs_v2\llama3_1_8b\P0\terraform\question_0290.tf'...
[*] Evaluando regla 'use_of_weak_cryptography' en archivo 'C:\Users\erick\OneDrive\Escritorio\New folder\secllm_terraform_integration\research_iac\integration\outputs_v2\llama3_1_8b\P0\terraform\question_0290.tf'...
[*] Evaluando regla 'suspicious_comment' en archivo 'C:\Users\erick\OneDrive\Escritorio\New folder\secllm_terraform_integration\research_iac\integration\outputs_v2\llama3_1_8b\P0\terraform\question_0290.tf'...
[Cache] Cache saved to cache.pkl (1312 entries)
[Cache] Cache saved to cache.pkl (1312 entries)
[2026-07-12 18:48:23]   auditando question_0336.tf (con qwen25-coder-audit)...
Configuration loaded from cache_config.yaml
[Cache] Cache loaded from cache.pkl with 1312 entries (saved at 2026-07-12 18:48:22)
[Cache] Cache initialized with TTL=-1s, max_entries=-1
[*] Evaluando regla 'hard_coded_secret' en archivo 'C:\Users\erick\OneDrive\Escritorio\New folder\secllm_terraform_integration\research_iac\integration\outputs_v2\llama3_1_8b\P0\terraform\question_0336.tf'...
[*] Evaluando regla 'empty_password' en archivo 'C:\Users\erick\OneDrive\Escritorio\New folder\secllm_terraform_integration\research_iac\integration\outputs_v2\llama3_1_8b\P0\terraform\question_0336.tf'...
[*] Evaluando regla 'admin_by_default' en archivo 'C:\Users\erick\OneDrive\Escritorio\New folder\secllm_terraform_integration\research_iac\integration\outputs_v2\llama3_1_8b\P0\terraform\question_0336.tf'...
[*] Evaluando regla 'unrestricted_ip_address' en archivo 'C:\Users\erick\OneDrive\Escritorio\New folder\secllm_terraform_integration\research_iac\integration\outputs_v2\llama3_1_8b\P0\terraform\question_0336.tf'...
[*] Evaluando regla 'use_of_http_without_tls' en archivo 'C:\Users\erick\OneDrive\Escritorio\New folder\secllm_terraform_integration\research_iac\integration\outputs_v2\llama3_1_8b\P0\terraform\question_0336.tf'...
[*] Evaluando regla 'no_integrity_check' en archivo 'C:\Users\erick\OneDrive\Escritorio\New folder\secllm_terraform_integration\research_iac\integration\outputs_v2\llama3_1_8b\P0\terraform\question_0336.tf'...
[*] Evaluando regla 'use_of_weak_cryptography' en archivo 'C:\Users\erick\OneDrive\Escritorio\New folder\secllm_terraform_integration\research_iac\integration\outputs_v2\llama3_1_8b\P0\terraform\question_0336.tf'...
[*] Evaluando regla 'suspicious_comment' en archivo 'C:\Users\erick\OneDrive\Escritorio\New folder\secllm_terraform_integration\research_iac\integration\outputs_v2\llama3_1_8b\P0\terraform\question_0336.tf'...
[Cache] Cache saved to cache.pkl (1320 entries)
[Cache] Cache saved to cache.pkl (1320 entries)
[2026-07-12 18:49:02]   auditando question_0342.tf (con qwen25-coder-audit)...
Configuration loaded from cache_config.yaml
[Cache] Cache loaded from cache.pkl with 1320 entries (saved at 2026-07-12 18:49:01)
[Cache] Cache initialized with TTL=-1s, max_entries=-1
[*] Evaluando regla 'hard_coded_secret' en archivo 'C:\Users\erick\OneDrive\Escritorio\New folder\secllm_terraform_integration\research_iac\integration\outputs_v2\llama3_1_8b\P0\terraform\question_0342.tf'...
[*] Evaluando regla 'empty_password' en archivo 'C:\Users\erick\OneDrive\Escritorio\New folder\secllm_terraform_integration\research_iac\integration\outputs_v2\llama3_1_8b\P0\terraform\question_0342.tf'...
[*] Evaluando regla 'admin_by_default' en archivo 'C:\Users\erick\OneDrive\Escritorio\New folder\secllm_terraform_integration\research_iac\integration\outputs_v2\llama3_1_8b\P0\terraform\question_0342.tf'...
[*] Evaluando regla 'unrestricted_ip_address' en archivo 'C:\Users\erick\OneDrive\Escritorio\New folder\secllm_terraform_integration\research_iac\integration\outputs_v2\llama3_1_8b\P0\terraform\question_0342.tf'...
[*] Evaluando regla 'use_of_http_without_tls' en archivo 'C:\Users\erick\OneDrive\Escritorio\New folder\secllm_terraform_integration\research_iac\integration\outputs_v2\llama3_1_8b\P0\terraform\question_0342.tf'...
[*] Evaluando regla 'no_integrity_check' en archivo 'C:\Users\erick\OneDrive\Escritorio\New folder\secllm_terraform_integration\research_iac\integration\outputs_v2\llama3_1_8b\P0\terraform\question_0342.tf'...
[*] Evaluando regla 'use_of_weak_cryptography' en archivo 'C:\Users\erick\OneDrive\Escritorio\New folder\secllm_terraform_integration\research_iac\integration\outputs_v2\llama3_1_8b\P0\terraform\question_0342.tf'...
[*] Evaluando regla 'suspicious_comment' en archivo 'C:\Users\erick\OneDrive\Escritorio\New folder\secllm_terraform_integration\research_iac\integration\outputs_v2\llama3_1_8b\P0\terraform\question_0342.tf'...
[Cache] Cache saved to cache.pkl (1328 entries)
[Cache] Cache saved to cache.pkl (1328 entries)
[2026-07-12 18:49:40]   auditando question_0353.tf (con qwen25-coder-audit)...
Configuration loaded from cache_config.yaml
[Cache] Cache loaded from cache.pkl with 1328 entries (saved at 2026-07-12 18:49:40)
[Cache] Cache initialized with TTL=-1s, max_entries=-1
[*] Evaluando regla 'hard_coded_secret' en archivo 'C:\Users\erick\OneDrive\Escritorio\New folder\secllm_terraform_integration\research_iac\integration\outputs_v2\llama3_1_8b\P0\terraform\question_0353.tf'...
[*] Evaluando regla 'empty_password' en archivo 'C:\Users\erick\OneDrive\Escritorio\New folder\secllm_terraform_integration\research_iac\integration\outputs_v2\llama3_1_8b\P0\terraform\question_0353.tf'...
[*] Evaluando regla 'admin_by_default' en archivo 'C:\Users\erick\OneDrive\Escritorio\New folder\secllm_terraform_integration\research_iac\integration\outputs_v2\llama3_1_8b\P0\terraform\question_0353.tf'...
[*] Evaluando regla 'unrestricted_ip_address' en archivo 'C:\Users\erick\OneDrive\Escritorio\New folder\secllm_terraform_integration\research_iac\integration\outputs_v2\llama3_1_8b\P0\terraform\question_0353.tf'...
[*] Evaluando regla 'use_of_http_without_tls' en archivo 'C:\Users\erick\OneDrive\Escritorio\New folder\secllm_terraform_integration\research_iac\integration\outputs_v2\llama3_1_8b\P0\terraform\question_0353.tf'...
[*] Evaluando regla 'no_integrity_check' en archivo 'C:\Users\erick\OneDrive\Escritorio\New folder\secllm_terraform_integration\research_iac\integration\outputs_v2\llama3_1_8b\P0\terraform\question_0353.tf'...
[*] Evaluando regla 'use_of_weak_cryptography' en archivo 'C:\Users\erick\OneDrive\Escritorio\New folder\secllm_terraform_integration\research_iac\integration\outputs_v2\llama3_1_8b\P0\terraform\question_0353.tf'...
[*] Evaluando regla 'suspicious_comment' en archivo 'C:\Users\erick\OneDrive\Escritorio\New folder\secllm_terraform_integration\research_iac\integration\outputs_v2\llama3_1_8b\P0\terraform\question_0353.tf'...
[Cache] Cache saved to cache.pkl (1336 entries)
[Cache] Cache saved to cache.pkl (1336 entries)
[2026-07-12 18:50:02]   auditando question_0361.tf (con qwen25-coder-audit)...
Configuration loaded from cache_config.yaml
[Cache] Cache loaded from cache.pkl with 1336 entries (saved at 2026-07-12 18:50:02)
[Cache] Cache initialized with TTL=-1s, max_entries=-1
[*] Evaluando regla 'hard_coded_secret' en archivo 'C:\Users\erick\OneDrive\Escritorio\New folder\secllm_terraform_integration\research_iac\integration\outputs_v2\llama3_1_8b\P0\terraform\question_0361.tf'...
[*] Evaluando regla 'empty_password' en archivo 'C:\Users\erick\OneDrive\Escritorio\New folder\secllm_terraform_integration\research_iac\integration\outputs_v2\llama3_1_8b\P0\terraform\question_0361.tf'...
[*] Evaluando regla 'admin_by_default' en archivo 'C:\Users\erick\OneDrive\Escritorio\New folder\secllm_terraform_integration\research_iac\integration\outputs_v2\llama3_1_8b\P0\terraform\question_0361.tf'...
[*] Evaluando regla 'unrestricted_ip_address' en archivo 'C:\Users\erick\OneDrive\Escritorio\New folder\secllm_terraform_integration\research_iac\integration\outputs_v2\llama3_1_8b\P0\terraform\question_0361.tf'...
[*] Evaluando regla 'use_of_http_without_tls' en archivo 'C:\Users\erick\OneDrive\Escritorio\New folder\secllm_terraform_integration\research_iac\integration\outputs_v2\llama3_1_8b\P0\terraform\question_0361.tf'...
[*] Evaluando regla 'no_integrity_check' en archivo 'C:\Users\erick\OneDrive\Escritorio\New folder\secllm_terraform_integration\research_iac\integration\outputs_v2\llama3_1_8b\P0\terraform\question_0361.tf'...
[*] Evaluando regla 'use_of_weak_cryptography' en archivo 'C:\Users\erick\OneDrive\Escritorio\New folder\secllm_terraform_integration\research_iac\integration\outputs_v2\llama3_1_8b\P0\terraform\question_0361.tf'...
[*] Evaluando regla 'suspicious_comment' en archivo 'C:\Users\erick\OneDrive\Escritorio\New folder\secllm_terraform_integration\research_iac\integration\outputs_v2\llama3_1_8b\P0\terraform\question_0361.tf'...
[Cache] Cache saved to cache.pkl (1344 entries)
[Cache] Cache saved to cache.pkl (1344 entries)
[2026-07-12 18:50:24]   auditando question_0362.tf (con qwen25-coder-audit)...
Configuration loaded from cache_config.yaml
[Cache] Cache loaded from cache.pkl with 1344 entries (saved at 2026-07-12 18:50:24)
[Cache] Cache initialized with TTL=-1s, max_entries=-1
[*] Evaluando regla 'hard_coded_secret' en archivo 'C:\Users\erick\OneDrive\Escritorio\New folder\secllm_terraform_integration\research_iac\integration\outputs_v2\llama3_1_8b\P0\terraform\question_0362.tf'...
[*] Evaluando regla 'empty_password' en archivo 'C:\Users\erick\OneDrive\Escritorio\New folder\secllm_terraform_integration\research_iac\integration\outputs_v2\llama3_1_8b\P0\terraform\question_0362.tf'...
[*] Evaluando regla 'admin_by_default' en archivo 'C:\Users\erick\OneDrive\Escritorio\New folder\secllm_terraform_integration\research_iac\integration\outputs_v2\llama3_1_8b\P0\terraform\question_0362.tf'...
[*] Evaluando regla 'unrestricted_ip_address' en archivo 'C:\Users\erick\OneDrive\Escritorio\New folder\secllm_terraform_integration\research_iac\integration\outputs_v2\llama3_1_8b\P0\terraform\question_0362.tf'...
[*] Evaluando regla 'use_of_http_without_tls' en archivo 'C:\Users\erick\OneDrive\Escritorio\New folder\secllm_terraform_integration\research_iac\integration\outputs_v2\llama3_1_8b\P0\terraform\question_0362.tf'...
[*] Evaluando regla 'no_integrity_check' en archivo 'C:\Users\erick\OneDrive\Escritorio\New folder\secllm_terraform_integration\research_iac\integration\outputs_v2\llama3_1_8b\P0\terraform\question_0362.tf'...
[*] Evaluando regla 'use_of_weak_cryptography' en archivo 'C:\Users\erick\OneDrive\Escritorio\New folder\secllm_terraform_integration\research_iac\integration\outputs_v2\llama3_1_8b\P0\terraform\question_0362.tf'...
[*] Evaluando regla 'suspicious_comment' en archivo 'C:\Users\erick\OneDrive\Escritorio\New folder\secllm_terraform_integration\research_iac\integration\outputs_v2\llama3_1_8b\P0\terraform\question_0362.tf'...
[Cache] Cache saved to cache.pkl (1352 entries)
[Cache] Cache saved to cache.pkl (1352 entries)
[2026-07-12 18:51:04]   auditando question_0375.tf (con qwen25-coder-audit)...
Configuration loaded from cache_config.yaml
[Cache] Cache loaded from cache.pkl with 1352 entries (saved at 2026-07-12 18:51:04)
[Cache] Cache initialized with TTL=-1s, max_entries=-1
[*] Evaluando regla 'hard_coded_secret' en archivo 'C:\Users\erick\OneDrive\Escritorio\New folder\secllm_terraform_integration\research_iac\integration\outputs_v2\llama3_1_8b\P0\terraform\question_0375.tf'...
[*] Evaluando regla 'empty_password' en archivo 'C:\Users\erick\OneDrive\Escritorio\New folder\secllm_terraform_integration\research_iac\integration\outputs_v2\llama3_1_8b\P0\terraform\question_0375.tf'...
[*] Evaluando regla 'admin_by_default' en archivo 'C:\Users\erick\OneDrive\Escritorio\New folder\secllm_terraform_integration\research_iac\integration\outputs_v2\llama3_1_8b\P0\terraform\question_0375.tf'...
[*] Evaluando regla 'unrestricted_ip_address' en archivo 'C:\Users\erick\OneDrive\Escritorio\New folder\secllm_terraform_integration\research_iac\integration\outputs_v2\llama3_1_8b\P0\terraform\question_0375.tf'...
[*] Evaluando regla 'use_of_http_without_tls' en archivo 'C:\Users\erick\OneDrive\Escritorio\New folder\secllm_terraform_integration\research_iac\integration\outputs_v2\llama3_1_8b\P0\terraform\question_0375.tf'...
[*] Evaluando regla 'no_integrity_check' en archivo 'C:\Users\erick\OneDrive\Escritorio\New folder\secllm_terraform_integration\research_iac\integration\outputs_v2\llama3_1_8b\P0\terraform\question_0375.tf'...
[*] Evaluando regla 'use_of_weak_cryptography' en archivo 'C:\Users\erick\OneDrive\Escritorio\New folder\secllm_terraform_integration\research_iac\integration\outputs_v2\llama3_1_8b\P0\terraform\question_0375.tf'...
[*] Evaluando regla 'suspicious_comment' en archivo 'C:\Users\erick\OneDrive\Escritorio\New folder\secllm_terraform_integration\research_iac\integration\outputs_v2\llama3_1_8b\P0\terraform\question_0375.tf'...
[Cache] Cache saved to cache.pkl (1360 entries)
[Cache] Cache saved to cache.pkl (1360 entries)
[2026-07-12 18:51:35]   auditando question_0400.tf (con qwen25-coder-audit)...
Configuration loaded from cache_config.yaml
[Cache] Cache loaded from cache.pkl with 1360 entries (saved at 2026-07-12 18:51:35)
[Cache] Cache initialized with TTL=-1s, max_entries=-1
[*] Evaluando regla 'hard_coded_secret' en archivo 'C:\Users\erick\OneDrive\Escritorio\New folder\secllm_terraform_integration\research_iac\integration\outputs_v2\llama3_1_8b\P0\terraform\question_0400.tf'...
[*] Evaluando regla 'empty_password' en archivo 'C:\Users\erick\OneDrive\Escritorio\New folder\secllm_terraform_integration\research_iac\integration\outputs_v2\llama3_1_8b\P0\terraform\question_0400.tf'...
[*] Evaluando regla 'admin_by_default' en archivo 'C:\Users\erick\OneDrive\Escritorio\New folder\secllm_terraform_integration\research_iac\integration\outputs_v2\llama3_1_8b\P0\terraform\question_0400.tf'...
[*] Evaluando regla 'unrestricted_ip_address' en archivo 'C:\Users\erick\OneDrive\Escritorio\New folder\secllm_terraform_integration\research_iac\integration\outputs_v2\llama3_1_8b\P0\terraform\question_0400.tf'...
[*] Evaluando regla 'use_of_http_without_tls' en archivo 'C:\Users\erick\OneDrive\Escritorio\New folder\secllm_terraform_integration\research_iac\integration\outputs_v2\llama3_1_8b\P0\terraform\question_0400.tf'...
[*] Evaluando regla 'no_integrity_check' en archivo 'C:\Users\erick\OneDrive\Escritorio\New folder\secllm_terraform_integration\research_iac\integration\outputs_v2\llama3_1_8b\P0\terraform\question_0400.tf'...
[*] Evaluando regla 'use_of_weak_cryptography' en archivo 'C:\Users\erick\OneDrive\Escritorio\New folder\secllm_terraform_integration\research_iac\integration\outputs_v2\llama3_1_8b\P0\terraform\question_0400.tf'...
[*] Evaluando regla 'suspicious_comment' en archivo 'C:\Users\erick\OneDrive\Escritorio\New folder\secllm_terraform_integration\research_iac\integration\outputs_v2\llama3_1_8b\P0\terraform\question_0400.tf'...
[Cache] Cache saved to cache.pkl (1368 entries)
[Cache] Cache saved to cache.pkl (1368 entries)
[2026-07-12 18:52:17]   auditando question_0415.tf (con qwen25-coder-audit)...
Configuration loaded from cache_config.yaml
[Cache] Cache loaded from cache.pkl with 1368 entries (saved at 2026-07-12 18:52:16)
[Cache] Cache initialized with TTL=-1s, max_entries=-1
[*] Evaluando regla 'hard_coded_secret' en archivo 'C:\Users\erick\OneDrive\Escritorio\New folder\secllm_terraform_integration\research_iac\integration\outputs_v2\llama3_1_8b\P0\terraform\question_0415.tf'...
[*] Evaluando regla 'empty_password' en archivo 'C:\Users\erick\OneDrive\Escritorio\New folder\secllm_terraform_integration\research_iac\integration\outputs_v2\llama3_1_8b\P0\terraform\question_0415.tf'...
[*] Evaluando regla 'admin_by_default' en archivo 'C:\Users\erick\OneDrive\Escritorio\New folder\secllm_terraform_integration\research_iac\integration\outputs_v2\llama3_1_8b\P0\terraform\question_0415.tf'...
[*] Evaluando regla 'unrestricted_ip_address' en archivo 'C:\Users\erick\OneDrive\Escritorio\New folder\secllm_terraform_integration\research_iac\integration\outputs_v2\llama3_1_8b\P0\terraform\question_0415.tf'...
[*] Evaluando regla 'use_of_http_without_tls' en archivo 'C:\Users\erick\OneDrive\Escritorio\New folder\secllm_terraform_integration\research_iac\integration\outputs_v2\llama3_1_8b\P0\terraform\question_0415.tf'...
[*] Evaluando regla 'no_integrity_check' en archivo 'C:\Users\erick\OneDrive\Escritorio\New folder\secllm_terraform_integration\research_iac\integration\outputs_v2\llama3_1_8b\P0\terraform\question_0415.tf'...
[*] Evaluando regla 'use_of_weak_cryptography' en archivo 'C:\Users\erick\OneDrive\Escritorio\New folder\secllm_terraform_integration\research_iac\integration\outputs_v2\llama3_1_8b\P0\terraform\question_0415.tf'...
[*] Evaluando regla 'suspicious_comment' en archivo 'C:\Users\erick\OneDrive\Escritorio\New folder\secllm_terraform_integration\research_iac\integration\outputs_v2\llama3_1_8b\P0\terraform\question_0415.tf'...
[Cache] Cache saved to cache.pkl (1376 entries)
[Cache] Cache saved to cache.pkl (1376 entries)
[2026-07-12 18:52:41]   auditando question_0422.tf (con qwen25-coder-audit)...
Configuration loaded from cache_config.yaml
[Cache] Cache loaded from cache.pkl with 1376 entries (saved at 2026-07-12 18:52:40)
[Cache] Cache initialized with TTL=-1s, max_entries=-1
[*] Evaluando regla 'hard_coded_secret' en archivo 'C:\Users\erick\OneDrive\Escritorio\New folder\secllm_terraform_integration\research_iac\integration\outputs_v2\llama3_1_8b\P0\terraform\question_0422.tf'...
[*] Evaluando regla 'empty_password' en archivo 'C:\Users\erick\OneDrive\Escritorio\New folder\secllm_terraform_integration\research_iac\integration\outputs_v2\llama3_1_8b\P0\terraform\question_0422.tf'...
[*] Evaluando regla 'admin_by_default' en archivo 'C:\Users\erick\OneDrive\Escritorio\New folder\secllm_terraform_integration\research_iac\integration\outputs_v2\llama3_1_8b\P0\terraform\question_0422.tf'...
[*] Evaluando regla 'unrestricted_ip_address' en archivo 'C:\Users\erick\OneDrive\Escritorio\New folder\secllm_terraform_integration\research_iac\integration\outputs_v2\llama3_1_8b\P0\terraform\question_0422.tf'...
[*] Evaluando regla 'use_of_http_without_tls' en archivo 'C:\Users\erick\OneDrive\Escritorio\New folder\secllm_terraform_integration\research_iac\integration\outputs_v2\llama3_1_8b\P0\terraform\question_0422.tf'...
[*] Evaluando regla 'no_integrity_check' en archivo 'C:\Users\erick\OneDrive\Escritorio\New folder\secllm_terraform_integration\research_iac\integration\outputs_v2\llama3_1_8b\P0\terraform\question_0422.tf'...
[*] Evaluando regla 'use_of_weak_cryptography' en archivo 'C:\Users\erick\OneDrive\Escritorio\New folder\secllm_terraform_integration\research_iac\integration\outputs_v2\llama3_1_8b\P0\terraform\question_0422.tf'...
[*] Evaluando regla 'suspicious_comment' en archivo 'C:\Users\erick\OneDrive\Escritorio\New folder\secllm_terraform_integration\research_iac\integration\outputs_v2\llama3_1_8b\P0\terraform\question_0422.tf'...
[Cache] Cache saved to cache.pkl (1384 entries)
[Cache] Cache saved to cache.pkl (1384 entries)
[2026-07-12 18:53:20] --- llama3.1:8b [P1]: Auditor?a con auditor externo 'qwen25-coder-audit' ---
[2026-07-12 18:53:20]   auditando question_0000.tf (con qwen25-coder-audit)...
Configuration loaded from cache_config.yaml
[Cache] Cache loaded from cache.pkl with 1384 entries (saved at 2026-07-12 18:53:20)
[Cache] Cache initialized with TTL=-1s, max_entries=-1
[*] Evaluando regla 'hard_coded_secret' en archivo 'C:\Users\erick\OneDrive\Escritorio\New folder\secllm_terraform_integration\research_iac\integration\outputs_v2\llama3_1_8b\P1\terraform\question_0000.tf'...
[*] Evaluando regla 'empty_password' en archivo 'C:\Users\erick\OneDrive\Escritorio\New folder\secllm_terraform_integration\research_iac\integration\outputs_v2\llama3_1_8b\P1\terraform\question_0000.tf'...
[*] Evaluando regla 'admin_by_default' en archivo 'C:\Users\erick\OneDrive\Escritorio\New folder\secllm_terraform_integration\research_iac\integration\outputs_v2\llama3_1_8b\P1\terraform\question_0000.tf'...
[*] Evaluando regla 'unrestricted_ip_address' en archivo 'C:\Users\erick\OneDrive\Escritorio\New folder\secllm_terraform_integration\research_iac\integration\outputs_v2\llama3_1_8b\P1\terraform\question_0000.tf'...
[*] Evaluando regla 'use_of_http_without_tls' en archivo 'C:\Users\erick\OneDrive\Escritorio\New folder\secllm_terraform_integration\research_iac\integration\outputs_v2\llama3_1_8b\P1\terraform\question_0000.tf'...
[*] Evaluando regla 'no_integrity_check' en archivo 'C:\Users\erick\OneDrive\Escritorio\New folder\secllm_terraform_integration\research_iac\integration\outputs_v2\llama3_1_8b\P1\terraform\question_0000.tf'...
[*] Evaluando regla 'use_of_weak_cryptography' en archivo 'C:\Users\erick\OneDrive\Escritorio\New folder\secllm_terraform_integration\research_iac\integration\outputs_v2\llama3_1_8b\P1\terraform\question_0000.tf'...
[*] Evaluando regla 'suspicious_comment' en archivo 'C:\Users\erick\OneDrive\Escritorio\New folder\secllm_terraform_integration\research_iac\integration\outputs_v2\llama3_1_8b\P1\terraform\question_0000.tf'...
[Cache] Cache saved to cache.pkl (1392 entries)
[Cache] Cache saved to cache.pkl (1392 entries)
[2026-07-12 18:53:39]   auditando question_0003.tf (con qwen25-coder-audit)...
Configuration loaded from cache_config.yaml
[Cache] Cache loaded from cache.pkl with 1392 entries (saved at 2026-07-12 18:53:39)
[Cache] Cache initialized with TTL=-1s, max_entries=-1
[*] Evaluando regla 'hard_coded_secret' en archivo 'C:\Users\erick\OneDrive\Escritorio\New folder\secllm_terraform_integration\research_iac\integration\outputs_v2\llama3_1_8b\P1\terraform\question_0003.tf'...
[*] Evaluando regla 'empty_password' en archivo 'C:\Users\erick\OneDrive\Escritorio\New folder\secllm_terraform_integration\research_iac\integration\outputs_v2\llama3_1_8b\P1\terraform\question_0003.tf'...
[*] Evaluando regla 'admin_by_default' en archivo 'C:\Users\erick\OneDrive\Escritorio\New folder\secllm_terraform_integration\research_iac\integration\outputs_v2\llama3_1_8b\P1\terraform\question_0003.tf'...
[*] Evaluando regla 'unrestricted_ip_address' en archivo 'C:\Users\erick\OneDrive\Escritorio\New folder\secllm_terraform_integration\research_iac\integration\outputs_v2\llama3_1_8b\P1\terraform\question_0003.tf'...
[*] Evaluando regla 'use_of_http_without_tls' en archivo 'C:\Users\erick\OneDrive\Escritorio\New folder\secllm_terraform_integration\research_iac\integration\outputs_v2\llama3_1_8b\P1\terraform\question_0003.tf'...
[*] Evaluando regla 'no_integrity_check' en archivo 'C:\Users\erick\OneDrive\Escritorio\New folder\secllm_terraform_integration\research_iac\integration\outputs_v2\llama3_1_8b\P1\terraform\question_0003.tf'...
[*] Evaluando regla 'use_of_weak_cryptography' en archivo 'C:\Users\erick\OneDrive\Escritorio\New folder\secllm_terraform_integration\research_iac\integration\outputs_v2\llama3_1_8b\P1\terraform\question_0003.tf'...
[*] Evaluando regla 'suspicious_comment' en archivo 'C:\Users\erick\OneDrive\Escritorio\New folder\secllm_terraform_integration\research_iac\integration\outputs_v2\llama3_1_8b\P1\terraform\question_0003.tf'...
[Cache] Cache saved to cache.pkl (1400 entries)
[Cache] Cache saved to cache.pkl (1400 entries)
[2026-07-12 18:54:04]   auditando question_0005.tf (con qwen25-coder-audit)...
Configuration loaded from cache_config.yaml
[Cache] Cache loaded from cache.pkl with 1400 entries (saved at 2026-07-12 18:54:03)
[Cache] Cache initialized with TTL=-1s, max_entries=-1
[*] Evaluando regla 'hard_coded_secret' en archivo 'C:\Users\erick\OneDrive\Escritorio\New folder\secllm_terraform_integration\research_iac\integration\outputs_v2\llama3_1_8b\P1\terraform\question_0005.tf'...
[*] Evaluando regla 'empty_password' en archivo 'C:\Users\erick\OneDrive\Escritorio\New folder\secllm_terraform_integration\research_iac\integration\outputs_v2\llama3_1_8b\P1\terraform\question_0005.tf'...
[*] Evaluando regla 'admin_by_default' en archivo 'C:\Users\erick\OneDrive\Escritorio\New folder\secllm_terraform_integration\research_iac\integration\outputs_v2\llama3_1_8b\P1\terraform\question_0005.tf'...
[*] Evaluando regla 'unrestricted_ip_address' en archivo 'C:\Users\erick\OneDrive\Escritorio\New folder\secllm_terraform_integration\research_iac\integration\outputs_v2\llama3_1_8b\P1\terraform\question_0005.tf'...
[*] Evaluando regla 'use_of_http_without_tls' en archivo 'C:\Users\erick\OneDrive\Escritorio\New folder\secllm_terraform_integration\research_iac\integration\outputs_v2\llama3_1_8b\P1\terraform\question_0005.tf'...
[*] Evaluando regla 'no_integrity_check' en archivo 'C:\Users\erick\OneDrive\Escritorio\New folder\secllm_terraform_integration\research_iac\integration\outputs_v2\llama3_1_8b\P1\terraform\question_0005.tf'...
[*] Evaluando regla 'use_of_weak_cryptography' en archivo 'C:\Users\erick\OneDrive\Escritorio\New folder\secllm_terraform_integration\research_iac\integration\outputs_v2\llama3_1_8b\P1\terraform\question_0005.tf'...
[*] Evaluando regla 'suspicious_comment' en archivo 'C:\Users\erick\OneDrive\Escritorio\New folder\secllm_terraform_integration\research_iac\integration\outputs_v2\llama3_1_8b\P1\terraform\question_0005.tf'...
[Cache] Cache saved to cache.pkl (1408 entries)
[Cache] Cache saved to cache.pkl (1408 entries)
[2026-07-12 18:54:27]   auditando question_0012.tf (con qwen25-coder-audit)...
Configuration loaded from cache_config.yaml
[Cache] Cache loaded from cache.pkl with 1408 entries (saved at 2026-07-12 18:54:26)
[Cache] Cache initialized with TTL=-1s, max_entries=-1
[*] Evaluando regla 'hard_coded_secret' en archivo 'C:\Users\erick\OneDrive\Escritorio\New folder\secllm_terraform_integration\research_iac\integration\outputs_v2\llama3_1_8b\P1\terraform\question_0012.tf'...
[*] Evaluando regla 'empty_password' en archivo 'C:\Users\erick\OneDrive\Escritorio\New folder\secllm_terraform_integration\research_iac\integration\outputs_v2\llama3_1_8b\P1\terraform\question_0012.tf'...
[*] Evaluando regla 'admin_by_default' en archivo 'C:\Users\erick\OneDrive\Escritorio\New folder\secllm_terraform_integration\research_iac\integration\outputs_v2\llama3_1_8b\P1\terraform\question_0012.tf'...
[*] Evaluando regla 'unrestricted_ip_address' en archivo 'C:\Users\erick\OneDrive\Escritorio\New folder\secllm_terraform_integration\research_iac\integration\outputs_v2\llama3_1_8b\P1\terraform\question_0012.tf'...
[*] Evaluando regla 'use_of_http_without_tls' en archivo 'C:\Users\erick\OneDrive\Escritorio\New folder\secllm_terraform_integration\research_iac\integration\outputs_v2\llama3_1_8b\P1\terraform\question_0012.tf'...
[*] Evaluando regla 'no_integrity_check' en archivo 'C:\Users\erick\OneDrive\Escritorio\New folder\secllm_terraform_integration\research_iac\integration\outputs_v2\llama3_1_8b\P1\terraform\question_0012.tf'...
[*] Evaluando regla 'use_of_weak_cryptography' en archivo 'C:\Users\erick\OneDrive\Escritorio\New folder\secllm_terraform_integration\research_iac\integration\outputs_v2\llama3_1_8b\P1\terraform\question_0012.tf'...
[*] Evaluando regla 'suspicious_comment' en archivo 'C:\Users\erick\OneDrive\Escritorio\New folder\secllm_terraform_integration\research_iac\integration\outputs_v2\llama3_1_8b\P1\terraform\question_0012.tf'...
[Cache] Cache saved to cache.pkl (1416 entries)
[Cache] Cache saved to cache.pkl (1416 entries)
[2026-07-12 18:54:53]   auditando question_0018.tf (con qwen25-coder-audit)...
Configuration loaded from cache_config.yaml
[Cache] Cache loaded from cache.pkl with 1416 entries (saved at 2026-07-12 18:54:53)
[Cache] Cache initialized with TTL=-1s, max_entries=-1
[*] Evaluando regla 'hard_coded_secret' en archivo 'C:\Users\erick\OneDrive\Escritorio\New folder\secllm_terraform_integration\research_iac\integration\outputs_v2\llama3_1_8b\P1\terraform\question_0018.tf'...
[*] Evaluando regla 'empty_password' en archivo 'C:\Users\erick\OneDrive\Escritorio\New folder\secllm_terraform_integration\research_iac\integration\outputs_v2\llama3_1_8b\P1\terraform\question_0018.tf'...
[*] Evaluando regla 'admin_by_default' en archivo 'C:\Users\erick\OneDrive\Escritorio\New folder\secllm_terraform_integration\research_iac\integration\outputs_v2\llama3_1_8b\P1\terraform\question_0018.tf'...
[*] Evaluando regla 'unrestricted_ip_address' en archivo 'C:\Users\erick\OneDrive\Escritorio\New folder\secllm_terraform_integration\research_iac\integration\outputs_v2\llama3_1_8b\P1\terraform\question_0018.tf'...
[*] Evaluando regla 'use_of_http_without_tls' en archivo 'C:\Users\erick\OneDrive\Escritorio\New folder\secllm_terraform_integration\research_iac\integration\outputs_v2\llama3_1_8b\P1\terraform\question_0018.tf'...
[*] Evaluando regla 'no_integrity_check' en archivo 'C:\Users\erick\OneDrive\Escritorio\New folder\secllm_terraform_integration\research_iac\integration\outputs_v2\llama3_1_8b\P1\terraform\question_0018.tf'...
[*] Evaluando regla 'use_of_weak_cryptography' en archivo 'C:\Users\erick\OneDrive\Escritorio\New folder\secllm_terraform_integration\research_iac\integration\outputs_v2\llama3_1_8b\P1\terraform\question_0018.tf'...
[*] Evaluando regla 'suspicious_comment' en archivo 'C:\Users\erick\OneDrive\Escritorio\New folder\secllm_terraform_integration\research_iac\integration\outputs_v2\llama3_1_8b\P1\terraform\question_0018.tf'...
[Cache] Cache saved to cache.pkl (1424 entries)
[Cache] Cache saved to cache.pkl (1424 entries)
[2026-07-12 18:55:17]   auditando question_0020.tf (con qwen25-coder-audit)...
Configuration loaded from cache_config.yaml
[Cache] Cache loaded from cache.pkl with 1424 entries (saved at 2026-07-12 18:55:17)
[Cache] Cache initialized with TTL=-1s, max_entries=-1
[*] Evaluando regla 'hard_coded_secret' en archivo 'C:\Users\erick\OneDrive\Escritorio\New folder\secllm_terraform_integration\research_iac\integration\outputs_v2\llama3_1_8b\P1\terraform\question_0020.tf'...
[*] Evaluando regla 'empty_password' en archivo 'C:\Users\erick\OneDrive\Escritorio\New folder\secllm_terraform_integration\research_iac\integration\outputs_v2\llama3_1_8b\P1\terraform\question_0020.tf'...
[*] Evaluando regla 'admin_by_default' en archivo 'C:\Users\erick\OneDrive\Escritorio\New folder\secllm_terraform_integration\research_iac\integration\outputs_v2\llama3_1_8b\P1\terraform\question_0020.tf'...
[*] Evaluando regla 'unrestricted_ip_address' en archivo 'C:\Users\erick\OneDrive\Escritorio\New folder\secllm_terraform_integration\research_iac\integration\outputs_v2\llama3_1_8b\P1\terraform\question_0020.tf'...
[*] Evaluando regla 'use_of_http_without_tls' en archivo 'C:\Users\erick\OneDrive\Escritorio\New folder\secllm_terraform_integration\research_iac\integration\outputs_v2\llama3_1_8b\P1\terraform\question_0020.tf'...
[*] Evaluando regla 'no_integrity_check' en archivo 'C:\Users\erick\OneDrive\Escritorio\New folder\secllm_terraform_integration\research_iac\integration\outputs_v2\llama3_1_8b\P1\terraform\question_0020.tf'...
[*] Evaluando regla 'use_of_weak_cryptography' en archivo 'C:\Users\erick\OneDrive\Escritorio\New folder\secllm_terraform_integration\research_iac\integration\outputs_v2\llama3_1_8b\P1\terraform\question_0020.tf'...
[*] Evaluando regla 'suspicious_comment' en archivo 'C:\Users\erick\OneDrive\Escritorio\New folder\secllm_terraform_integration\research_iac\integration\outputs_v2\llama3_1_8b\P1\terraform\question_0020.tf'...
[Cache] Cache saved to cache.pkl (1432 entries)
[Cache] Cache saved to cache.pkl (1432 entries)
[2026-07-12 18:55:40]   auditando question_0024.tf (con qwen25-coder-audit)...
Configuration loaded from cache_config.yaml
[Cache] Cache loaded from cache.pkl with 1432 entries (saved at 2026-07-12 18:55:40)
[Cache] Cache initialized with TTL=-1s, max_entries=-1
[*] Evaluando regla 'hard_coded_secret' en archivo 'C:\Users\erick\OneDrive\Escritorio\New folder\secllm_terraform_integration\research_iac\integration\outputs_v2\llama3_1_8b\P1\terraform\question_0024.tf'...
[*] Evaluando regla 'empty_password' en archivo 'C:\Users\erick\OneDrive\Escritorio\New folder\secllm_terraform_integration\research_iac\integration\outputs_v2\llama3_1_8b\P1\terraform\question_0024.tf'...
[*] Evaluando regla 'admin_by_default' en archivo 'C:\Users\erick\OneDrive\Escritorio\New folder\secllm_terraform_integration\research_iac\integration\outputs_v2\llama3_1_8b\P1\terraform\question_0024.tf'...
[*] Evaluando regla 'unrestricted_ip_address' en archivo 'C:\Users\erick\OneDrive\Escritorio\New folder\secllm_terraform_integration\research_iac\integration\outputs_v2\llama3_1_8b\P1\terraform\question_0024.tf'...
[*] Evaluando regla 'use_of_http_without_tls' en archivo 'C:\Users\erick\OneDrive\Escritorio\New folder\secllm_terraform_integration\research_iac\integration\outputs_v2\llama3_1_8b\P1\terraform\question_0024.tf'...
[*] Evaluando regla 'no_integrity_check' en archivo 'C:\Users\erick\OneDrive\Escritorio\New folder\secllm_terraform_integration\research_iac\integration\outputs_v2\llama3_1_8b\P1\terraform\question_0024.tf'...
[*] Evaluando regla 'use_of_weak_cryptography' en archivo 'C:\Users\erick\OneDrive\Escritorio\New folder\secllm_terraform_integration\research_iac\integration\outputs_v2\llama3_1_8b\P1\terraform\question_0024.tf'...
[*] Evaluando regla 'suspicious_comment' en archivo 'C:\Users\erick\OneDrive\Escritorio\New folder\secllm_terraform_integration\research_iac\integration\outputs_v2\llama3_1_8b\P1\terraform\question_0024.tf'...
[Cache] Cache saved to cache.pkl (1440 entries)
[Cache] Cache saved to cache.pkl (1440 entries)
[2026-07-12 18:56:24]   auditando question_0038.tf (con qwen25-coder-audit)...
Configuration loaded from cache_config.yaml
[Cache] Cache loaded from cache.pkl with 1440 entries (saved at 2026-07-12 18:56:24)
[Cache] Cache initialized with TTL=-1s, max_entries=-1
[*] Evaluando regla 'hard_coded_secret' en archivo 'C:\Users\erick\OneDrive\Escritorio\New folder\secllm_terraform_integration\research_iac\integration\outputs_v2\llama3_1_8b\P1\terraform\question_0038.tf'...
[*] Evaluando regla 'empty_password' en archivo 'C:\Users\erick\OneDrive\Escritorio\New folder\secllm_terraform_integration\research_iac\integration\outputs_v2\llama3_1_8b\P1\terraform\question_0038.tf'...
[*] Evaluando regla 'admin_by_default' en archivo 'C:\Users\erick\OneDrive\Escritorio\New folder\secllm_terraform_integration\research_iac\integration\outputs_v2\llama3_1_8b\P1\terraform\question_0038.tf'...
[*] Evaluando regla 'unrestricted_ip_address' en archivo 'C:\Users\erick\OneDrive\Escritorio\New folder\secllm_terraform_integration\research_iac\integration\outputs_v2\llama3_1_8b\P1\terraform\question_0038.tf'...
[*] Evaluando regla 'use_of_http_without_tls' en archivo 'C:\Users\erick\OneDrive\Escritorio\New folder\secllm_terraform_integration\research_iac\integration\outputs_v2\llama3_1_8b\P1\terraform\question_0038.tf'...
[*] Evaluando regla 'no_integrity_check' en archivo 'C:\Users\erick\OneDrive\Escritorio\New folder\secllm_terraform_integration\research_iac\integration\outputs_v2\llama3_1_8b\P1\terraform\question_0038.tf'...
[*] Evaluando regla 'use_of_weak_cryptography' en archivo 'C:\Users\erick\OneDrive\Escritorio\New folder\secllm_terraform_integration\research_iac\integration\outputs_v2\llama3_1_8b\P1\terraform\question_0038.tf'...
[*] Evaluando regla 'suspicious_comment' en archivo 'C:\Users\erick\OneDrive\Escritorio\New folder\secllm_terraform_integration\research_iac\integration\outputs_v2\llama3_1_8b\P1\terraform\question_0038.tf'...
[Cache] Cache saved to cache.pkl (1448 entries)
[Cache] Cache saved to cache.pkl (1448 entries)
[2026-07-12 18:57:04]   auditando question_0051.tf (con qwen25-coder-audit)...
Configuration loaded from cache_config.yaml
[Cache] Cache loaded from cache.pkl with 1448 entries (saved at 2026-07-12 18:57:04)
[Cache] Cache initialized with TTL=-1s, max_entries=-1
[*] Evaluando regla 'hard_coded_secret' en archivo 'C:\Users\erick\OneDrive\Escritorio\New folder\secllm_terraform_integration\research_iac\integration\outputs_v2\llama3_1_8b\P1\terraform\question_0051.tf'...
[*] Evaluando regla 'empty_password' en archivo 'C:\Users\erick\OneDrive\Escritorio\New folder\secllm_terraform_integration\research_iac\integration\outputs_v2\llama3_1_8b\P1\terraform\question_0051.tf'...
[*] Evaluando regla 'admin_by_default' en archivo 'C:\Users\erick\OneDrive\Escritorio\New folder\secllm_terraform_integration\research_iac\integration\outputs_v2\llama3_1_8b\P1\terraform\question_0051.tf'...
[*] Evaluando regla 'unrestricted_ip_address' en archivo 'C:\Users\erick\OneDrive\Escritorio\New folder\secllm_terraform_integration\research_iac\integration\outputs_v2\llama3_1_8b\P1\terraform\question_0051.tf'...
[*] Evaluando regla 'use_of_http_without_tls' en archivo 'C:\Users\erick\OneDrive\Escritorio\New folder\secllm_terraform_integration\research_iac\integration\outputs_v2\llama3_1_8b\P1\terraform\question_0051.tf'...
[*] Evaluando regla 'no_integrity_check' en archivo 'C:\Users\erick\OneDrive\Escritorio\New folder\secllm_terraform_integration\research_iac\integration\outputs_v2\llama3_1_8b\P1\terraform\question_0051.tf'...
[*] Evaluando regla 'use_of_weak_cryptography' en archivo 'C:\Users\erick\OneDrive\Escritorio\New folder\secllm_terraform_integration\research_iac\integration\outputs_v2\llama3_1_8b\P1\terraform\question_0051.tf'...
[*] Evaluando regla 'suspicious_comment' en archivo 'C:\Users\erick\OneDrive\Escritorio\New folder\secllm_terraform_integration\research_iac\integration\outputs_v2\llama3_1_8b\P1\terraform\question_0051.tf'...
[Cache] Cache saved to cache.pkl (1456 entries)
[Cache] Cache saved to cache.pkl (1456 entries)
[2026-07-12 18:57:25]   auditando question_0064.tf (con qwen25-coder-audit)...
Configuration loaded from cache_config.yaml
[Cache] Cache loaded from cache.pkl with 1456 entries (saved at 2026-07-12 18:57:25)
[Cache] Cache initialized with TTL=-1s, max_entries=-1
[*] Evaluando regla 'hard_coded_secret' en archivo 'C:\Users\erick\OneDrive\Escritorio\New folder\secllm_terraform_integration\research_iac\integration\outputs_v2\llama3_1_8b\P1\terraform\question_0064.tf'...
[*] Evaluando regla 'empty_password' en archivo 'C:\Users\erick\OneDrive\Escritorio\New folder\secllm_terraform_integration\research_iac\integration\outputs_v2\llama3_1_8b\P1\terraform\question_0064.tf'...
[*] Evaluando regla 'admin_by_default' en archivo 'C:\Users\erick\OneDrive\Escritorio\New folder\secllm_terraform_integration\research_iac\integration\outputs_v2\llama3_1_8b\P1\terraform\question_0064.tf'...
[*] Evaluando regla 'unrestricted_ip_address' en archivo 'C:\Users\erick\OneDrive\Escritorio\New folder\secllm_terraform_integration\research_iac\integration\outputs_v2\llama3_1_8b\P1\terraform\question_0064.tf'...
[*] Evaluando regla 'use_of_http_without_tls' en archivo 'C:\Users\erick\OneDrive\Escritorio\New folder\secllm_terraform_integration\research_iac\integration\outputs_v2\llama3_1_8b\P1\terraform\question_0064.tf'...
[*] Evaluando regla 'no_integrity_check' en archivo 'C:\Users\erick\OneDrive\Escritorio\New folder\secllm_terraform_integration\research_iac\integration\outputs_v2\llama3_1_8b\P1\terraform\question_0064.tf'...
[*] Evaluando regla 'use_of_weak_cryptography' en archivo 'C:\Users\erick\OneDrive\Escritorio\New folder\secllm_terraform_integration\research_iac\integration\outputs_v2\llama3_1_8b\P1\terraform\question_0064.tf'...
[*] Evaluando regla 'suspicious_comment' en archivo 'C:\Users\erick\OneDrive\Escritorio\New folder\secllm_terraform_integration\research_iac\integration\outputs_v2\llama3_1_8b\P1\terraform\question_0064.tf'...
[Cache] Cache saved to cache.pkl (1464 entries)
[Cache] Cache saved to cache.pkl (1464 entries)
[2026-07-12 18:58:05]   auditando question_0073.tf (con qwen25-coder-audit)...
Configuration loaded from cache_config.yaml
[Cache] Cache loaded from cache.pkl with 1464 entries (saved at 2026-07-12 18:58:04)
[Cache] Cache initialized with TTL=-1s, max_entries=-1
[*] Evaluando regla 'hard_coded_secret' en archivo 'C:\Users\erick\OneDrive\Escritorio\New folder\secllm_terraform_integration\research_iac\integration\outputs_v2\llama3_1_8b\P1\terraform\question_0073.tf'...
[*] Evaluando regla 'empty_password' en archivo 'C:\Users\erick\OneDrive\Escritorio\New folder\secllm_terraform_integration\research_iac\integration\outputs_v2\llama3_1_8b\P1\terraform\question_0073.tf'...
[*] Evaluando regla 'admin_by_default' en archivo 'C:\Users\erick\OneDrive\Escritorio\New folder\secllm_terraform_integration\research_iac\integration\outputs_v2\llama3_1_8b\P1\terraform\question_0073.tf'...
[*] Evaluando regla 'unrestricted_ip_address' en archivo 'C:\Users\erick\OneDrive\Escritorio\New folder\secllm_terraform_integration\research_iac\integration\outputs_v2\llama3_1_8b\P1\terraform\question_0073.tf'...
[*] Evaluando regla 'use_of_http_without_tls' en archivo 'C:\Users\erick\OneDrive\Escritorio\New folder\secllm_terraform_integration\research_iac\integration\outputs_v2\llama3_1_8b\P1\terraform\question_0073.tf'...
[*] Evaluando regla 'no_integrity_check' en archivo 'C:\Users\erick\OneDrive\Escritorio\New folder\secllm_terraform_integration\research_iac\integration\outputs_v2\llama3_1_8b\P1\terraform\question_0073.tf'...
[*] Evaluando regla 'use_of_weak_cryptography' en archivo 'C:\Users\erick\OneDrive\Escritorio\New folder\secllm_terraform_integration\research_iac\integration\outputs_v2\llama3_1_8b\P1\terraform\question_0073.tf'...
[*] Evaluando regla 'suspicious_comment' en archivo 'C:\Users\erick\OneDrive\Escritorio\New folder\secllm_terraform_integration\research_iac\integration\outputs_v2\llama3_1_8b\P1\terraform\question_0073.tf'...
[Cache] Cache saved to cache.pkl (1472 entries)
[Cache] Cache saved to cache.pkl (1472 entries)
[2026-07-12 18:58:47]   auditando question_0075.tf (con qwen25-coder-audit)...
Configuration loaded from cache_config.yaml
[Cache] Cache loaded from cache.pkl with 1472 entries (saved at 2026-07-12 18:58:47)
[Cache] Cache initialized with TTL=-1s, max_entries=-1
[*] Evaluando regla 'hard_coded_secret' en archivo 'C:\Users\erick\OneDrive\Escritorio\New folder\secllm_terraform_integration\research_iac\integration\outputs_v2\llama3_1_8b\P1\terraform\question_0075.tf'...
[*] Evaluando regla 'empty_password' en archivo 'C:\Users\erick\OneDrive\Escritorio\New folder\secllm_terraform_integration\research_iac\integration\outputs_v2\llama3_1_8b\P1\terraform\question_0075.tf'...
[*] Evaluando regla 'admin_by_default' en archivo 'C:\Users\erick\OneDrive\Escritorio\New folder\secllm_terraform_integration\research_iac\integration\outputs_v2\llama3_1_8b\P1\terraform\question_0075.tf'...
[*] Evaluando regla 'unrestricted_ip_address' en archivo 'C:\Users\erick\OneDrive\Escritorio\New folder\secllm_terraform_integration\research_iac\integration\outputs_v2\llama3_1_8b\P1\terraform\question_0075.tf'...
[*] Evaluando regla 'use_of_http_without_tls' en archivo 'C:\Users\erick\OneDrive\Escritorio\New folder\secllm_terraform_integration\research_iac\integration\outputs_v2\llama3_1_8b\P1\terraform\question_0075.tf'...
[*] Evaluando regla 'no_integrity_check' en archivo 'C:\Users\erick\OneDrive\Escritorio\New folder\secllm_terraform_integration\research_iac\integration\outputs_v2\llama3_1_8b\P1\terraform\question_0075.tf'...
[*] Evaluando regla 'use_of_weak_cryptography' en archivo 'C:\Users\erick\OneDrive\Escritorio\New folder\secllm_terraform_integration\research_iac\integration\outputs_v2\llama3_1_8b\P1\terraform\question_0075.tf'...
[*] Evaluando regla 'suspicious_comment' en archivo 'C:\Users\erick\OneDrive\Escritorio\New folder\secllm_terraform_integration\research_iac\integration\outputs_v2\llama3_1_8b\P1\terraform\question_0075.tf'...
[Cache] Cache saved to cache.pkl (1480 entries)
[Cache] Cache saved to cache.pkl (1480 entries)
[2026-07-12 18:59:10]   auditando question_0080.tf (con qwen25-coder-audit)...
Configuration loaded from cache_config.yaml
[Cache] Cache loaded from cache.pkl with 1480 entries (saved at 2026-07-12 18:59:10)
[Cache] Cache initialized with TTL=-1s, max_entries=-1
[*] Evaluando regla 'hard_coded_secret' en archivo 'C:\Users\erick\OneDrive\Escritorio\New folder\secllm_terraform_integration\research_iac\integration\outputs_v2\llama3_1_8b\P1\terraform\question_0080.tf'...
[*] Evaluando regla 'empty_password' en archivo 'C:\Users\erick\OneDrive\Escritorio\New folder\secllm_terraform_integration\research_iac\integration\outputs_v2\llama3_1_8b\P1\terraform\question_0080.tf'...
[*] Evaluando regla 'admin_by_default' en archivo 'C:\Users\erick\OneDrive\Escritorio\New folder\secllm_terraform_integration\research_iac\integration\outputs_v2\llama3_1_8b\P1\terraform\question_0080.tf'...
[*] Evaluando regla 'unrestricted_ip_address' en archivo 'C:\Users\erick\OneDrive\Escritorio\New folder\secllm_terraform_integration\research_iac\integration\outputs_v2\llama3_1_8b\P1\terraform\question_0080.tf'...
[*] Evaluando regla 'use_of_http_without_tls' en archivo 'C:\Users\erick\OneDrive\Escritorio\New folder\secllm_terraform_integration\research_iac\integration\outputs_v2\llama3_1_8b\P1\terraform\question_0080.tf'...
[*] Evaluando regla 'no_integrity_check' en archivo 'C:\Users\erick\OneDrive\Escritorio\New folder\secllm_terraform_integration\research_iac\integration\outputs_v2\llama3_1_8b\P1\terraform\question_0080.tf'...
[*] Evaluando regla 'use_of_weak_cryptography' en archivo 'C:\Users\erick\OneDrive\Escritorio\New folder\secllm_terraform_integration\research_iac\integration\outputs_v2\llama3_1_8b\P1\terraform\question_0080.tf'...
[*] Evaluando regla 'suspicious_comment' en archivo 'C:\Users\erick\OneDrive\Escritorio\New folder\secllm_terraform_integration\research_iac\integration\outputs_v2\llama3_1_8b\P1\terraform\question_0080.tf'...
[Cache] Cache saved to cache.pkl (1488 entries)
[Cache] Cache saved to cache.pkl (1488 entries)
[2026-07-12 18:59:50]   auditando question_0132.tf (con qwen25-coder-audit)...
Configuration loaded from cache_config.yaml
[Cache] Cache loaded from cache.pkl with 1488 entries (saved at 2026-07-12 18:59:50)
[Cache] Cache initialized with TTL=-1s, max_entries=-1
[*] Evaluando regla 'hard_coded_secret' en archivo 'C:\Users\erick\OneDrive\Escritorio\New folder\secllm_terraform_integration\research_iac\integration\outputs_v2\llama3_1_8b\P1\terraform\question_0132.tf'...
[*] Evaluando regla 'empty_password' en archivo 'C:\Users\erick\OneDrive\Escritorio\New folder\secllm_terraform_integration\research_iac\integration\outputs_v2\llama3_1_8b\P1\terraform\question_0132.tf'...
[*] Evaluando regla 'admin_by_default' en archivo 'C:\Users\erick\OneDrive\Escritorio\New folder\secllm_terraform_integration\research_iac\integration\outputs_v2\llama3_1_8b\P1\terraform\question_0132.tf'...
[*] Evaluando regla 'unrestricted_ip_address' en archivo 'C:\Users\erick\OneDrive\Escritorio\New folder\secllm_terraform_integration\research_iac\integration\outputs_v2\llama3_1_8b\P1\terraform\question_0132.tf'...
[*] Evaluando regla 'use_of_http_without_tls' en archivo 'C:\Users\erick\OneDrive\Escritorio\New folder\secllm_terraform_integration\research_iac\integration\outputs_v2\llama3_1_8b\P1\terraform\question_0132.tf'...
[*] Evaluando regla 'no_integrity_check' en archivo 'C:\Users\erick\OneDrive\Escritorio\New folder\secllm_terraform_integration\research_iac\integration\outputs_v2\llama3_1_8b\P1\terraform\question_0132.tf'...
[*] Evaluando regla 'use_of_weak_cryptography' en archivo 'C:\Users\erick\OneDrive\Escritorio\New folder\secllm_terraform_integration\research_iac\integration\outputs_v2\llama3_1_8b\P1\terraform\question_0132.tf'...
[*] Evaluando regla 'suspicious_comment' en archivo 'C:\Users\erick\OneDrive\Escritorio\New folder\secllm_terraform_integration\research_iac\integration\outputs_v2\llama3_1_8b\P1\terraform\question_0132.tf'...
[Cache] Cache saved to cache.pkl (1496 entries)
[Cache] Cache saved to cache.pkl (1496 entries)
[2026-07-12 19:00:31]   auditando question_0141.tf (con qwen25-coder-audit)...
Configuration loaded from cache_config.yaml
[Cache] Cache loaded from cache.pkl with 1496 entries (saved at 2026-07-12 19:00:30)
[Cache] Cache initialized with TTL=-1s, max_entries=-1
[*] Evaluando regla 'hard_coded_secret' en archivo 'C:\Users\erick\OneDrive\Escritorio\New folder\secllm_terraform_integration\research_iac\integration\outputs_v2\llama3_1_8b\P1\terraform\question_0141.tf'...
[*] Evaluando regla 'empty_password' en archivo 'C:\Users\erick\OneDrive\Escritorio\New folder\secllm_terraform_integration\research_iac\integration\outputs_v2\llama3_1_8b\P1\terraform\question_0141.tf'...
[*] Evaluando regla 'admin_by_default' en archivo 'C:\Users\erick\OneDrive\Escritorio\New folder\secllm_terraform_integration\research_iac\integration\outputs_v2\llama3_1_8b\P1\terraform\question_0141.tf'...
[*] Evaluando regla 'unrestricted_ip_address' en archivo 'C:\Users\erick\OneDrive\Escritorio\New folder\secllm_terraform_integration\research_iac\integration\outputs_v2\llama3_1_8b\P1\terraform\question_0141.tf'...
[*] Evaluando regla 'use_of_http_without_tls' en archivo 'C:\Users\erick\OneDrive\Escritorio\New folder\secllm_terraform_integration\research_iac\integration\outputs_v2\llama3_1_8b\P1\terraform\question_0141.tf'...
[*] Evaluando regla 'no_integrity_check' en archivo 'C:\Users\erick\OneDrive\Escritorio\New folder\secllm_terraform_integration\research_iac\integration\outputs_v2\llama3_1_8b\P1\terraform\question_0141.tf'...
[*] Evaluando regla 'use_of_weak_cryptography' en archivo 'C:\Users\erick\OneDrive\Escritorio\New folder\secllm_terraform_integration\research_iac\integration\outputs_v2\llama3_1_8b\P1\terraform\question_0141.tf'...
[*] Evaluando regla 'suspicious_comment' en archivo 'C:\Users\erick\OneDrive\Escritorio\New folder\secllm_terraform_integration\research_iac\integration\outputs_v2\llama3_1_8b\P1\terraform\question_0141.tf'...
[Cache] Cache saved to cache.pkl (1504 entries)
[Cache] Cache saved to cache.pkl (1504 entries)
[2026-07-12 19:00:52]   auditando question_0153.tf (con qwen25-coder-audit)...
Configuration loaded from cache_config.yaml
[Cache] Cache loaded from cache.pkl with 1504 entries (saved at 2026-07-12 19:00:52)
[Cache] Cache initialized with TTL=-1s, max_entries=-1
[*] Evaluando regla 'hard_coded_secret' en archivo 'C:\Users\erick\OneDrive\Escritorio\New folder\secllm_terraform_integration\research_iac\integration\outputs_v2\llama3_1_8b\P1\terraform\question_0153.tf'...
[*] Evaluando regla 'empty_password' en archivo 'C:\Users\erick\OneDrive\Escritorio\New folder\secllm_terraform_integration\research_iac\integration\outputs_v2\llama3_1_8b\P1\terraform\question_0153.tf'...
[*] Evaluando regla 'admin_by_default' en archivo 'C:\Users\erick\OneDrive\Escritorio\New folder\secllm_terraform_integration\research_iac\integration\outputs_v2\llama3_1_8b\P1\terraform\question_0153.tf'...
[*] Evaluando regla 'unrestricted_ip_address' en archivo 'C:\Users\erick\OneDrive\Escritorio\New folder\secllm_terraform_integration\research_iac\integration\outputs_v2\llama3_1_8b\P1\terraform\question_0153.tf'...
[*] Evaluando regla 'use_of_http_without_tls' en archivo 'C:\Users\erick\OneDrive\Escritorio\New folder\secllm_terraform_integration\research_iac\integration\outputs_v2\llama3_1_8b\P1\terraform\question_0153.tf'...
[*] Evaluando regla 'no_integrity_check' en archivo 'C:\Users\erick\OneDrive\Escritorio\New folder\secllm_terraform_integration\research_iac\integration\outputs_v2\llama3_1_8b\P1\terraform\question_0153.tf'...
[*] Evaluando regla 'use_of_weak_cryptography' en archivo 'C:\Users\erick\OneDrive\Escritorio\New folder\secllm_terraform_integration\research_iac\integration\outputs_v2\llama3_1_8b\P1\terraform\question_0153.tf'...
[*] Evaluando regla 'suspicious_comment' en archivo 'C:\Users\erick\OneDrive\Escritorio\New folder\secllm_terraform_integration\research_iac\integration\outputs_v2\llama3_1_8b\P1\terraform\question_0153.tf'...
[Cache] Cache saved to cache.pkl (1512 entries)
[Cache] Cache saved to cache.pkl (1512 entries)
[2026-07-12 19:01:33]   auditando question_0180.tf (con qwen25-coder-audit)...
Configuration loaded from cache_config.yaml
[Cache] Cache loaded from cache.pkl with 1512 entries (saved at 2026-07-12 19:01:33)
[Cache] Cache initialized with TTL=-1s, max_entries=-1
[*] Evaluando regla 'hard_coded_secret' en archivo 'C:\Users\erick\OneDrive\Escritorio\New folder\secllm_terraform_integration\research_iac\integration\outputs_v2\llama3_1_8b\P1\terraform\question_0180.tf'...
[*] Evaluando regla 'empty_password' en archivo 'C:\Users\erick\OneDrive\Escritorio\New folder\secllm_terraform_integration\research_iac\integration\outputs_v2\llama3_1_8b\P1\terraform\question_0180.tf'...
[*] Evaluando regla 'admin_by_default' en archivo 'C:\Users\erick\OneDrive\Escritorio\New folder\secllm_terraform_integration\research_iac\integration\outputs_v2\llama3_1_8b\P1\terraform\question_0180.tf'...
[*] Evaluando regla 'unrestricted_ip_address' en archivo 'C:\Users\erick\OneDrive\Escritorio\New folder\secllm_terraform_integration\research_iac\integration\outputs_v2\llama3_1_8b\P1\terraform\question_0180.tf'...
[*] Evaluando regla 'use_of_http_without_tls' en archivo 'C:\Users\erick\OneDrive\Escritorio\New folder\secllm_terraform_integration\research_iac\integration\outputs_v2\llama3_1_8b\P1\terraform\question_0180.tf'...
[*] Evaluando regla 'no_integrity_check' en archivo 'C:\Users\erick\OneDrive\Escritorio\New folder\secllm_terraform_integration\research_iac\integration\outputs_v2\llama3_1_8b\P1\terraform\question_0180.tf'...
[*] Evaluando regla 'use_of_weak_cryptography' en archivo 'C:\Users\erick\OneDrive\Escritorio\New folder\secllm_terraform_integration\research_iac\integration\outputs_v2\llama3_1_8b\P1\terraform\question_0180.tf'...
[*] Evaluando regla 'suspicious_comment' en archivo 'C:\Users\erick\OneDrive\Escritorio\New folder\secllm_terraform_integration\research_iac\integration\outputs_v2\llama3_1_8b\P1\terraform\question_0180.tf'...
[Cache] Cache saved to cache.pkl (1520 entries)
[Cache] Cache saved to cache.pkl (1520 entries)
[2026-07-12 19:01:56]   auditando question_0186.tf (con qwen25-coder-audit)...
Configuration loaded from cache_config.yaml
[Cache] Cache loaded from cache.pkl with 1520 entries (saved at 2026-07-12 19:01:55)
[Cache] Cache initialized with TTL=-1s, max_entries=-1
[*] Evaluando regla 'hard_coded_secret' en archivo 'C:\Users\erick\OneDrive\Escritorio\New folder\secllm_terraform_integration\research_iac\integration\outputs_v2\llama3_1_8b\P1\terraform\question_0186.tf'...
[*] Evaluando regla 'empty_password' en archivo 'C:\Users\erick\OneDrive\Escritorio\New folder\secllm_terraform_integration\research_iac\integration\outputs_v2\llama3_1_8b\P1\terraform\question_0186.tf'...
[*] Evaluando regla 'admin_by_default' en archivo 'C:\Users\erick\OneDrive\Escritorio\New folder\secllm_terraform_integration\research_iac\integration\outputs_v2\llama3_1_8b\P1\terraform\question_0186.tf'...
[*] Evaluando regla 'unrestricted_ip_address' en archivo 'C:\Users\erick\OneDrive\Escritorio\New folder\secllm_terraform_integration\research_iac\integration\outputs_v2\llama3_1_8b\P1\terraform\question_0186.tf'...
[*] Evaluando regla 'use_of_http_without_tls' en archivo 'C:\Users\erick\OneDrive\Escritorio\New folder\secllm_terraform_integration\research_iac\integration\outputs_v2\llama3_1_8b\P1\terraform\question_0186.tf'...
[*] Evaluando regla 'no_integrity_check' en archivo 'C:\Users\erick\OneDrive\Escritorio\New folder\secllm_terraform_integration\research_iac\integration\outputs_v2\llama3_1_8b\P1\terraform\question_0186.tf'...
[*] Evaluando regla 'use_of_weak_cryptography' en archivo 'C:\Users\erick\OneDrive\Escritorio\New folder\secllm_terraform_integration\research_iac\integration\outputs_v2\llama3_1_8b\P1\terraform\question_0186.tf'...
[*] Evaluando regla 'suspicious_comment' en archivo 'C:\Users\erick\OneDrive\Escritorio\New folder\secllm_terraform_integration\research_iac\integration\outputs_v2\llama3_1_8b\P1\terraform\question_0186.tf'...
[Cache] Cache saved to cache.pkl (1528 entries)
[Cache] Cache saved to cache.pkl (1528 entries)
[2026-07-12 19:02:27]   auditando question_0190.tf (con qwen25-coder-audit)...
Configuration loaded from cache_config.yaml
[Cache] Cache loaded from cache.pkl with 1528 entries (saved at 2026-07-12 19:02:27)
[Cache] Cache initialized with TTL=-1s, max_entries=-1
[*] Evaluando regla 'hard_coded_secret' en archivo 'C:\Users\erick\OneDrive\Escritorio\New folder\secllm_terraform_integration\research_iac\integration\outputs_v2\llama3_1_8b\P1\terraform\question_0190.tf'...
[*] Evaluando regla 'empty_password' en archivo 'C:\Users\erick\OneDrive\Escritorio\New folder\secllm_terraform_integration\research_iac\integration\outputs_v2\llama3_1_8b\P1\terraform\question_0190.tf'...
[*] Evaluando regla 'admin_by_default' en archivo 'C:\Users\erick\OneDrive\Escritorio\New folder\secllm_terraform_integration\research_iac\integration\outputs_v2\llama3_1_8b\P1\terraform\question_0190.tf'...
[*] Evaluando regla 'unrestricted_ip_address' en archivo 'C:\Users\erick\OneDrive\Escritorio\New folder\secllm_terraform_integration\research_iac\integration\outputs_v2\llama3_1_8b\P1\terraform\question_0190.tf'...
[*] Evaluando regla 'use_of_http_without_tls' en archivo 'C:\Users\erick\OneDrive\Escritorio\New folder\secllm_terraform_integration\research_iac\integration\outputs_v2\llama3_1_8b\P1\terraform\question_0190.tf'...
[*] Evaluando regla 'no_integrity_check' en archivo 'C:\Users\erick\OneDrive\Escritorio\New folder\secllm_terraform_integration\research_iac\integration\outputs_v2\llama3_1_8b\P1\terraform\question_0190.tf'...
[*] Evaluando regla 'use_of_weak_cryptography' en archivo 'C:\Users\erick\OneDrive\Escritorio\New folder\secllm_terraform_integration\research_iac\integration\outputs_v2\llama3_1_8b\P1\terraform\question_0190.tf'...
[*] Evaluando regla 'suspicious_comment' en archivo 'C:\Users\erick\OneDrive\Escritorio\New folder\secllm_terraform_integration\research_iac\integration\outputs_v2\llama3_1_8b\P1\terraform\question_0190.tf'...
[Cache] Cache saved to cache.pkl (1536 entries)
[Cache] Cache saved to cache.pkl (1536 entries)
[2026-07-12 19:02:51]   auditando question_0201.tf (con qwen25-coder-audit)...
Configuration loaded from cache_config.yaml
[Cache] Cache loaded from cache.pkl with 1536 entries (saved at 2026-07-12 19:02:51)
[Cache] Cache initialized with TTL=-1s, max_entries=-1
[*] Evaluando regla 'hard_coded_secret' en archivo 'C:\Users\erick\OneDrive\Escritorio\New folder\secllm_terraform_integration\research_iac\integration\outputs_v2\llama3_1_8b\P1\terraform\question_0201.tf'...
[*] Evaluando regla 'empty_password' en archivo 'C:\Users\erick\OneDrive\Escritorio\New folder\secllm_terraform_integration\research_iac\integration\outputs_v2\llama3_1_8b\P1\terraform\question_0201.tf'...
[*] Evaluando regla 'admin_by_default' en archivo 'C:\Users\erick\OneDrive\Escritorio\New folder\secllm_terraform_integration\research_iac\integration\outputs_v2\llama3_1_8b\P1\terraform\question_0201.tf'...
[*] Evaluando regla 'unrestricted_ip_address' en archivo 'C:\Users\erick\OneDrive\Escritorio\New folder\secllm_terraform_integration\research_iac\integration\outputs_v2\llama3_1_8b\P1\terraform\question_0201.tf'...
[*] Evaluando regla 'use_of_http_without_tls' en archivo 'C:\Users\erick\OneDrive\Escritorio\New folder\secllm_terraform_integration\research_iac\integration\outputs_v2\llama3_1_8b\P1\terraform\question_0201.tf'...
[*] Evaluando regla 'no_integrity_check' en archivo 'C:\Users\erick\OneDrive\Escritorio\New folder\secllm_terraform_integration\research_iac\integration\outputs_v2\llama3_1_8b\P1\terraform\question_0201.tf'...
[*] Evaluando regla 'use_of_weak_cryptography' en archivo 'C:\Users\erick\OneDrive\Escritorio\New folder\secllm_terraform_integration\research_iac\integration\outputs_v2\llama3_1_8b\P1\terraform\question_0201.tf'...
[*] Evaluando regla 'suspicious_comment' en archivo 'C:\Users\erick\OneDrive\Escritorio\New folder\secllm_terraform_integration\research_iac\integration\outputs_v2\llama3_1_8b\P1\terraform\question_0201.tf'...
[Cache] Cache saved to cache.pkl (1544 entries)
[Cache] Cache saved to cache.pkl (1544 entries)
[2026-07-12 19:03:32]   auditando question_0212.tf (con qwen25-coder-audit)...
Configuration loaded from cache_config.yaml
[Cache] Cache loaded from cache.pkl with 1544 entries (saved at 2026-07-12 19:03:31)
[Cache] Cache initialized with TTL=-1s, max_entries=-1
[*] Evaluando regla 'hard_coded_secret' en archivo 'C:\Users\erick\OneDrive\Escritorio\New folder\secllm_terraform_integration\research_iac\integration\outputs_v2\llama3_1_8b\P1\terraform\question_0212.tf'...
[*] Evaluando regla 'empty_password' en archivo 'C:\Users\erick\OneDrive\Escritorio\New folder\secllm_terraform_integration\research_iac\integration\outputs_v2\llama3_1_8b\P1\terraform\question_0212.tf'...
[*] Evaluando regla 'admin_by_default' en archivo 'C:\Users\erick\OneDrive\Escritorio\New folder\secllm_terraform_integration\research_iac\integration\outputs_v2\llama3_1_8b\P1\terraform\question_0212.tf'...
[*] Evaluando regla 'unrestricted_ip_address' en archivo 'C:\Users\erick\OneDrive\Escritorio\New folder\secllm_terraform_integration\research_iac\integration\outputs_v2\llama3_1_8b\P1\terraform\question_0212.tf'...
[*] Evaluando regla 'use_of_http_without_tls' en archivo 'C:\Users\erick\OneDrive\Escritorio\New folder\secllm_terraform_integration\research_iac\integration\outputs_v2\llama3_1_8b\P1\terraform\question_0212.tf'...
[*] Evaluando regla 'no_integrity_check' en archivo 'C:\Users\erick\OneDrive\Escritorio\New folder\secllm_terraform_integration\research_iac\integration\outputs_v2\llama3_1_8b\P1\terraform\question_0212.tf'...
[*] Evaluando regla 'use_of_weak_cryptography' en archivo 'C:\Users\erick\OneDrive\Escritorio\New folder\secllm_terraform_integration\research_iac\integration\outputs_v2\llama3_1_8b\P1\terraform\question_0212.tf'...
[*] Evaluando regla 'suspicious_comment' en archivo 'C:\Users\erick\OneDrive\Escritorio\New folder\secllm_terraform_integration\research_iac\integration\outputs_v2\llama3_1_8b\P1\terraform\question_0212.tf'...
[Cache] Cache saved to cache.pkl (1552 entries)
[Cache] Cache saved to cache.pkl (1552 entries)
[2026-07-12 19:03:53]   auditando question_0215.tf (con qwen25-coder-audit)...
Configuration loaded from cache_config.yaml
[Cache] Cache loaded from cache.pkl with 1552 entries (saved at 2026-07-12 19:03:52)
[Cache] Cache initialized with TTL=-1s, max_entries=-1
[*] Evaluando regla 'hard_coded_secret' en archivo 'C:\Users\erick\OneDrive\Escritorio\New folder\secllm_terraform_integration\research_iac\integration\outputs_v2\llama3_1_8b\P1\terraform\question_0215.tf'...
[*] Evaluando regla 'empty_password' en archivo 'C:\Users\erick\OneDrive\Escritorio\New folder\secllm_terraform_integration\research_iac\integration\outputs_v2\llama3_1_8b\P1\terraform\question_0215.tf'...
[*] Evaluando regla 'admin_by_default' en archivo 'C:\Users\erick\OneDrive\Escritorio\New folder\secllm_terraform_integration\research_iac\integration\outputs_v2\llama3_1_8b\P1\terraform\question_0215.tf'...
[*] Evaluando regla 'unrestricted_ip_address' en archivo 'C:\Users\erick\OneDrive\Escritorio\New folder\secllm_terraform_integration\research_iac\integration\outputs_v2\llama3_1_8b\P1\terraform\question_0215.tf'...
[*] Evaluando regla 'use_of_http_without_tls' en archivo 'C:\Users\erick\OneDrive\Escritorio\New folder\secllm_terraform_integration\research_iac\integration\outputs_v2\llama3_1_8b\P1\terraform\question_0215.tf'...
[*] Evaluando regla 'no_integrity_check' en archivo 'C:\Users\erick\OneDrive\Escritorio\New folder\secllm_terraform_integration\research_iac\integration\outputs_v2\llama3_1_8b\P1\terraform\question_0215.tf'...
[*] Evaluando regla 'use_of_weak_cryptography' en archivo 'C:\Users\erick\OneDrive\Escritorio\New folder\secllm_terraform_integration\research_iac\integration\outputs_v2\llama3_1_8b\P1\terraform\question_0215.tf'...
[*] Evaluando regla 'suspicious_comment' en archivo 'C:\Users\erick\OneDrive\Escritorio\New folder\secllm_terraform_integration\research_iac\integration\outputs_v2\llama3_1_8b\P1\terraform\question_0215.tf'...
[Cache] Cache saved to cache.pkl (1560 entries)
[Cache] Cache saved to cache.pkl (1560 entries)
[2026-07-12 19:04:25]   auditando question_0231.tf (con qwen25-coder-audit)...
Configuration loaded from cache_config.yaml
[Cache] Cache loaded from cache.pkl with 1560 entries (saved at 2026-07-12 19:04:23)
[Cache] Cache initialized with TTL=-1s, max_entries=-1
[*] Evaluando regla 'hard_coded_secret' en archivo 'C:\Users\erick\OneDrive\Escritorio\New folder\secllm_terraform_integration\research_iac\integration\outputs_v2\llama3_1_8b\P1\terraform\question_0231.tf'...
[*] Evaluando regla 'empty_password' en archivo 'C:\Users\erick\OneDrive\Escritorio\New folder\secllm_terraform_integration\research_iac\integration\outputs_v2\llama3_1_8b\P1\terraform\question_0231.tf'...
[*] Evaluando regla 'admin_by_default' en archivo 'C:\Users\erick\OneDrive\Escritorio\New folder\secllm_terraform_integration\research_iac\integration\outputs_v2\llama3_1_8b\P1\terraform\question_0231.tf'...
[*] Evaluando regla 'unrestricted_ip_address' en archivo 'C:\Users\erick\OneDrive\Escritorio\New folder\secllm_terraform_integration\research_iac\integration\outputs_v2\llama3_1_8b\P1\terraform\question_0231.tf'...
[*] Evaluando regla 'use_of_http_without_tls' en archivo 'C:\Users\erick\OneDrive\Escritorio\New folder\secllm_terraform_integration\research_iac\integration\outputs_v2\llama3_1_8b\P1\terraform\question_0231.tf'...
[*] Evaluando regla 'no_integrity_check' en archivo 'C:\Users\erick\OneDrive\Escritorio\New folder\secllm_terraform_integration\research_iac\integration\outputs_v2\llama3_1_8b\P1\terraform\question_0231.tf'...
[*] Evaluando regla 'use_of_weak_cryptography' en archivo 'C:\Users\erick\OneDrive\Escritorio\New folder\secllm_terraform_integration\research_iac\integration\outputs_v2\llama3_1_8b\P1\terraform\question_0231.tf'...
[*] Evaluando regla 'suspicious_comment' en archivo 'C:\Users\erick\OneDrive\Escritorio\New folder\secllm_terraform_integration\research_iac\integration\outputs_v2\llama3_1_8b\P1\terraform\question_0231.tf'...
[Cache] Cache saved to cache.pkl (1568 entries)
[Cache] Cache saved to cache.pkl (1568 entries)
[2026-07-12 19:05:16]   auditando question_0234.tf (con qwen25-coder-audit)...
Configuration loaded from cache_config.yaml
[Cache] Cache loaded from cache.pkl with 1568 entries (saved at 2026-07-12 19:05:15)
[Cache] Cache initialized with TTL=-1s, max_entries=-1
[*] Evaluando regla 'hard_coded_secret' en archivo 'C:\Users\erick\OneDrive\Escritorio\New folder\secllm_terraform_integration\research_iac\integration\outputs_v2\llama3_1_8b\P1\terraform\question_0234.tf'...
[*] Evaluando regla 'empty_password' en archivo 'C:\Users\erick\OneDrive\Escritorio\New folder\secllm_terraform_integration\research_iac\integration\outputs_v2\llama3_1_8b\P1\terraform\question_0234.tf'...
[*] Evaluando regla 'admin_by_default' en archivo 'C:\Users\erick\OneDrive\Escritorio\New folder\secllm_terraform_integration\research_iac\integration\outputs_v2\llama3_1_8b\P1\terraform\question_0234.tf'...
[*] Evaluando regla 'unrestricted_ip_address' en archivo 'C:\Users\erick\OneDrive\Escritorio\New folder\secllm_terraform_integration\research_iac\integration\outputs_v2\llama3_1_8b\P1\terraform\question_0234.tf'...
[*] Evaluando regla 'use_of_http_without_tls' en archivo 'C:\Users\erick\OneDrive\Escritorio\New folder\secllm_terraform_integration\research_iac\integration\outputs_v2\llama3_1_8b\P1\terraform\question_0234.tf'...
[*] Evaluando regla 'no_integrity_check' en archivo 'C:\Users\erick\OneDrive\Escritorio\New folder\secllm_terraform_integration\research_iac\integration\outputs_v2\llama3_1_8b\P1\terraform\question_0234.tf'...
[*] Evaluando regla 'use_of_weak_cryptography' en archivo 'C:\Users\erick\OneDrive\Escritorio\New folder\secllm_terraform_integration\research_iac\integration\outputs_v2\llama3_1_8b\P1\terraform\question_0234.tf'...
[*] Evaluando regla 'suspicious_comment' en archivo 'C:\Users\erick\OneDrive\Escritorio\New folder\secllm_terraform_integration\research_iac\integration\outputs_v2\llama3_1_8b\P1\terraform\question_0234.tf'...
[Cache] Cache saved to cache.pkl (1576 entries)
[Cache] Cache saved to cache.pkl (1576 entries)
[2026-07-12 19:05:49]   auditando question_0249.tf (con qwen25-coder-audit)...
Configuration loaded from cache_config.yaml
[Cache] Cache loaded from cache.pkl with 1576 entries (saved at 2026-07-12 19:05:47)
[Cache] Cache initialized with TTL=-1s, max_entries=-1
[*] Evaluando regla 'hard_coded_secret' en archivo 'C:\Users\erick\OneDrive\Escritorio\New folder\secllm_terraform_integration\research_iac\integration\outputs_v2\llama3_1_8b\P1\terraform\question_0249.tf'...
[*] Evaluando regla 'empty_password' en archivo 'C:\Users\erick\OneDrive\Escritorio\New folder\secllm_terraform_integration\research_iac\integration\outputs_v2\llama3_1_8b\P1\terraform\question_0249.tf'...
[*] Evaluando regla 'admin_by_default' en archivo 'C:\Users\erick\OneDrive\Escritorio\New folder\secllm_terraform_integration\research_iac\integration\outputs_v2\llama3_1_8b\P1\terraform\question_0249.tf'...
[*] Evaluando regla 'unrestricted_ip_address' en archivo 'C:\Users\erick\OneDrive\Escritorio\New folder\secllm_terraform_integration\research_iac\integration\outputs_v2\llama3_1_8b\P1\terraform\question_0249.tf'...
[*] Evaluando regla 'use_of_http_without_tls' en archivo 'C:\Users\erick\OneDrive\Escritorio\New folder\secllm_terraform_integration\research_iac\integration\outputs_v2\llama3_1_8b\P1\terraform\question_0249.tf'...
[*] Evaluando regla 'no_integrity_check' en archivo 'C:\Users\erick\OneDrive\Escritorio\New folder\secllm_terraform_integration\research_iac\integration\outputs_v2\llama3_1_8b\P1\terraform\question_0249.tf'...
[*] Evaluando regla 'use_of_weak_cryptography' en archivo 'C:\Users\erick\OneDrive\Escritorio\New folder\secllm_terraform_integration\research_iac\integration\outputs_v2\llama3_1_8b\P1\terraform\question_0249.tf'...
[*] Evaluando regla 'suspicious_comment' en archivo 'C:\Users\erick\OneDrive\Escritorio\New folder\secllm_terraform_integration\research_iac\integration\outputs_v2\llama3_1_8b\P1\terraform\question_0249.tf'...
[Cache] Cache saved to cache.pkl (1584 entries)
[Cache] Cache saved to cache.pkl (1584 entries)
[2026-07-12 19:06:47]   auditando question_0255.tf (con qwen25-coder-audit)...
Configuration loaded from cache_config.yaml
[Cache] Cache loaded from cache.pkl with 1584 entries (saved at 2026-07-12 19:06:45)
[Cache] Cache initialized with TTL=-1s, max_entries=-1
[*] Evaluando regla 'hard_coded_secret' en archivo 'C:\Users\erick\OneDrive\Escritorio\New folder\secllm_terraform_integration\research_iac\integration\outputs_v2\llama3_1_8b\P1\terraform\question_0255.tf'...
[*] Evaluando regla 'empty_password' en archivo 'C:\Users\erick\OneDrive\Escritorio\New folder\secllm_terraform_integration\research_iac\integration\outputs_v2\llama3_1_8b\P1\terraform\question_0255.tf'...
[*] Evaluando regla 'admin_by_default' en archivo 'C:\Users\erick\OneDrive\Escritorio\New folder\secllm_terraform_integration\research_iac\integration\outputs_v2\llama3_1_8b\P1\terraform\question_0255.tf'...
[*] Evaluando regla 'unrestricted_ip_address' en archivo 'C:\Users\erick\OneDrive\Escritorio\New folder\secllm_terraform_integration\research_iac\integration\outputs_v2\llama3_1_8b\P1\terraform\question_0255.tf'...
[*] Evaluando regla 'use_of_http_without_tls' en archivo 'C:\Users\erick\OneDrive\Escritorio\New folder\secllm_terraform_integration\research_iac\integration\outputs_v2\llama3_1_8b\P1\terraform\question_0255.tf'...
[*] Evaluando regla 'no_integrity_check' en archivo 'C:\Users\erick\OneDrive\Escritorio\New folder\secllm_terraform_integration\research_iac\integration\outputs_v2\llama3_1_8b\P1\terraform\question_0255.tf'...
[*] Evaluando regla 'use_of_weak_cryptography' en archivo 'C:\Users\erick\OneDrive\Escritorio\New folder\secllm_terraform_integration\research_iac\integration\outputs_v2\llama3_1_8b\P1\terraform\question_0255.tf'...
[*] Evaluando regla 'suspicious_comment' en archivo 'C:\Users\erick\OneDrive\Escritorio\New folder\secllm_terraform_integration\research_iac\integration\outputs_v2\llama3_1_8b\P1\terraform\question_0255.tf'...
[Cache] Cache saved to cache.pkl (1592 entries)
[Cache] Cache saved to cache.pkl (1592 entries)
[2026-07-12 19:07:18]   auditando question_0261.tf (con qwen25-coder-audit)...
Configuration loaded from cache_config.yaml
[Cache] Cache loaded from cache.pkl with 1592 entries (saved at 2026-07-12 19:07:16)
[Cache] Cache initialized with TTL=-1s, max_entries=-1
[*] Evaluando regla 'hard_coded_secret' en archivo 'C:\Users\erick\OneDrive\Escritorio\New folder\secllm_terraform_integration\research_iac\integration\outputs_v2\llama3_1_8b\P1\terraform\question_0261.tf'...
[*] Evaluando regla 'empty_password' en archivo 'C:\Users\erick\OneDrive\Escritorio\New folder\secllm_terraform_integration\research_iac\integration\outputs_v2\llama3_1_8b\P1\terraform\question_0261.tf'...
[*] Evaluando regla 'admin_by_default' en archivo 'C:\Users\erick\OneDrive\Escritorio\New folder\secllm_terraform_integration\research_iac\integration\outputs_v2\llama3_1_8b\P1\terraform\question_0261.tf'...
[*] Evaluando regla 'unrestricted_ip_address' en archivo 'C:\Users\erick\OneDrive\Escritorio\New folder\secllm_terraform_integration\research_iac\integration\outputs_v2\llama3_1_8b\P1\terraform\question_0261.tf'...
[*] Evaluando regla 'use_of_http_without_tls' en archivo 'C:\Users\erick\OneDrive\Escritorio\New folder\secllm_terraform_integration\research_iac\integration\outputs_v2\llama3_1_8b\P1\terraform\question_0261.tf'...
[*] Evaluando regla 'no_integrity_check' en archivo 'C:\Users\erick\OneDrive\Escritorio\New folder\secllm_terraform_integration\research_iac\integration\outputs_v2\llama3_1_8b\P1\terraform\question_0261.tf'...
[*] Evaluando regla 'use_of_weak_cryptography' en archivo 'C:\Users\erick\OneDrive\Escritorio\New folder\secllm_terraform_integration\research_iac\integration\outputs_v2\llama3_1_8b\P1\terraform\question_0261.tf'...
[*] Evaluando regla 'suspicious_comment' en archivo 'C:\Users\erick\OneDrive\Escritorio\New folder\secllm_terraform_integration\research_iac\integration\outputs_v2\llama3_1_8b\P1\terraform\question_0261.tf'...
[Cache] Cache saved to cache.pkl (1600 entries)
[Cache] Cache saved to cache.pkl (1600 entries)
[2026-07-12 19:08:09]   auditando question_0262.tf (con qwen25-coder-audit)...
Configuration loaded from cache_config.yaml
[Cache] Cache loaded from cache.pkl with 1600 entries (saved at 2026-07-12 19:08:07)
[Cache] Cache initialized with TTL=-1s, max_entries=-1
[*] Evaluando regla 'hard_coded_secret' en archivo 'C:\Users\erick\OneDrive\Escritorio\New folder\secllm_terraform_integration\research_iac\integration\outputs_v2\llama3_1_8b\P1\terraform\question_0262.tf'...
[*] Evaluando regla 'empty_password' en archivo 'C:\Users\erick\OneDrive\Escritorio\New folder\secllm_terraform_integration\research_iac\integration\outputs_v2\llama3_1_8b\P1\terraform\question_0262.tf'...
[*] Evaluando regla 'admin_by_default' en archivo 'C:\Users\erick\OneDrive\Escritorio\New folder\secllm_terraform_integration\research_iac\integration\outputs_v2\llama3_1_8b\P1\terraform\question_0262.tf'...
[*] Evaluando regla 'unrestricted_ip_address' en archivo 'C:\Users\erick\OneDrive\Escritorio\New folder\secllm_terraform_integration\research_iac\integration\outputs_v2\llama3_1_8b\P1\terraform\question_0262.tf'...
[*] Evaluando regla 'use_of_http_without_tls' en archivo 'C:\Users\erick\OneDrive\Escritorio\New folder\secllm_terraform_integration\research_iac\integration\outputs_v2\llama3_1_8b\P1\terraform\question_0262.tf'...
[*] Evaluando regla 'no_integrity_check' en archivo 'C:\Users\erick\OneDrive\Escritorio\New folder\secllm_terraform_integration\research_iac\integration\outputs_v2\llama3_1_8b\P1\terraform\question_0262.tf'...
[*] Evaluando regla 'use_of_weak_cryptography' en archivo 'C:\Users\erick\OneDrive\Escritorio\New folder\secllm_terraform_integration\research_iac\integration\outputs_v2\llama3_1_8b\P1\terraform\question_0262.tf'...
[*] Evaluando regla 'suspicious_comment' en archivo 'C:\Users\erick\OneDrive\Escritorio\New folder\secllm_terraform_integration\research_iac\integration\outputs_v2\llama3_1_8b\P1\terraform\question_0262.tf'...
[Cache] Cache saved to cache.pkl (1608 entries)
[Cache] Cache saved to cache.pkl (1608 entries)
[2026-07-12 19:09:03]   auditando question_0285.tf (con qwen25-coder-audit)...
Configuration loaded from cache_config.yaml
[Cache] Cache loaded from cache.pkl with 1608 entries (saved at 2026-07-12 19:09:01)
[Cache] Cache initialized with TTL=-1s, max_entries=-1
[*] Evaluando regla 'hard_coded_secret' en archivo 'C:\Users\erick\OneDrive\Escritorio\New folder\secllm_terraform_integration\research_iac\integration\outputs_v2\llama3_1_8b\P1\terraform\question_0285.tf'...
[*] Evaluando regla 'empty_password' en archivo 'C:\Users\erick\OneDrive\Escritorio\New folder\secllm_terraform_integration\research_iac\integration\outputs_v2\llama3_1_8b\P1\terraform\question_0285.tf'...
[*] Evaluando regla 'admin_by_default' en archivo 'C:\Users\erick\OneDrive\Escritorio\New folder\secllm_terraform_integration\research_iac\integration\outputs_v2\llama3_1_8b\P1\terraform\question_0285.tf'...
[*] Evaluando regla 'unrestricted_ip_address' en archivo 'C:\Users\erick\OneDrive\Escritorio\New folder\secllm_terraform_integration\research_iac\integration\outputs_v2\llama3_1_8b\P1\terraform\question_0285.tf'...
[*] Evaluando regla 'use_of_http_without_tls' en archivo 'C:\Users\erick\OneDrive\Escritorio\New folder\secllm_terraform_integration\research_iac\integration\outputs_v2\llama3_1_8b\P1\terraform\question_0285.tf'...
[*] Evaluando regla 'no_integrity_check' en archivo 'C:\Users\erick\OneDrive\Escritorio\New folder\secllm_terraform_integration\research_iac\integration\outputs_v2\llama3_1_8b\P1\terraform\question_0285.tf'...
[*] Evaluando regla 'use_of_weak_cryptography' en archivo 'C:\Users\erick\OneDrive\Escritorio\New folder\secllm_terraform_integration\research_iac\integration\outputs_v2\llama3_1_8b\P1\terraform\question_0285.tf'...
[*] Evaluando regla 'suspicious_comment' en archivo 'C:\Users\erick\OneDrive\Escritorio\New folder\secllm_terraform_integration\research_iac\integration\outputs_v2\llama3_1_8b\P1\terraform\question_0285.tf'...
[Cache] Cache saved to cache.pkl (1616 entries)
[Cache] Cache saved to cache.pkl (1616 entries)
[2026-07-12 19:09:58]   auditando question_0289.tf (con qwen25-coder-audit)...
Configuration loaded from cache_config.yaml
[Cache] Cache loaded from cache.pkl with 1616 entries (saved at 2026-07-12 19:09:56)
[Cache] Cache initialized with TTL=-1s, max_entries=-1
[*] Evaluando regla 'hard_coded_secret' en archivo 'C:\Users\erick\OneDrive\Escritorio\New folder\secllm_terraform_integration\research_iac\integration\outputs_v2\llama3_1_8b\P1\terraform\question_0289.tf'...
[*] Evaluando regla 'empty_password' en archivo 'C:\Users\erick\OneDrive\Escritorio\New folder\secllm_terraform_integration\research_iac\integration\outputs_v2\llama3_1_8b\P1\terraform\question_0289.tf'...
[*] Evaluando regla 'admin_by_default' en archivo 'C:\Users\erick\OneDrive\Escritorio\New folder\secllm_terraform_integration\research_iac\integration\outputs_v2\llama3_1_8b\P1\terraform\question_0289.tf'...
[*] Evaluando regla 'unrestricted_ip_address' en archivo 'C:\Users\erick\OneDrive\Escritorio\New folder\secllm_terraform_integration\research_iac\integration\outputs_v2\llama3_1_8b\P1\terraform\question_0289.tf'...
[*] Evaluando regla 'use_of_http_without_tls' en archivo 'C:\Users\erick\OneDrive\Escritorio\New folder\secllm_terraform_integration\research_iac\integration\outputs_v2\llama3_1_8b\P1\terraform\question_0289.tf'...
[*] Evaluando regla 'no_integrity_check' en archivo 'C:\Users\erick\OneDrive\Escritorio\New folder\secllm_terraform_integration\research_iac\integration\outputs_v2\llama3_1_8b\P1\terraform\question_0289.tf'...
[*] Evaluando regla 'use_of_weak_cryptography' en archivo 'C:\Users\erick\OneDrive\Escritorio\New folder\secllm_terraform_integration\research_iac\integration\outputs_v2\llama3_1_8b\P1\terraform\question_0289.tf'...
[*] Evaluando regla 'suspicious_comment' en archivo 'C:\Users\erick\OneDrive\Escritorio\New folder\secllm_terraform_integration\research_iac\integration\outputs_v2\llama3_1_8b\P1\terraform\question_0289.tf'...
[Cache] Cache saved to cache.pkl (1624 entries)
[Cache] Cache saved to cache.pkl (1624 entries)
[2026-07-12 19:10:29]   auditando question_0290.tf (con qwen25-coder-audit)...
Configuration loaded from cache_config.yaml
[Cache] Cache loaded from cache.pkl with 1624 entries (saved at 2026-07-12 19:10:27)
[Cache] Cache initialized with TTL=-1s, max_entries=-1
[*] Evaluando regla 'hard_coded_secret' en archivo 'C:\Users\erick\OneDrive\Escritorio\New folder\secllm_terraform_integration\research_iac\integration\outputs_v2\llama3_1_8b\P1\terraform\question_0290.tf'...
[*] Evaluando regla 'empty_password' en archivo 'C:\Users\erick\OneDrive\Escritorio\New folder\secllm_terraform_integration\research_iac\integration\outputs_v2\llama3_1_8b\P1\terraform\question_0290.tf'...
[*] Evaluando regla 'admin_by_default' en archivo 'C:\Users\erick\OneDrive\Escritorio\New folder\secllm_terraform_integration\research_iac\integration\outputs_v2\llama3_1_8b\P1\terraform\question_0290.tf'...
[*] Evaluando regla 'unrestricted_ip_address' en archivo 'C:\Users\erick\OneDrive\Escritorio\New folder\secllm_terraform_integration\research_iac\integration\outputs_v2\llama3_1_8b\P1\terraform\question_0290.tf'...
[*] Evaluando regla 'use_of_http_without_tls' en archivo 'C:\Users\erick\OneDrive\Escritorio\New folder\secllm_terraform_integration\research_iac\integration\outputs_v2\llama3_1_8b\P1\terraform\question_0290.tf'...
[*] Evaluando regla 'no_integrity_check' en archivo 'C:\Users\erick\OneDrive\Escritorio\New folder\secllm_terraform_integration\research_iac\integration\outputs_v2\llama3_1_8b\P1\terraform\question_0290.tf'...
[*] Evaluando regla 'use_of_weak_cryptography' en archivo 'C:\Users\erick\OneDrive\Escritorio\New folder\secllm_terraform_integration\research_iac\integration\outputs_v2\llama3_1_8b\P1\terraform\question_0290.tf'...
[*] Evaluando regla 'suspicious_comment' en archivo 'C:\Users\erick\OneDrive\Escritorio\New folder\secllm_terraform_integration\research_iac\integration\outputs_v2\llama3_1_8b\P1\terraform\question_0290.tf'...
[Cache] Cache saved to cache.pkl (1632 entries)
[Cache] Cache saved to cache.pkl (1632 entries)
[2026-07-12 19:10:58]   auditando question_0336.tf (con qwen25-coder-audit)...
Configuration loaded from cache_config.yaml
[Cache] Cache loaded from cache.pkl with 1632 entries (saved at 2026-07-12 19:10:56)
[Cache] Cache initialized with TTL=-1s, max_entries=-1
[*] Evaluando regla 'hard_coded_secret' en archivo 'C:\Users\erick\OneDrive\Escritorio\New folder\secllm_terraform_integration\research_iac\integration\outputs_v2\llama3_1_8b\P1\terraform\question_0336.tf'...
[*] Evaluando regla 'empty_password' en archivo 'C:\Users\erick\OneDrive\Escritorio\New folder\secllm_terraform_integration\research_iac\integration\outputs_v2\llama3_1_8b\P1\terraform\question_0336.tf'...
[*] Evaluando regla 'admin_by_default' en archivo 'C:\Users\erick\OneDrive\Escritorio\New folder\secllm_terraform_integration\research_iac\integration\outputs_v2\llama3_1_8b\P1\terraform\question_0336.tf'...
[*] Evaluando regla 'unrestricted_ip_address' en archivo 'C:\Users\erick\OneDrive\Escritorio\New folder\secllm_terraform_integration\research_iac\integration\outputs_v2\llama3_1_8b\P1\terraform\question_0336.tf'...
[*] Evaluando regla 'use_of_http_without_tls' en archivo 'C:\Users\erick\OneDrive\Escritorio\New folder\secllm_terraform_integration\research_iac\integration\outputs_v2\llama3_1_8b\P1\terraform\question_0336.tf'...
[*] Evaluando regla 'no_integrity_check' en archivo 'C:\Users\erick\OneDrive\Escritorio\New folder\secllm_terraform_integration\research_iac\integration\outputs_v2\llama3_1_8b\P1\terraform\question_0336.tf'...
[*] Evaluando regla 'use_of_weak_cryptography' en archivo 'C:\Users\erick\OneDrive\Escritorio\New folder\secllm_terraform_integration\research_iac\integration\outputs_v2\llama3_1_8b\P1\terraform\question_0336.tf'...
[*] Evaluando regla 'suspicious_comment' en archivo 'C:\Users\erick\OneDrive\Escritorio\New folder\secllm_terraform_integration\research_iac\integration\outputs_v2\llama3_1_8b\P1\terraform\question_0336.tf'...
[Cache] Cache saved to cache.pkl (1640 entries)
[Cache] Cache saved to cache.pkl (1640 entries)
[2026-07-12 19:11:51]   auditando question_0342.tf (con qwen25-coder-audit)...
Configuration loaded from cache_config.yaml
[Cache] Cache loaded from cache.pkl with 1640 entries (saved at 2026-07-12 19:11:50)
[Cache] Cache initialized with TTL=-1s, max_entries=-1
[*] Evaluando regla 'hard_coded_secret' en archivo 'C:\Users\erick\OneDrive\Escritorio\New folder\secllm_terraform_integration\research_iac\integration\outputs_v2\llama3_1_8b\P1\terraform\question_0342.tf'...
[*] Evaluando regla 'empty_password' en archivo 'C:\Users\erick\OneDrive\Escritorio\New folder\secllm_terraform_integration\research_iac\integration\outputs_v2\llama3_1_8b\P1\terraform\question_0342.tf'...
[*] Evaluando regla 'admin_by_default' en archivo 'C:\Users\erick\OneDrive\Escritorio\New folder\secllm_terraform_integration\research_iac\integration\outputs_v2\llama3_1_8b\P1\terraform\question_0342.tf'...
[*] Evaluando regla 'unrestricted_ip_address' en archivo 'C:\Users\erick\OneDrive\Escritorio\New folder\secllm_terraform_integration\research_iac\integration\outputs_v2\llama3_1_8b\P1\terraform\question_0342.tf'...
[*] Evaluando regla 'use_of_http_without_tls' en archivo 'C:\Users\erick\OneDrive\Escritorio\New folder\secllm_terraform_integration\research_iac\integration\outputs_v2\llama3_1_8b\P1\terraform\question_0342.tf'...
[*] Evaluando regla 'no_integrity_check' en archivo 'C:\Users\erick\OneDrive\Escritorio\New folder\secllm_terraform_integration\research_iac\integration\outputs_v2\llama3_1_8b\P1\terraform\question_0342.tf'...
[*] Evaluando regla 'use_of_weak_cryptography' en archivo 'C:\Users\erick\OneDrive\Escritorio\New folder\secllm_terraform_integration\research_iac\integration\outputs_v2\llama3_1_8b\P1\terraform\question_0342.tf'...
[*] Evaluando regla 'suspicious_comment' en archivo 'C:\Users\erick\OneDrive\Escritorio\New folder\secllm_terraform_integration\research_iac\integration\outputs_v2\llama3_1_8b\P1\terraform\question_0342.tf'...
[Cache] Cache saved to cache.pkl (1648 entries)
[Cache] Cache saved to cache.pkl (1648 entries)
[2026-07-12 19:12:47]   auditando question_0353.tf (con qwen25-coder-audit)...
Configuration loaded from cache_config.yaml
[Cache] Cache loaded from cache.pkl with 1648 entries (saved at 2026-07-12 19:12:45)
[Cache] Cache initialized with TTL=-1s, max_entries=-1
[*] Evaluando regla 'hard_coded_secret' en archivo 'C:\Users\erick\OneDrive\Escritorio\New folder\secllm_terraform_integration\research_iac\integration\outputs_v2\llama3_1_8b\P1\terraform\question_0353.tf'...
[*] Evaluando regla 'empty_password' en archivo 'C:\Users\erick\OneDrive\Escritorio\New folder\secllm_terraform_integration\research_iac\integration\outputs_v2\llama3_1_8b\P1\terraform\question_0353.tf'...
[*] Evaluando regla 'admin_by_default' en archivo 'C:\Users\erick\OneDrive\Escritorio\New folder\secllm_terraform_integration\research_iac\integration\outputs_v2\llama3_1_8b\P1\terraform\question_0353.tf'...
[*] Evaluando regla 'unrestricted_ip_address' en archivo 'C:\Users\erick\OneDrive\Escritorio\New folder\secllm_terraform_integration\research_iac\integration\outputs_v2\llama3_1_8b\P1\terraform\question_0353.tf'...
[*] Evaluando regla 'use_of_http_without_tls' en archivo 'C:\Users\erick\OneDrive\Escritorio\New folder\secllm_terraform_integration\research_iac\integration\outputs_v2\llama3_1_8b\P1\terraform\question_0353.tf'...
[*] Evaluando regla 'no_integrity_check' en archivo 'C:\Users\erick\OneDrive\Escritorio\New folder\secllm_terraform_integration\research_iac\integration\outputs_v2\llama3_1_8b\P1\terraform\question_0353.tf'...
[*] Evaluando regla 'use_of_weak_cryptography' en archivo 'C:\Users\erick\OneDrive\Escritorio\New folder\secllm_terraform_integration\research_iac\integration\outputs_v2\llama3_1_8b\P1\terraform\question_0353.tf'...
[*] Evaluando regla 'suspicious_comment' en archivo 'C:\Users\erick\OneDrive\Escritorio\New folder\secllm_terraform_integration\research_iac\integration\outputs_v2\llama3_1_8b\P1\terraform\question_0353.tf'...
[Cache] Cache saved to cache.pkl (1656 entries)
[Cache] Cache saved to cache.pkl (1656 entries)
[2026-07-12 19:13:35]   auditando question_0361.tf (con qwen25-coder-audit)...
Configuration loaded from cache_config.yaml
[Cache] Cache loaded from cache.pkl with 1656 entries (saved at 2026-07-12 19:13:34)
[Cache] Cache initialized with TTL=-1s, max_entries=-1
[*] Evaluando regla 'hard_coded_secret' en archivo 'C:\Users\erick\OneDrive\Escritorio\New folder\secllm_terraform_integration\research_iac\integration\outputs_v2\llama3_1_8b\P1\terraform\question_0361.tf'...
[*] Evaluando regla 'empty_password' en archivo 'C:\Users\erick\OneDrive\Escritorio\New folder\secllm_terraform_integration\research_iac\integration\outputs_v2\llama3_1_8b\P1\terraform\question_0361.tf'...
[*] Evaluando regla 'admin_by_default' en archivo 'C:\Users\erick\OneDrive\Escritorio\New folder\secllm_terraform_integration\research_iac\integration\outputs_v2\llama3_1_8b\P1\terraform\question_0361.tf'...
[*] Evaluando regla 'unrestricted_ip_address' en archivo 'C:\Users\erick\OneDrive\Escritorio\New folder\secllm_terraform_integration\research_iac\integration\outputs_v2\llama3_1_8b\P1\terraform\question_0361.tf'...
[*] Evaluando regla 'use_of_http_without_tls' en archivo 'C:\Users\erick\OneDrive\Escritorio\New folder\secllm_terraform_integration\research_iac\integration\outputs_v2\llama3_1_8b\P1\terraform\question_0361.tf'...
[*] Evaluando regla 'no_integrity_check' en archivo 'C:\Users\erick\OneDrive\Escritorio\New folder\secllm_terraform_integration\research_iac\integration\outputs_v2\llama3_1_8b\P1\terraform\question_0361.tf'...
[*] Evaluando regla 'use_of_weak_cryptography' en archivo 'C:\Users\erick\OneDrive\Escritorio\New folder\secllm_terraform_integration\research_iac\integration\outputs_v2\llama3_1_8b\P1\terraform\question_0361.tf'...
[*] Evaluando regla 'suspicious_comment' en archivo 'C:\Users\erick\OneDrive\Escritorio\New folder\secllm_terraform_integration\research_iac\integration\outputs_v2\llama3_1_8b\P1\terraform\question_0361.tf'...
[Cache] Cache saved to cache.pkl (1664 entries)
[Cache] Cache saved to cache.pkl (1664 entries)
[2026-07-12 19:13:58]   auditando question_0362.tf (con qwen25-coder-audit)...
Configuration loaded from cache_config.yaml
[Cache] Cache loaded from cache.pkl with 1664 entries (saved at 2026-07-12 19:13:57)
[Cache] Cache initialized with TTL=-1s, max_entries=-1
[*] Evaluando regla 'hard_coded_secret' en archivo 'C:\Users\erick\OneDrive\Escritorio\New folder\secllm_terraform_integration\research_iac\integration\outputs_v2\llama3_1_8b\P1\terraform\question_0362.tf'...
[*] Evaluando regla 'empty_password' en archivo 'C:\Users\erick\OneDrive\Escritorio\New folder\secllm_terraform_integration\research_iac\integration\outputs_v2\llama3_1_8b\P1\terraform\question_0362.tf'...
[*] Evaluando regla 'admin_by_default' en archivo 'C:\Users\erick\OneDrive\Escritorio\New folder\secllm_terraform_integration\research_iac\integration\outputs_v2\llama3_1_8b\P1\terraform\question_0362.tf'...
[*] Evaluando regla 'unrestricted_ip_address' en archivo 'C:\Users\erick\OneDrive\Escritorio\New folder\secllm_terraform_integration\research_iac\integration\outputs_v2\llama3_1_8b\P1\terraform\question_0362.tf'...
[*] Evaluando regla 'use_of_http_without_tls' en archivo 'C:\Users\erick\OneDrive\Escritorio\New folder\secllm_terraform_integration\research_iac\integration\outputs_v2\llama3_1_8b\P1\terraform\question_0362.tf'...
[*] Evaluando regla 'no_integrity_check' en archivo 'C:\Users\erick\OneDrive\Escritorio\New folder\secllm_terraform_integration\research_iac\integration\outputs_v2\llama3_1_8b\P1\terraform\question_0362.tf'...
[*] Evaluando regla 'use_of_weak_cryptography' en archivo 'C:\Users\erick\OneDrive\Escritorio\New folder\secllm_terraform_integration\research_iac\integration\outputs_v2\llama3_1_8b\P1\terraform\question_0362.tf'...
[*] Evaluando regla 'suspicious_comment' en archivo 'C:\Users\erick\OneDrive\Escritorio\New folder\secllm_terraform_integration\research_iac\integration\outputs_v2\llama3_1_8b\P1\terraform\question_0362.tf'...
[Cache] Cache saved to cache.pkl (1672 entries)
[Cache] Cache saved to cache.pkl (1672 entries)
[2026-07-12 19:14:32]   auditando question_0375.tf (con qwen25-coder-audit)...
Configuration loaded from cache_config.yaml
[Cache] Cache loaded from cache.pkl with 1672 entries (saved at 2026-07-12 19:14:32)
[Cache] Cache initialized with TTL=-1s, max_entries=-1
[*] Evaluando regla 'hard_coded_secret' en archivo 'C:\Users\erick\OneDrive\Escritorio\New folder\secllm_terraform_integration\research_iac\integration\outputs_v2\llama3_1_8b\P1\terraform\question_0375.tf'...
[*] Evaluando regla 'empty_password' en archivo 'C:\Users\erick\OneDrive\Escritorio\New folder\secllm_terraform_integration\research_iac\integration\outputs_v2\llama3_1_8b\P1\terraform\question_0375.tf'...
[*] Evaluando regla 'admin_by_default' en archivo 'C:\Users\erick\OneDrive\Escritorio\New folder\secllm_terraform_integration\research_iac\integration\outputs_v2\llama3_1_8b\P1\terraform\question_0375.tf'...
[*] Evaluando regla 'unrestricted_ip_address' en archivo 'C:\Users\erick\OneDrive\Escritorio\New folder\secllm_terraform_integration\research_iac\integration\outputs_v2\llama3_1_8b\P1\terraform\question_0375.tf'...
[*] Evaluando regla 'use_of_http_without_tls' en archivo 'C:\Users\erick\OneDrive\Escritorio\New folder\secllm_terraform_integration\research_iac\integration\outputs_v2\llama3_1_8b\P1\terraform\question_0375.tf'...
[*] Evaluando regla 'no_integrity_check' en archivo 'C:\Users\erick\OneDrive\Escritorio\New folder\secllm_terraform_integration\research_iac\integration\outputs_v2\llama3_1_8b\P1\terraform\question_0375.tf'...
[*] Evaluando regla 'use_of_weak_cryptography' en archivo 'C:\Users\erick\OneDrive\Escritorio\New folder\secllm_terraform_integration\research_iac\integration\outputs_v2\llama3_1_8b\P1\terraform\question_0375.tf'...
[*] Evaluando regla 'suspicious_comment' en archivo 'C:\Users\erick\OneDrive\Escritorio\New folder\secllm_terraform_integration\research_iac\integration\outputs_v2\llama3_1_8b\P1\terraform\question_0375.tf'...
[Cache] Cache saved to cache.pkl (1680 entries)
[Cache] Cache saved to cache.pkl (1680 entries)
[2026-07-12 19:14:52]   auditando question_0400.tf (con qwen25-coder-audit)...
Configuration loaded from cache_config.yaml
[Cache] Cache loaded from cache.pkl with 1680 entries (saved at 2026-07-12 19:14:51)
[Cache] Cache initialized with TTL=-1s, max_entries=-1
[*] Evaluando regla 'hard_coded_secret' en archivo 'C:\Users\erick\OneDrive\Escritorio\New folder\secllm_terraform_integration\research_iac\integration\outputs_v2\llama3_1_8b\P1\terraform\question_0400.tf'...
[*] Evaluando regla 'empty_password' en archivo 'C:\Users\erick\OneDrive\Escritorio\New folder\secllm_terraform_integration\research_iac\integration\outputs_v2\llama3_1_8b\P1\terraform\question_0400.tf'...
[*] Evaluando regla 'admin_by_default' en archivo 'C:\Users\erick\OneDrive\Escritorio\New folder\secllm_terraform_integration\research_iac\integration\outputs_v2\llama3_1_8b\P1\terraform\question_0400.tf'...
[*] Evaluando regla 'unrestricted_ip_address' en archivo 'C:\Users\erick\OneDrive\Escritorio\New folder\secllm_terraform_integration\research_iac\integration\outputs_v2\llama3_1_8b\P1\terraform\question_0400.tf'...
[*] Evaluando regla 'use_of_http_without_tls' en archivo 'C:\Users\erick\OneDrive\Escritorio\New folder\secllm_terraform_integration\research_iac\integration\outputs_v2\llama3_1_8b\P1\terraform\question_0400.tf'...
[*] Evaluando regla 'no_integrity_check' en archivo 'C:\Users\erick\OneDrive\Escritorio\New folder\secllm_terraform_integration\research_iac\integration\outputs_v2\llama3_1_8b\P1\terraform\question_0400.tf'...
[*] Evaluando regla 'use_of_weak_cryptography' en archivo 'C:\Users\erick\OneDrive\Escritorio\New folder\secllm_terraform_integration\research_iac\integration\outputs_v2\llama3_1_8b\P1\terraform\question_0400.tf'...
[*] Evaluando regla 'suspicious_comment' en archivo 'C:\Users\erick\OneDrive\Escritorio\New folder\secllm_terraform_integration\research_iac\integration\outputs_v2\llama3_1_8b\P1\terraform\question_0400.tf'...
[Cache] Cache saved to cache.pkl (1688 entries)
[Cache] Cache saved to cache.pkl (1688 entries)
[2026-07-12 19:15:13]   auditando question_0415.tf (con qwen25-coder-audit)...
Configuration loaded from cache_config.yaml
[Cache] Cache loaded from cache.pkl with 1688 entries (saved at 2026-07-12 19:15:13)
[Cache] Cache initialized with TTL=-1s, max_entries=-1
[*] Evaluando regla 'hard_coded_secret' en archivo 'C:\Users\erick\OneDrive\Escritorio\New folder\secllm_terraform_integration\research_iac\integration\outputs_v2\llama3_1_8b\P1\terraform\question_0415.tf'...
[*] Evaluando regla 'empty_password' en archivo 'C:\Users\erick\OneDrive\Escritorio\New folder\secllm_terraform_integration\research_iac\integration\outputs_v2\llama3_1_8b\P1\terraform\question_0415.tf'...
[*] Evaluando regla 'admin_by_default' en archivo 'C:\Users\erick\OneDrive\Escritorio\New folder\secllm_terraform_integration\research_iac\integration\outputs_v2\llama3_1_8b\P1\terraform\question_0415.tf'...
[*] Evaluando regla 'unrestricted_ip_address' en archivo 'C:\Users\erick\OneDrive\Escritorio\New folder\secllm_terraform_integration\research_iac\integration\outputs_v2\llama3_1_8b\P1\terraform\question_0415.tf'...
[*] Evaluando regla 'use_of_http_without_tls' en archivo 'C:\Users\erick\OneDrive\Escritorio\New folder\secllm_terraform_integration\research_iac\integration\outputs_v2\llama3_1_8b\P1\terraform\question_0415.tf'...
[*] Evaluando regla 'no_integrity_check' en archivo 'C:\Users\erick\OneDrive\Escritorio\New folder\secllm_terraform_integration\research_iac\integration\outputs_v2\llama3_1_8b\P1\terraform\question_0415.tf'...
[*] Evaluando regla 'use_of_weak_cryptography' en archivo 'C:\Users\erick\OneDrive\Escritorio\New folder\secllm_terraform_integration\research_iac\integration\outputs_v2\llama3_1_8b\P1\terraform\question_0415.tf'...
[*] Evaluando regla 'suspicious_comment' en archivo 'C:\Users\erick\OneDrive\Escritorio\New folder\secllm_terraform_integration\research_iac\integration\outputs_v2\llama3_1_8b\P1\terraform\question_0415.tf'...
[Cache] Cache saved to cache.pkl (1696 entries)
[Cache] Cache saved to cache.pkl (1696 entries)
[2026-07-12 19:15:33]   auditando question_0422.tf (con qwen25-coder-audit)...
Configuration loaded from cache_config.yaml
[Cache] Cache loaded from cache.pkl with 1696 entries (saved at 2026-07-12 19:15:32)
[Cache] Cache initialized with TTL=-1s, max_entries=-1
[*] Evaluando regla 'hard_coded_secret' en archivo 'C:\Users\erick\OneDrive\Escritorio\New folder\secllm_terraform_integration\research_iac\integration\outputs_v2\llama3_1_8b\P1\terraform\question_0422.tf'...
[*] Evaluando regla 'empty_password' en archivo 'C:\Users\erick\OneDrive\Escritorio\New folder\secllm_terraform_integration\research_iac\integration\outputs_v2\llama3_1_8b\P1\terraform\question_0422.tf'...
[*] Evaluando regla 'admin_by_default' en archivo 'C:\Users\erick\OneDrive\Escritorio\New folder\secllm_terraform_integration\research_iac\integration\outputs_v2\llama3_1_8b\P1\terraform\question_0422.tf'...
[*] Evaluando regla 'unrestricted_ip_address' en archivo 'C:\Users\erick\OneDrive\Escritorio\New folder\secllm_terraform_integration\research_iac\integration\outputs_v2\llama3_1_8b\P1\terraform\question_0422.tf'...
[*] Evaluando regla 'use_of_http_without_tls' en archivo 'C:\Users\erick\OneDrive\Escritorio\New folder\secllm_terraform_integration\research_iac\integration\outputs_v2\llama3_1_8b\P1\terraform\question_0422.tf'...
[*] Evaluando regla 'no_integrity_check' en archivo 'C:\Users\erick\OneDrive\Escritorio\New folder\secllm_terraform_integration\research_iac\integration\outputs_v2\llama3_1_8b\P1\terraform\question_0422.tf'...
[*] Evaluando regla 'use_of_weak_cryptography' en archivo 'C:\Users\erick\OneDrive\Escritorio\New folder\secllm_terraform_integration\research_iac\integration\outputs_v2\llama3_1_8b\P1\terraform\question_0422.tf'...
[*] Evaluando regla 'suspicious_comment' en archivo 'C:\Users\erick\OneDrive\Escritorio\New folder\secllm_terraform_integration\research_iac\integration\outputs_v2\llama3_1_8b\P1\terraform\question_0422.tf'...
[Cache] Cache saved to cache.pkl (1704 entries)
[Cache] Cache saved to cache.pkl (1704 entries)
[2026-07-12 19:15:58] --- granite-code:8b [P0]: Auditor?a con auditor externo 'qwen25-coder-audit' ---
[2026-07-12 19:15:58]   auditando question_0000.tf (con qwen25-coder-audit)...
Configuration loaded from cache_config.yaml
[Cache] Cache loaded from cache.pkl with 1704 entries (saved at 2026-07-12 19:15:56)
[Cache] Cache initialized with TTL=-1s, max_entries=-1
[*] Evaluando regla 'hard_coded_secret' en archivo 'C:\Users\erick\OneDrive\Escritorio\New folder\secllm_terraform_integration\research_iac\integration\outputs_v2\granite-code_8b\P0\terraform\question_0000.tf'...
[*] Evaluando regla 'empty_password' en archivo 'C:\Users\erick\OneDrive\Escritorio\New folder\secllm_terraform_integration\research_iac\integration\outputs_v2\granite-code_8b\P0\terraform\question_0000.tf'...
[*] Evaluando regla 'admin_by_default' en archivo 'C:\Users\erick\OneDrive\Escritorio\New folder\secllm_terraform_integration\research_iac\integration\outputs_v2\granite-code_8b\P0\terraform\question_0000.tf'...
[*] Evaluando regla 'unrestricted_ip_address' en archivo 'C:\Users\erick\OneDrive\Escritorio\New folder\secllm_terraform_integration\research_iac\integration\outputs_v2\granite-code_8b\P0\terraform\question_0000.tf'...
[*] Evaluando regla 'use_of_http_without_tls' en archivo 'C:\Users\erick\OneDrive\Escritorio\New folder\secllm_terraform_integration\research_iac\integration\outputs_v2\granite-code_8b\P0\terraform\question_0000.tf'...
[*] Evaluando regla 'no_integrity_check' en archivo 'C:\Users\erick\OneDrive\Escritorio\New folder\secllm_terraform_integration\research_iac\integration\outputs_v2\granite-code_8b\P0\terraform\question_0000.tf'...
[*] Evaluando regla 'use_of_weak_cryptography' en archivo 'C:\Users\erick\OneDrive\Escritorio\New folder\secllm_terraform_integration\research_iac\integration\outputs_v2\granite-code_8b\P0\terraform\question_0000.tf'...
[*] Evaluando regla 'suspicious_comment' en archivo 'C:\Users\erick\OneDrive\Escritorio\New folder\secllm_terraform_integration\research_iac\integration\outputs_v2\granite-code_8b\P0\terraform\question_0000.tf'...
[Cache] Cache saved to cache.pkl (1712 entries)
[Cache] Cache saved to cache.pkl (1712 entries)
[2026-07-12 19:16:28]   auditando question_0003.tf (con qwen25-coder-audit)...
Configuration loaded from cache_config.yaml
[Cache] Cache loaded from cache.pkl with 1712 entries (saved at 2026-07-12 19:16:27)
[Cache] Cache initialized with TTL=-1s, max_entries=-1
[*] Evaluando regla 'hard_coded_secret' en archivo 'C:\Users\erick\OneDrive\Escritorio\New folder\secllm_terraform_integration\research_iac\integration\outputs_v2\granite-code_8b\P0\terraform\question_0003.tf'...
[*] Evaluando regla 'empty_password' en archivo 'C:\Users\erick\OneDrive\Escritorio\New folder\secllm_terraform_integration\research_iac\integration\outputs_v2\granite-code_8b\P0\terraform\question_0003.tf'...
[*] Evaluando regla 'admin_by_default' en archivo 'C:\Users\erick\OneDrive\Escritorio\New folder\secllm_terraform_integration\research_iac\integration\outputs_v2\granite-code_8b\P0\terraform\question_0003.tf'...
[*] Evaluando regla 'unrestricted_ip_address' en archivo 'C:\Users\erick\OneDrive\Escritorio\New folder\secllm_terraform_integration\research_iac\integration\outputs_v2\granite-code_8b\P0\terraform\question_0003.tf'...
[*] Evaluando regla 'use_of_http_without_tls' en archivo 'C:\Users\erick\OneDrive\Escritorio\New folder\secllm_terraform_integration\research_iac\integration\outputs_v2\granite-code_8b\P0\terraform\question_0003.tf'...
[*] Evaluando regla 'no_integrity_check' en archivo 'C:\Users\erick\OneDrive\Escritorio\New folder\secllm_terraform_integration\research_iac\integration\outputs_v2\granite-code_8b\P0\terraform\question_0003.tf'...
[*] Evaluando regla 'use_of_weak_cryptography' en archivo 'C:\Users\erick\OneDrive\Escritorio\New folder\secllm_terraform_integration\research_iac\integration\outputs_v2\granite-code_8b\P0\terraform\question_0003.tf'...
[*] Evaluando regla 'suspicious_comment' en archivo 'C:\Users\erick\OneDrive\Escritorio\New folder\secllm_terraform_integration\research_iac\integration\outputs_v2\granite-code_8b\P0\terraform\question_0003.tf'...
[Cache] Cache saved to cache.pkl (1720 entries)
[Cache] Cache saved to cache.pkl (1720 entries)
[2026-07-12 19:16:58]   auditando question_0005.tf (con qwen25-coder-audit)...
Configuration loaded from cache_config.yaml
[Cache] Cache loaded from cache.pkl with 1720 entries (saved at 2026-07-12 19:16:57)
[Cache] Cache initialized with TTL=-1s, max_entries=-1
[*] Evaluando regla 'hard_coded_secret' en archivo 'C:\Users\erick\OneDrive\Escritorio\New folder\secllm_terraform_integration\research_iac\integration\outputs_v2\granite-code_8b\P0\terraform\question_0005.tf'...
[*] Evaluando regla 'empty_password' en archivo 'C:\Users\erick\OneDrive\Escritorio\New folder\secllm_terraform_integration\research_iac\integration\outputs_v2\granite-code_8b\P0\terraform\question_0005.tf'...
[*] Evaluando regla 'admin_by_default' en archivo 'C:\Users\erick\OneDrive\Escritorio\New folder\secllm_terraform_integration\research_iac\integration\outputs_v2\granite-code_8b\P0\terraform\question_0005.tf'...
[*] Evaluando regla 'unrestricted_ip_address' en archivo 'C:\Users\erick\OneDrive\Escritorio\New folder\secllm_terraform_integration\research_iac\integration\outputs_v2\granite-code_8b\P0\terraform\question_0005.tf'...
[*] Evaluando regla 'use_of_http_without_tls' en archivo 'C:\Users\erick\OneDrive\Escritorio\New folder\secllm_terraform_integration\research_iac\integration\outputs_v2\granite-code_8b\P0\terraform\question_0005.tf'...
[*] Evaluando regla 'no_integrity_check' en archivo 'C:\Users\erick\OneDrive\Escritorio\New folder\secllm_terraform_integration\research_iac\integration\outputs_v2\granite-code_8b\P0\terraform\question_0005.tf'...
[*] Evaluando regla 'use_of_weak_cryptography' en archivo 'C:\Users\erick\OneDrive\Escritorio\New folder\secllm_terraform_integration\research_iac\integration\outputs_v2\granite-code_8b\P0\terraform\question_0005.tf'...
[*] Evaluando regla 'suspicious_comment' en archivo 'C:\Users\erick\OneDrive\Escritorio\New folder\secllm_terraform_integration\research_iac\integration\outputs_v2\granite-code_8b\P0\terraform\question_0005.tf'...
[Cache] Cache saved to cache.pkl (1728 entries)
[Cache] Cache saved to cache.pkl (1728 entries)
[2026-07-12 19:17:29]   auditando question_0012.tf (con qwen25-coder-audit)...
Configuration loaded from cache_config.yaml
[Cache] Cache loaded from cache.pkl with 1728 entries (saved at 2026-07-12 19:17:27)
[Cache] Cache initialized with TTL=-1s, max_entries=-1
[*] Evaluando regla 'hard_coded_secret' en archivo 'C:\Users\erick\OneDrive\Escritorio\New folder\secllm_terraform_integration\research_iac\integration\outputs_v2\granite-code_8b\P0\terraform\question_0012.tf'...
[*] Evaluando regla 'empty_password' en archivo 'C:\Users\erick\OneDrive\Escritorio\New folder\secllm_terraform_integration\research_iac\integration\outputs_v2\granite-code_8b\P0\terraform\question_0012.tf'...
[*] Evaluando regla 'admin_by_default' en archivo 'C:\Users\erick\OneDrive\Escritorio\New folder\secllm_terraform_integration\research_iac\integration\outputs_v2\granite-code_8b\P0\terraform\question_0012.tf'...
[*] Evaluando regla 'unrestricted_ip_address' en archivo 'C:\Users\erick\OneDrive\Escritorio\New folder\secllm_terraform_integration\research_iac\integration\outputs_v2\granite-code_8b\P0\terraform\question_0012.tf'...
[*] Evaluando regla 'use_of_http_without_tls' en archivo 'C:\Users\erick\OneDrive\Escritorio\New folder\secllm_terraform_integration\research_iac\integration\outputs_v2\granite-code_8b\P0\terraform\question_0012.tf'...
[*] Evaluando regla 'no_integrity_check' en archivo 'C:\Users\erick\OneDrive\Escritorio\New folder\secllm_terraform_integration\research_iac\integration\outputs_v2\granite-code_8b\P0\terraform\question_0012.tf'...
[*] Evaluando regla 'use_of_weak_cryptography' en archivo 'C:\Users\erick\OneDrive\Escritorio\New folder\secllm_terraform_integration\research_iac\integration\outputs_v2\granite-code_8b\P0\terraform\question_0012.tf'...
[*] Evaluando regla 'suspicious_comment' en archivo 'C:\Users\erick\OneDrive\Escritorio\New folder\secllm_terraform_integration\research_iac\integration\outputs_v2\granite-code_8b\P0\terraform\question_0012.tf'...
[Cache] Cache saved to cache.pkl (1736 entries)
[Cache] Cache saved to cache.pkl (1736 entries)
[2026-07-12 19:18:04]   auditando question_0018.tf (con qwen25-coder-audit)...
Configuration loaded from cache_config.yaml
[Cache] Cache loaded from cache.pkl with 1736 entries (saved at 2026-07-12 19:18:02)
[Cache] Cache initialized with TTL=-1s, max_entries=-1
[*] Evaluando regla 'hard_coded_secret' en archivo 'C:\Users\erick\OneDrive\Escritorio\New folder\secllm_terraform_integration\research_iac\integration\outputs_v2\granite-code_8b\P0\terraform\question_0018.tf'...
[*] Evaluando regla 'empty_password' en archivo 'C:\Users\erick\OneDrive\Escritorio\New folder\secllm_terraform_integration\research_iac\integration\outputs_v2\granite-code_8b\P0\terraform\question_0018.tf'...
[*] Evaluando regla 'admin_by_default' en archivo 'C:\Users\erick\OneDrive\Escritorio\New folder\secllm_terraform_integration\research_iac\integration\outputs_v2\granite-code_8b\P0\terraform\question_0018.tf'...
[*] Evaluando regla 'unrestricted_ip_address' en archivo 'C:\Users\erick\OneDrive\Escritorio\New folder\secllm_terraform_integration\research_iac\integration\outputs_v2\granite-code_8b\P0\terraform\question_0018.tf'...
[*] Evaluando regla 'use_of_http_without_tls' en archivo 'C:\Users\erick\OneDrive\Escritorio\New folder\secllm_terraform_integration\research_iac\integration\outputs_v2\granite-code_8b\P0\terraform\question_0018.tf'...
[*] Evaluando regla 'no_integrity_check' en archivo 'C:\Users\erick\OneDrive\Escritorio\New folder\secllm_terraform_integration\research_iac\integration\outputs_v2\granite-code_8b\P0\terraform\question_0018.tf'...
[*] Evaluando regla 'use_of_weak_cryptography' en archivo 'C:\Users\erick\OneDrive\Escritorio\New folder\secllm_terraform_integration\research_iac\integration\outputs_v2\granite-code_8b\P0\terraform\question_0018.tf'...
[*] Evaluando regla 'suspicious_comment' en archivo 'C:\Users\erick\OneDrive\Escritorio\New folder\secllm_terraform_integration\research_iac\integration\outputs_v2\granite-code_8b\P0\terraform\question_0018.tf'...
[Cache] Cache saved to cache.pkl (1744 entries)
[Cache] Cache saved to cache.pkl (1744 entries)
[2026-07-12 19:19:00]   auditando question_0020.tf (con qwen25-coder-audit)...
Configuration loaded from cache_config.yaml
[Cache] Cache loaded from cache.pkl with 1744 entries (saved at 2026-07-12 19:18:58)
[Cache] Cache initialized with TTL=-1s, max_entries=-1
[*] Evaluando regla 'hard_coded_secret' en archivo 'C:\Users\erick\OneDrive\Escritorio\New folder\secllm_terraform_integration\research_iac\integration\outputs_v2\granite-code_8b\P0\terraform\question_0020.tf'...
[*] Evaluando regla 'empty_password' en archivo 'C:\Users\erick\OneDrive\Escritorio\New folder\secllm_terraform_integration\research_iac\integration\outputs_v2\granite-code_8b\P0\terraform\question_0020.tf'...
[*] Evaluando regla 'admin_by_default' en archivo 'C:\Users\erick\OneDrive\Escritorio\New folder\secllm_terraform_integration\research_iac\integration\outputs_v2\granite-code_8b\P0\terraform\question_0020.tf'...
[*] Evaluando regla 'unrestricted_ip_address' en archivo 'C:\Users\erick\OneDrive\Escritorio\New folder\secllm_terraform_integration\research_iac\integration\outputs_v2\granite-code_8b\P0\terraform\question_0020.tf'...
[*] Evaluando regla 'use_of_http_without_tls' en archivo 'C:\Users\erick\OneDrive\Escritorio\New folder\secllm_terraform_integration\research_iac\integration\outputs_v2\granite-code_8b\P0\terraform\question_0020.tf'...
[*] Evaluando regla 'no_integrity_check' en archivo 'C:\Users\erick\OneDrive\Escritorio\New folder\secllm_terraform_integration\research_iac\integration\outputs_v2\granite-code_8b\P0\terraform\question_0020.tf'...
[*] Evaluando regla 'use_of_weak_cryptography' en archivo 'C:\Users\erick\OneDrive\Escritorio\New folder\secllm_terraform_integration\research_iac\integration\outputs_v2\granite-code_8b\P0\terraform\question_0020.tf'...
[*] Evaluando regla 'suspicious_comment' en archivo 'C:\Users\erick\OneDrive\Escritorio\New folder\secllm_terraform_integration\research_iac\integration\outputs_v2\granite-code_8b\P0\terraform\question_0020.tf'...
[Cache] Cache saved to cache.pkl (1752 entries)
[Cache] Cache saved to cache.pkl (1752 entries)
[2026-07-12 19:19:33]   auditando question_0024.tf (con qwen25-coder-audit)...
Configuration loaded from cache_config.yaml
[Cache] Cache loaded from cache.pkl with 1752 entries (saved at 2026-07-12 19:19:31)
[Cache] Cache initialized with TTL=-1s, max_entries=-1
[*] Evaluando regla 'hard_coded_secret' en archivo 'C:\Users\erick\OneDrive\Escritorio\New folder\secllm_terraform_integration\research_iac\integration\outputs_v2\granite-code_8b\P0\terraform\question_0024.tf'...
[*] Evaluando regla 'empty_password' en archivo 'C:\Users\erick\OneDrive\Escritorio\New folder\secllm_terraform_integration\research_iac\integration\outputs_v2\granite-code_8b\P0\terraform\question_0024.tf'...
[*] Evaluando regla 'admin_by_default' en archivo 'C:\Users\erick\OneDrive\Escritorio\New folder\secllm_terraform_integration\research_iac\integration\outputs_v2\granite-code_8b\P0\terraform\question_0024.tf'...
[*] Evaluando regla 'unrestricted_ip_address' en archivo 'C:\Users\erick\OneDrive\Escritorio\New folder\secllm_terraform_integration\research_iac\integration\outputs_v2\granite-code_8b\P0\terraform\question_0024.tf'...
[*] Evaluando regla 'use_of_http_without_tls' en archivo 'C:\Users\erick\OneDrive\Escritorio\New folder\secllm_terraform_integration\research_iac\integration\outputs_v2\granite-code_8b\P0\terraform\question_0024.tf'...
[*] Evaluando regla 'no_integrity_check' en archivo 'C:\Users\erick\OneDrive\Escritorio\New folder\secllm_terraform_integration\research_iac\integration\outputs_v2\granite-code_8b\P0\terraform\question_0024.tf'...
[*] Evaluando regla 'use_of_weak_cryptography' en archivo 'C:\Users\erick\OneDrive\Escritorio\New folder\secllm_terraform_integration\research_iac\integration\outputs_v2\granite-code_8b\P0\terraform\question_0024.tf'...
[*] Evaluando regla 'suspicious_comment' en archivo 'C:\Users\erick\OneDrive\Escritorio\New folder\secllm_terraform_integration\research_iac\integration\outputs_v2\granite-code_8b\P0\terraform\question_0024.tf'...
[Cache] Cache saved to cache.pkl (1760 entries)
[Cache] Cache saved to cache.pkl (1760 entries)
[2026-07-12 19:20:03]   auditando question_0038.tf (con qwen25-coder-audit)...
Configuration loaded from cache_config.yaml
[Cache] Cache loaded from cache.pkl with 1760 entries (saved at 2026-07-12 19:20:02)
[Cache] Cache initialized with TTL=-1s, max_entries=-1
[*] Evaluando regla 'hard_coded_secret' en archivo 'C:\Users\erick\OneDrive\Escritorio\New folder\secllm_terraform_integration\research_iac\integration\outputs_v2\granite-code_8b\P0\terraform\question_0038.tf'...
[*] Evaluando regla 'empty_password' en archivo 'C:\Users\erick\OneDrive\Escritorio\New folder\secllm_terraform_integration\research_iac\integration\outputs_v2\granite-code_8b\P0\terraform\question_0038.tf'...
[*] Evaluando regla 'admin_by_default' en archivo 'C:\Users\erick\OneDrive\Escritorio\New folder\secllm_terraform_integration\research_iac\integration\outputs_v2\granite-code_8b\P0\terraform\question_0038.tf'...
[*] Evaluando regla 'unrestricted_ip_address' en archivo 'C:\Users\erick\OneDrive\Escritorio\New folder\secllm_terraform_integration\research_iac\integration\outputs_v2\granite-code_8b\P0\terraform\question_0038.tf'...
[*] Evaluando regla 'use_of_http_without_tls' en archivo 'C:\Users\erick\OneDrive\Escritorio\New folder\secllm_terraform_integration\research_iac\integration\outputs_v2\granite-code_8b\P0\terraform\question_0038.tf'...
[*] Evaluando regla 'no_integrity_check' en archivo 'C:\Users\erick\OneDrive\Escritorio\New folder\secllm_terraform_integration\research_iac\integration\outputs_v2\granite-code_8b\P0\terraform\question_0038.tf'...
[*] Evaluando regla 'use_of_weak_cryptography' en archivo 'C:\Users\erick\OneDrive\Escritorio\New folder\secllm_terraform_integration\research_iac\integration\outputs_v2\granite-code_8b\P0\terraform\question_0038.tf'...
[*] Evaluando regla 'suspicious_comment' en archivo 'C:\Users\erick\OneDrive\Escritorio\New folder\secllm_terraform_integration\research_iac\integration\outputs_v2\granite-code_8b\P0\terraform\question_0038.tf'...
[Cache] Cache saved to cache.pkl (1768 entries)
[Cache] Cache saved to cache.pkl (1768 entries)
[2026-07-12 19:21:03]   auditando question_0051.tf (con qwen25-coder-audit)...
Configuration loaded from cache_config.yaml
[Cache] Cache loaded from cache.pkl with 1768 entries (saved at 2026-07-12 19:21:01)
[Cache] Cache initialized with TTL=-1s, max_entries=-1
[*] Evaluando regla 'hard_coded_secret' en archivo 'C:\Users\erick\OneDrive\Escritorio\New folder\secllm_terraform_integration\research_iac\integration\outputs_v2\granite-code_8b\P0\terraform\question_0051.tf'...
[*] Evaluando regla 'empty_password' en archivo 'C:\Users\erick\OneDrive\Escritorio\New folder\secllm_terraform_integration\research_iac\integration\outputs_v2\granite-code_8b\P0\terraform\question_0051.tf'...
[*] Evaluando regla 'admin_by_default' en archivo 'C:\Users\erick\OneDrive\Escritorio\New folder\secllm_terraform_integration\research_iac\integration\outputs_v2\granite-code_8b\P0\terraform\question_0051.tf'...
[*] Evaluando regla 'unrestricted_ip_address' en archivo 'C:\Users\erick\OneDrive\Escritorio\New folder\secllm_terraform_integration\research_iac\integration\outputs_v2\granite-code_8b\P0\terraform\question_0051.tf'...
[*] Evaluando regla 'use_of_http_without_tls' en archivo 'C:\Users\erick\OneDrive\Escritorio\New folder\secllm_terraform_integration\research_iac\integration\outputs_v2\granite-code_8b\P0\terraform\question_0051.tf'...
[*] Evaluando regla 'no_integrity_check' en archivo 'C:\Users\erick\OneDrive\Escritorio\New folder\secllm_terraform_integration\research_iac\integration\outputs_v2\granite-code_8b\P0\terraform\question_0051.tf'...
[*] Evaluando regla 'use_of_weak_cryptography' en archivo 'C:\Users\erick\OneDrive\Escritorio\New folder\secllm_terraform_integration\research_iac\integration\outputs_v2\granite-code_8b\P0\terraform\question_0051.tf'...
[*] Evaluando regla 'suspicious_comment' en archivo 'C:\Users\erick\OneDrive\Escritorio\New folder\secllm_terraform_integration\research_iac\integration\outputs_v2\granite-code_8b\P0\terraform\question_0051.tf'...
[Cache] Cache saved to cache.pkl (1776 entries)
[Cache] Cache saved to cache.pkl (1776 entries)
[2026-07-12 19:21:33]   auditando question_0064.tf (con qwen25-coder-audit)...
Configuration loaded from cache_config.yaml
[Cache] Cache loaded from cache.pkl with 1776 entries (saved at 2026-07-12 19:21:32)
[Cache] Cache initialized with TTL=-1s, max_entries=-1
[*] Evaluando regla 'hard_coded_secret' en archivo 'C:\Users\erick\OneDrive\Escritorio\New folder\secllm_terraform_integration\research_iac\integration\outputs_v2\granite-code_8b\P0\terraform\question_0064.tf'...
[*] Evaluando regla 'empty_password' en archivo 'C:\Users\erick\OneDrive\Escritorio\New folder\secllm_terraform_integration\research_iac\integration\outputs_v2\granite-code_8b\P0\terraform\question_0064.tf'...
[*] Evaluando regla 'admin_by_default' en archivo 'C:\Users\erick\OneDrive\Escritorio\New folder\secllm_terraform_integration\research_iac\integration\outputs_v2\granite-code_8b\P0\terraform\question_0064.tf'...
[*] Evaluando regla 'unrestricted_ip_address' en archivo 'C:\Users\erick\OneDrive\Escritorio\New folder\secllm_terraform_integration\research_iac\integration\outputs_v2\granite-code_8b\P0\terraform\question_0064.tf'...
[*] Evaluando regla 'use_of_http_without_tls' en archivo 'C:\Users\erick\OneDrive\Escritorio\New folder\secllm_terraform_integration\research_iac\integration\outputs_v2\granite-code_8b\P0\terraform\question_0064.tf'...
[*] Evaluando regla 'no_integrity_check' en archivo 'C:\Users\erick\OneDrive\Escritorio\New folder\secllm_terraform_integration\research_iac\integration\outputs_v2\granite-code_8b\P0\terraform\question_0064.tf'...
[*] Evaluando regla 'use_of_weak_cryptography' en archivo 'C:\Users\erick\OneDrive\Escritorio\New folder\secllm_terraform_integration\research_iac\integration\outputs_v2\granite-code_8b\P0\terraform\question_0064.tf'...
[*] Evaluando regla 'suspicious_comment' en archivo 'C:\Users\erick\OneDrive\Escritorio\New folder\secllm_terraform_integration\research_iac\integration\outputs_v2\granite-code_8b\P0\terraform\question_0064.tf'...
[Cache] Cache saved to cache.pkl (1784 entries)
[Cache] Cache saved to cache.pkl (1784 entries)
[2026-07-12 19:22:04]   auditando question_0073.tf (con qwen25-coder-audit)...
Configuration loaded from cache_config.yaml
[Cache] Cache loaded from cache.pkl with 1784 entries (saved at 2026-07-12 19:22:02)
[Cache] Cache initialized with TTL=-1s, max_entries=-1
[*] Evaluando regla 'hard_coded_secret' en archivo 'C:\Users\erick\OneDrive\Escritorio\New folder\secllm_terraform_integration\research_iac\integration\outputs_v2\granite-code_8b\P0\terraform\question_0073.tf'...
[*] Evaluando regla 'empty_password' en archivo 'C:\Users\erick\OneDrive\Escritorio\New folder\secllm_terraform_integration\research_iac\integration\outputs_v2\granite-code_8b\P0\terraform\question_0073.tf'...
[*] Evaluando regla 'admin_by_default' en archivo 'C:\Users\erick\OneDrive\Escritorio\New folder\secllm_terraform_integration\research_iac\integration\outputs_v2\granite-code_8b\P0\terraform\question_0073.tf'...
[*] Evaluando regla 'unrestricted_ip_address' en archivo 'C:\Users\erick\OneDrive\Escritorio\New folder\secllm_terraform_integration\research_iac\integration\outputs_v2\granite-code_8b\P0\terraform\question_0073.tf'...
[*] Evaluando regla 'use_of_http_without_tls' en archivo 'C:\Users\erick\OneDrive\Escritorio\New folder\secllm_terraform_integration\research_iac\integration\outputs_v2\granite-code_8b\P0\terraform\question_0073.tf'...
[*] Evaluando regla 'no_integrity_check' en archivo 'C:\Users\erick\OneDrive\Escritorio\New folder\secllm_terraform_integration\research_iac\integration\outputs_v2\granite-code_8b\P0\terraform\question_0073.tf'...
[*] Evaluando regla 'use_of_weak_cryptography' en archivo 'C:\Users\erick\OneDrive\Escritorio\New folder\secllm_terraform_integration\research_iac\integration\outputs_v2\granite-code_8b\P0\terraform\question_0073.tf'...
[*] Evaluando regla 'suspicious_comment' en archivo 'C:\Users\erick\OneDrive\Escritorio\New folder\secllm_terraform_integration\research_iac\integration\outputs_v2\granite-code_8b\P0\terraform\question_0073.tf'...
[Cache] Cache saved to cache.pkl (1792 entries)
[Cache] Cache saved to cache.pkl (1792 entries)
[2026-07-12 19:22:35]   auditando question_0075.tf (con qwen25-coder-audit)...
Configuration loaded from cache_config.yaml
[Cache] Cache loaded from cache.pkl with 1792 entries (saved at 2026-07-12 19:22:33)
[Cache] Cache initialized with TTL=-1s, max_entries=-1
[*] Evaluando regla 'hard_coded_secret' en archivo 'C:\Users\erick\OneDrive\Escritorio\New folder\secllm_terraform_integration\research_iac\integration\outputs_v2\granite-code_8b\P0\terraform\question_0075.tf'...
[*] Evaluando regla 'empty_password' en archivo 'C:\Users\erick\OneDrive\Escritorio\New folder\secllm_terraform_integration\research_iac\integration\outputs_v2\granite-code_8b\P0\terraform\question_0075.tf'...
[*] Evaluando regla 'admin_by_default' en archivo 'C:\Users\erick\OneDrive\Escritorio\New folder\secllm_terraform_integration\research_iac\integration\outputs_v2\granite-code_8b\P0\terraform\question_0075.tf'...
[*] Evaluando regla 'unrestricted_ip_address' en archivo 'C:\Users\erick\OneDrive\Escritorio\New folder\secllm_terraform_integration\research_iac\integration\outputs_v2\granite-code_8b\P0\terraform\question_0075.tf'...
[*] Evaluando regla 'use_of_http_without_tls' en archivo 'C:\Users\erick\OneDrive\Escritorio\New folder\secllm_terraform_integration\research_iac\integration\outputs_v2\granite-code_8b\P0\terraform\question_0075.tf'...
[*] Evaluando regla 'no_integrity_check' en archivo 'C:\Users\erick\OneDrive\Escritorio\New folder\secllm_terraform_integration\research_iac\integration\outputs_v2\granite-code_8b\P0\terraform\question_0075.tf'...
[*] Evaluando regla 'use_of_weak_cryptography' en archivo 'C:\Users\erick\OneDrive\Escritorio\New folder\secllm_terraform_integration\research_iac\integration\outputs_v2\granite-code_8b\P0\terraform\question_0075.tf'...
[*] Evaluando regla 'suspicious_comment' en archivo 'C:\Users\erick\OneDrive\Escritorio\New folder\secllm_terraform_integration\research_iac\integration\outputs_v2\granite-code_8b\P0\terraform\question_0075.tf'...
[Cache] Cache saved to cache.pkl (1800 entries)
[Cache] Cache saved to cache.pkl (1800 entries)
[2026-07-12 19:23:07]   auditando question_0080.tf (con qwen25-coder-audit)...
Configuration loaded from cache_config.yaml
[Cache] Cache loaded from cache.pkl with 1800 entries (saved at 2026-07-12 19:23:05)
[Cache] Cache initialized with TTL=-1s, max_entries=-1
[*] Evaluando regla 'hard_coded_secret' en archivo 'C:\Users\erick\OneDrive\Escritorio\New folder\secllm_terraform_integration\research_iac\integration\outputs_v2\granite-code_8b\P0\terraform\question_0080.tf'...
[*] Evaluando regla 'empty_password' en archivo 'C:\Users\erick\OneDrive\Escritorio\New folder\secllm_terraform_integration\research_iac\integration\outputs_v2\granite-code_8b\P0\terraform\question_0080.tf'...
[*] Evaluando regla 'admin_by_default' en archivo 'C:\Users\erick\OneDrive\Escritorio\New folder\secllm_terraform_integration\research_iac\integration\outputs_v2\granite-code_8b\P0\terraform\question_0080.tf'...
[*] Evaluando regla 'unrestricted_ip_address' en archivo 'C:\Users\erick\OneDrive\Escritorio\New folder\secllm_terraform_integration\research_iac\integration\outputs_v2\granite-code_8b\P0\terraform\question_0080.tf'...
[*] Evaluando regla 'use_of_http_without_tls' en archivo 'C:\Users\erick\OneDrive\Escritorio\New folder\secllm_terraform_integration\research_iac\integration\outputs_v2\granite-code_8b\P0\terraform\question_0080.tf'...
[*] Evaluando regla 'no_integrity_check' en archivo 'C:\Users\erick\OneDrive\Escritorio\New folder\secllm_terraform_integration\research_iac\integration\outputs_v2\granite-code_8b\P0\terraform\question_0080.tf'...
[*] Evaluando regla 'use_of_weak_cryptography' en archivo 'C:\Users\erick\OneDrive\Escritorio\New folder\secllm_terraform_integration\research_iac\integration\outputs_v2\granite-code_8b\P0\terraform\question_0080.tf'...
[*] Evaluando regla 'suspicious_comment' en archivo 'C:\Users\erick\OneDrive\Escritorio\New folder\secllm_terraform_integration\research_iac\integration\outputs_v2\granite-code_8b\P0\terraform\question_0080.tf'...
[Cache] Cache saved to cache.pkl (1808 entries)
[Cache] Cache saved to cache.pkl (1808 entries)
[2026-07-12 19:23:37]   auditando question_0132.tf (con qwen25-coder-audit)...
Configuration loaded from cache_config.yaml
[Cache] Cache loaded from cache.pkl with 1808 entries (saved at 2026-07-12 19:23:35)
[Cache] Cache initialized with TTL=-1s, max_entries=-1
[*] Evaluando regla 'hard_coded_secret' en archivo 'C:\Users\erick\OneDrive\Escritorio\New folder\secllm_terraform_integration\research_iac\integration\outputs_v2\granite-code_8b\P0\terraform\question_0132.tf'...
[*] Evaluando regla 'empty_password' en archivo 'C:\Users\erick\OneDrive\Escritorio\New folder\secllm_terraform_integration\research_iac\integration\outputs_v2\granite-code_8b\P0\terraform\question_0132.tf'...
[*] Evaluando regla 'admin_by_default' en archivo 'C:\Users\erick\OneDrive\Escritorio\New folder\secllm_terraform_integration\research_iac\integration\outputs_v2\granite-code_8b\P0\terraform\question_0132.tf'...
[*] Evaluando regla 'unrestricted_ip_address' en archivo 'C:\Users\erick\OneDrive\Escritorio\New folder\secllm_terraform_integration\research_iac\integration\outputs_v2\granite-code_8b\P0\terraform\question_0132.tf'...
[*] Evaluando regla 'use_of_http_without_tls' en archivo 'C:\Users\erick\OneDrive\Escritorio\New folder\secllm_terraform_integration\research_iac\integration\outputs_v2\granite-code_8b\P0\terraform\question_0132.tf'...
[*] Evaluando regla 'no_integrity_check' en archivo 'C:\Users\erick\OneDrive\Escritorio\New folder\secllm_terraform_integration\research_iac\integration\outputs_v2\granite-code_8b\P0\terraform\question_0132.tf'...
[*] Evaluando regla 'use_of_weak_cryptography' en archivo 'C:\Users\erick\OneDrive\Escritorio\New folder\secllm_terraform_integration\research_iac\integration\outputs_v2\granite-code_8b\P0\terraform\question_0132.tf'...
[*] Evaluando regla 'suspicious_comment' en archivo 'C:\Users\erick\OneDrive\Escritorio\New folder\secllm_terraform_integration\research_iac\integration\outputs_v2\granite-code_8b\P0\terraform\question_0132.tf'...
[Cache] Cache saved to cache.pkl (1816 entries)
[Cache] Cache saved to cache.pkl (1816 entries)
[2026-07-12 19:24:07]   auditando question_0141.tf (con qwen25-coder-audit)...
Configuration loaded from cache_config.yaml
[Cache] Cache loaded from cache.pkl with 1816 entries (saved at 2026-07-12 19:24:06)
[Cache] Cache initialized with TTL=-1s, max_entries=-1
[*] Evaluando regla 'hard_coded_secret' en archivo 'C:\Users\erick\OneDrive\Escritorio\New folder\secllm_terraform_integration\research_iac\integration\outputs_v2\granite-code_8b\P0\terraform\question_0141.tf'...
[*] Evaluando regla 'empty_password' en archivo 'C:\Users\erick\OneDrive\Escritorio\New folder\secllm_terraform_integration\research_iac\integration\outputs_v2\granite-code_8b\P0\terraform\question_0141.tf'...
[*] Evaluando regla 'admin_by_default' en archivo 'C:\Users\erick\OneDrive\Escritorio\New folder\secllm_terraform_integration\research_iac\integration\outputs_v2\granite-code_8b\P0\terraform\question_0141.tf'...
[*] Evaluando regla 'unrestricted_ip_address' en archivo 'C:\Users\erick\OneDrive\Escritorio\New folder\secllm_terraform_integration\research_iac\integration\outputs_v2\granite-code_8b\P0\terraform\question_0141.tf'...
[*] Evaluando regla 'use_of_http_without_tls' en archivo 'C:\Users\erick\OneDrive\Escritorio\New folder\secllm_terraform_integration\research_iac\integration\outputs_v2\granite-code_8b\P0\terraform\question_0141.tf'...
[*] Evaluando regla 'no_integrity_check' en archivo 'C:\Users\erick\OneDrive\Escritorio\New folder\secllm_terraform_integration\research_iac\integration\outputs_v2\granite-code_8b\P0\terraform\question_0141.tf'...
[*] Evaluando regla 'use_of_weak_cryptography' en archivo 'C:\Users\erick\OneDrive\Escritorio\New folder\secllm_terraform_integration\research_iac\integration\outputs_v2\granite-code_8b\P0\terraform\question_0141.tf'...
[*] Evaluando regla 'suspicious_comment' en archivo 'C:\Users\erick\OneDrive\Escritorio\New folder\secllm_terraform_integration\research_iac\integration\outputs_v2\granite-code_8b\P0\terraform\question_0141.tf'...
[Cache] Cache saved to cache.pkl (1824 entries)
[Cache] Cache saved to cache.pkl (1824 entries)
[2026-07-12 19:24:34]   auditando question_0153.tf (con qwen25-coder-audit)...
Configuration loaded from cache_config.yaml
[Cache] Cache loaded from cache.pkl with 1824 entries (saved at 2026-07-12 19:24:32)
[Cache] Cache initialized with TTL=-1s, max_entries=-1
[*] Evaluando regla 'hard_coded_secret' en archivo 'C:\Users\erick\OneDrive\Escritorio\New folder\secllm_terraform_integration\research_iac\integration\outputs_v2\granite-code_8b\P0\terraform\question_0153.tf'...
[*] Evaluando regla 'empty_password' en archivo 'C:\Users\erick\OneDrive\Escritorio\New folder\secllm_terraform_integration\research_iac\integration\outputs_v2\granite-code_8b\P0\terraform\question_0153.tf'...
[*] Evaluando regla 'admin_by_default' en archivo 'C:\Users\erick\OneDrive\Escritorio\New folder\secllm_terraform_integration\research_iac\integration\outputs_v2\granite-code_8b\P0\terraform\question_0153.tf'...
[*] Evaluando regla 'unrestricted_ip_address' en archivo 'C:\Users\erick\OneDrive\Escritorio\New folder\secllm_terraform_integration\research_iac\integration\outputs_v2\granite-code_8b\P0\terraform\question_0153.tf'...
[*] Evaluando regla 'use_of_http_without_tls' en archivo 'C:\Users\erick\OneDrive\Escritorio\New folder\secllm_terraform_integration\research_iac\integration\outputs_v2\granite-code_8b\P0\terraform\question_0153.tf'...
[*] Evaluando regla 'no_integrity_check' en archivo 'C:\Users\erick\OneDrive\Escritorio\New folder\secllm_terraform_integration\research_iac\integration\outputs_v2\granite-code_8b\P0\terraform\question_0153.tf'...
[*] Evaluando regla 'use_of_weak_cryptography' en archivo 'C:\Users\erick\OneDrive\Escritorio\New folder\secllm_terraform_integration\research_iac\integration\outputs_v2\granite-code_8b\P0\terraform\question_0153.tf'...
[*] Evaluando regla 'suspicious_comment' en archivo 'C:\Users\erick\OneDrive\Escritorio\New folder\secllm_terraform_integration\research_iac\integration\outputs_v2\granite-code_8b\P0\terraform\question_0153.tf'...
[Cache] Cache saved to cache.pkl (1832 entries)
[Cache] Cache saved to cache.pkl (1832 entries)
[2026-07-12 19:25:01]   auditando question_0180.tf (con qwen25-coder-audit)...
Configuration loaded from cache_config.yaml
[Cache] Cache loaded from cache.pkl with 1832 entries (saved at 2026-07-12 19:24:59)
[Cache] Cache initialized with TTL=-1s, max_entries=-1
[*] Evaluando regla 'hard_coded_secret' en archivo 'C:\Users\erick\OneDrive\Escritorio\New folder\secllm_terraform_integration\research_iac\integration\outputs_v2\granite-code_8b\P0\terraform\question_0180.tf'...
[*] Evaluando regla 'empty_password' en archivo 'C:\Users\erick\OneDrive\Escritorio\New folder\secllm_terraform_integration\research_iac\integration\outputs_v2\granite-code_8b\P0\terraform\question_0180.tf'...
[*] Evaluando regla 'admin_by_default' en archivo 'C:\Users\erick\OneDrive\Escritorio\New folder\secllm_terraform_integration\research_iac\integration\outputs_v2\granite-code_8b\P0\terraform\question_0180.tf'...
[*] Evaluando regla 'unrestricted_ip_address' en archivo 'C:\Users\erick\OneDrive\Escritorio\New folder\secllm_terraform_integration\research_iac\integration\outputs_v2\granite-code_8b\P0\terraform\question_0180.tf'...
[*] Evaluando regla 'use_of_http_without_tls' en archivo 'C:\Users\erick\OneDrive\Escritorio\New folder\secllm_terraform_integration\research_iac\integration\outputs_v2\granite-code_8b\P0\terraform\question_0180.tf'...
[*] Evaluando regla 'no_integrity_check' en archivo 'C:\Users\erick\OneDrive\Escritorio\New folder\secllm_terraform_integration\research_iac\integration\outputs_v2\granite-code_8b\P0\terraform\question_0180.tf'...
[*] Evaluando regla 'use_of_weak_cryptography' en archivo 'C:\Users\erick\OneDrive\Escritorio\New folder\secllm_terraform_integration\research_iac\integration\outputs_v2\granite-code_8b\P0\terraform\question_0180.tf'...
[*] Evaluando regla 'suspicious_comment' en archivo 'C:\Users\erick\OneDrive\Escritorio\New folder\secllm_terraform_integration\research_iac\integration\outputs_v2\granite-code_8b\P0\terraform\question_0180.tf'...
[Cache] Cache saved to cache.pkl (1840 entries)
[Cache] Cache saved to cache.pkl (1840 entries)
[2026-07-12 19:25:28]   auditando question_0186.tf (con qwen25-coder-audit)...
Configuration loaded from cache_config.yaml
[Cache] Cache loaded from cache.pkl with 1840 entries (saved at 2026-07-12 19:25:26)
[Cache] Cache initialized with TTL=-1s, max_entries=-1
[*] Evaluando regla 'hard_coded_secret' en archivo 'C:\Users\erick\OneDrive\Escritorio\New folder\secllm_terraform_integration\research_iac\integration\outputs_v2\granite-code_8b\P0\terraform\question_0186.tf'...
[*] Evaluando regla 'empty_password' en archivo 'C:\Users\erick\OneDrive\Escritorio\New folder\secllm_terraform_integration\research_iac\integration\outputs_v2\granite-code_8b\P0\terraform\question_0186.tf'...
[*] Evaluando regla 'admin_by_default' en archivo 'C:\Users\erick\OneDrive\Escritorio\New folder\secllm_terraform_integration\research_iac\integration\outputs_v2\granite-code_8b\P0\terraform\question_0186.tf'...
[*] Evaluando regla 'unrestricted_ip_address' en archivo 'C:\Users\erick\OneDrive\Escritorio\New folder\secllm_terraform_integration\research_iac\integration\outputs_v2\granite-code_8b\P0\terraform\question_0186.tf'...
[*] Evaluando regla 'use_of_http_without_tls' en archivo 'C:\Users\erick\OneDrive\Escritorio\New folder\secllm_terraform_integration\research_iac\integration\outputs_v2\granite-code_8b\P0\terraform\question_0186.tf'...
[*] Evaluando regla 'no_integrity_check' en archivo 'C:\Users\erick\OneDrive\Escritorio\New folder\secllm_terraform_integration\research_iac\integration\outputs_v2\granite-code_8b\P0\terraform\question_0186.tf'...
[*] Evaluando regla 'use_of_weak_cryptography' en archivo 'C:\Users\erick\OneDrive\Escritorio\New folder\secllm_terraform_integration\research_iac\integration\outputs_v2\granite-code_8b\P0\terraform\question_0186.tf'...
[*] Evaluando regla 'suspicious_comment' en archivo 'C:\Users\erick\OneDrive\Escritorio\New folder\secllm_terraform_integration\research_iac\integration\outputs_v2\granite-code_8b\P0\terraform\question_0186.tf'...
[Cache] Cache saved to cache.pkl (1848 entries)
[Cache] Cache saved to cache.pkl (1848 entries)
[2026-07-12 19:25:57]   auditando question_0190.tf (con qwen25-coder-audit)...
Configuration loaded from cache_config.yaml
[Cache] Cache loaded from cache.pkl with 1848 entries (saved at 2026-07-12 19:25:55)
[Cache] Cache initialized with TTL=-1s, max_entries=-1
[*] Evaluando regla 'hard_coded_secret' en archivo 'C:\Users\erick\OneDrive\Escritorio\New folder\secllm_terraform_integration\research_iac\integration\outputs_v2\granite-code_8b\P0\terraform\question_0190.tf'...
[*] Evaluando regla 'empty_password' en archivo 'C:\Users\erick\OneDrive\Escritorio\New folder\secllm_terraform_integration\research_iac\integration\outputs_v2\granite-code_8b\P0\terraform\question_0190.tf'...
[*] Evaluando regla 'admin_by_default' en archivo 'C:\Users\erick\OneDrive\Escritorio\New folder\secllm_terraform_integration\research_iac\integration\outputs_v2\granite-code_8b\P0\terraform\question_0190.tf'...
[*] Evaluando regla 'unrestricted_ip_address' en archivo 'C:\Users\erick\OneDrive\Escritorio\New folder\secllm_terraform_integration\research_iac\integration\outputs_v2\granite-code_8b\P0\terraform\question_0190.tf'...
[*] Evaluando regla 'use_of_http_without_tls' en archivo 'C:\Users\erick\OneDrive\Escritorio\New folder\secllm_terraform_integration\research_iac\integration\outputs_v2\granite-code_8b\P0\terraform\question_0190.tf'...
[*] Evaluando regla 'no_integrity_check' en archivo 'C:\Users\erick\OneDrive\Escritorio\New folder\secllm_terraform_integration\research_iac\integration\outputs_v2\granite-code_8b\P0\terraform\question_0190.tf'...
[*] Evaluando regla 'use_of_weak_cryptography' en archivo 'C:\Users\erick\OneDrive\Escritorio\New folder\secllm_terraform_integration\research_iac\integration\outputs_v2\granite-code_8b\P0\terraform\question_0190.tf'...
[*] Evaluando regla 'suspicious_comment' en archivo 'C:\Users\erick\OneDrive\Escritorio\New folder\secllm_terraform_integration\research_iac\integration\outputs_v2\granite-code_8b\P0\terraform\question_0190.tf'...
[Cache] Cache saved to cache.pkl (1856 entries)
[Cache] Cache saved to cache.pkl (1856 entries)
[2026-07-12 19:26:42]   auditando question_0201.tf (con qwen25-coder-audit)...
Configuration loaded from cache_config.yaml
[Cache] Cache loaded from cache.pkl with 1856 entries (saved at 2026-07-12 19:26:40)
[Cache] Cache initialized with TTL=-1s, max_entries=-1
[*] Evaluando regla 'hard_coded_secret' en archivo 'C:\Users\erick\OneDrive\Escritorio\New folder\secllm_terraform_integration\research_iac\integration\outputs_v2\granite-code_8b\P0\terraform\question_0201.tf'...
[*] Evaluando regla 'empty_password' en archivo 'C:\Users\erick\OneDrive\Escritorio\New folder\secllm_terraform_integration\research_iac\integration\outputs_v2\granite-code_8b\P0\terraform\question_0201.tf'...
[*] Evaluando regla 'admin_by_default' en archivo 'C:\Users\erick\OneDrive\Escritorio\New folder\secllm_terraform_integration\research_iac\integration\outputs_v2\granite-code_8b\P0\terraform\question_0201.tf'...
[*] Evaluando regla 'unrestricted_ip_address' en archivo 'C:\Users\erick\OneDrive\Escritorio\New folder\secllm_terraform_integration\research_iac\integration\outputs_v2\granite-code_8b\P0\terraform\question_0201.tf'...
[*] Evaluando regla 'use_of_http_without_tls' en archivo 'C:\Users\erick\OneDrive\Escritorio\New folder\secllm_terraform_integration\research_iac\integration\outputs_v2\granite-code_8b\P0\terraform\question_0201.tf'...
[*] Evaluando regla 'no_integrity_check' en archivo 'C:\Users\erick\OneDrive\Escritorio\New folder\secllm_terraform_integration\research_iac\integration\outputs_v2\granite-code_8b\P0\terraform\question_0201.tf'...
[*] Evaluando regla 'use_of_weak_cryptography' en archivo 'C:\Users\erick\OneDrive\Escritorio\New folder\secllm_terraform_integration\research_iac\integration\outputs_v2\granite-code_8b\P0\terraform\question_0201.tf'...
[*] Evaluando regla 'suspicious_comment' en archivo 'C:\Users\erick\OneDrive\Escritorio\New folder\secllm_terraform_integration\research_iac\integration\outputs_v2\granite-code_8b\P0\terraform\question_0201.tf'...
[Cache] Cache saved to cache.pkl (1864 entries)
[Cache] Cache saved to cache.pkl (1864 entries)
[2026-07-12 19:27:11]   auditando question_0212.tf (con qwen25-coder-audit)...
Configuration loaded from cache_config.yaml
[Cache] Cache loaded from cache.pkl with 1864 entries (saved at 2026-07-12 19:27:10)
[Cache] Cache initialized with TTL=-1s, max_entries=-1
[*] Evaluando regla 'hard_coded_secret' en archivo 'C:\Users\erick\OneDrive\Escritorio\New folder\secllm_terraform_integration\research_iac\integration\outputs_v2\granite-code_8b\P0\terraform\question_0212.tf'...
[*] Evaluando regla 'empty_password' en archivo 'C:\Users\erick\OneDrive\Escritorio\New folder\secllm_terraform_integration\research_iac\integration\outputs_v2\granite-code_8b\P0\terraform\question_0212.tf'...
[*] Evaluando regla 'admin_by_default' en archivo 'C:\Users\erick\OneDrive\Escritorio\New folder\secllm_terraform_integration\research_iac\integration\outputs_v2\granite-code_8b\P0\terraform\question_0212.tf'...
[*] Evaluando regla 'unrestricted_ip_address' en archivo 'C:\Users\erick\OneDrive\Escritorio\New folder\secllm_terraform_integration\research_iac\integration\outputs_v2\granite-code_8b\P0\terraform\question_0212.tf'...
[*] Evaluando regla 'use_of_http_without_tls' en archivo 'C:\Users\erick\OneDrive\Escritorio\New folder\secllm_terraform_integration\research_iac\integration\outputs_v2\granite-code_8b\P0\terraform\question_0212.tf'...
[*] Evaluando regla 'no_integrity_check' en archivo 'C:\Users\erick\OneDrive\Escritorio\New folder\secllm_terraform_integration\research_iac\integration\outputs_v2\granite-code_8b\P0\terraform\question_0212.tf'...
[*] Evaluando regla 'use_of_weak_cryptography' en archivo 'C:\Users\erick\OneDrive\Escritorio\New folder\secllm_terraform_integration\research_iac\integration\outputs_v2\granite-code_8b\P0\terraform\question_0212.tf'...
[*] Evaluando regla 'suspicious_comment' en archivo 'C:\Users\erick\OneDrive\Escritorio\New folder\secllm_terraform_integration\research_iac\integration\outputs_v2\granite-code_8b\P0\terraform\question_0212.tf'...
[Cache] Cache saved to cache.pkl (1872 entries)
[Cache] Cache saved to cache.pkl (1872 entries)
[2026-07-12 19:28:06]   auditando question_0215.tf (con qwen25-coder-audit)...
Configuration loaded from cache_config.yaml
[Cache] Cache loaded from cache.pkl with 1872 entries (saved at 2026-07-12 19:28:04)
[Cache] Cache initialized with TTL=-1s, max_entries=-1
[*] Evaluando regla 'hard_coded_secret' en archivo 'C:\Users\erick\OneDrive\Escritorio\New folder\secllm_terraform_integration\research_iac\integration\outputs_v2\granite-code_8b\P0\terraform\question_0215.tf'...
[*] Evaluando regla 'empty_password' en archivo 'C:\Users\erick\OneDrive\Escritorio\New folder\secllm_terraform_integration\research_iac\integration\outputs_v2\granite-code_8b\P0\terraform\question_0215.tf'...
[*] Evaluando regla 'admin_by_default' en archivo 'C:\Users\erick\OneDrive\Escritorio\New folder\secllm_terraform_integration\research_iac\integration\outputs_v2\granite-code_8b\P0\terraform\question_0215.tf'...
[*] Evaluando regla 'unrestricted_ip_address' en archivo 'C:\Users\erick\OneDrive\Escritorio\New folder\secllm_terraform_integration\research_iac\integration\outputs_v2\granite-code_8b\P0\terraform\question_0215.tf'...
[*] Evaluando regla 'use_of_http_without_tls' en archivo 'C:\Users\erick\OneDrive\Escritorio\New folder\secllm_terraform_integration\research_iac\integration\outputs_v2\granite-code_8b\P0\terraform\question_0215.tf'...
[*] Evaluando regla 'no_integrity_check' en archivo 'C:\Users\erick\OneDrive\Escritorio\New folder\secllm_terraform_integration\research_iac\integration\outputs_v2\granite-code_8b\P0\terraform\question_0215.tf'...
[*] Evaluando regla 'use_of_weak_cryptography' en archivo 'C:\Users\erick\OneDrive\Escritorio\New folder\secllm_terraform_integration\research_iac\integration\outputs_v2\granite-code_8b\P0\terraform\question_0215.tf'...
[*] Evaluando regla 'suspicious_comment' en archivo 'C:\Users\erick\OneDrive\Escritorio\New folder\secllm_terraform_integration\research_iac\integration\outputs_v2\granite-code_8b\P0\terraform\question_0215.tf'...
[Cache] Cache saved to cache.pkl (1880 entries)
[Cache] Cache saved to cache.pkl (1880 entries)
[2026-07-12 19:28:47]   auditando question_0231.tf (con qwen25-coder-audit)...
Configuration loaded from cache_config.yaml
[Cache] Cache loaded from cache.pkl with 1880 entries (saved at 2026-07-12 19:28:45)
[Cache] Cache initialized with TTL=-1s, max_entries=-1
[*] Evaluando regla 'hard_coded_secret' en archivo 'C:\Users\erick\OneDrive\Escritorio\New folder\secllm_terraform_integration\research_iac\integration\outputs_v2\granite-code_8b\P0\terraform\question_0231.tf'...
[*] Evaluando regla 'empty_password' en archivo 'C:\Users\erick\OneDrive\Escritorio\New folder\secllm_terraform_integration\research_iac\integration\outputs_v2\granite-code_8b\P0\terraform\question_0231.tf'...
[*] Evaluando regla 'admin_by_default' en archivo 'C:\Users\erick\OneDrive\Escritorio\New folder\secllm_terraform_integration\research_iac\integration\outputs_v2\granite-code_8b\P0\terraform\question_0231.tf'...
[*] Evaluando regla 'unrestricted_ip_address' en archivo 'C:\Users\erick\OneDrive\Escritorio\New folder\secllm_terraform_integration\research_iac\integration\outputs_v2\granite-code_8b\P0\terraform\question_0231.tf'...
[*] Evaluando regla 'use_of_http_without_tls' en archivo 'C:\Users\erick\OneDrive\Escritorio\New folder\secllm_terraform_integration\research_iac\integration\outputs_v2\granite-code_8b\P0\terraform\question_0231.tf'...
[*] Evaluando regla 'no_integrity_check' en archivo 'C:\Users\erick\OneDrive\Escritorio\New folder\secllm_terraform_integration\research_iac\integration\outputs_v2\granite-code_8b\P0\terraform\question_0231.tf'...
[*] Evaluando regla 'use_of_weak_cryptography' en archivo 'C:\Users\erick\OneDrive\Escritorio\New folder\secllm_terraform_integration\research_iac\integration\outputs_v2\granite-code_8b\P0\terraform\question_0231.tf'...
[*] Evaluando regla 'suspicious_comment' en archivo 'C:\Users\erick\OneDrive\Escritorio\New folder\secllm_terraform_integration\research_iac\integration\outputs_v2\granite-code_8b\P0\terraform\question_0231.tf'...
[Cache] Cache saved to cache.pkl (1888 entries)
[Cache] Cache saved to cache.pkl (1888 entries)
[2026-07-12 19:29:17]   auditando question_0234.tf (con qwen25-coder-audit)...
Configuration loaded from cache_config.yaml
[Cache] Cache loaded from cache.pkl with 1888 entries (saved at 2026-07-12 19:29:16)
[Cache] Cache initialized with TTL=-1s, max_entries=-1
[*] Evaluando regla 'hard_coded_secret' en archivo 'C:\Users\erick\OneDrive\Escritorio\New folder\secllm_terraform_integration\research_iac\integration\outputs_v2\granite-code_8b\P0\terraform\question_0234.tf'...
[*] Evaluando regla 'empty_password' en archivo 'C:\Users\erick\OneDrive\Escritorio\New folder\secllm_terraform_integration\research_iac\integration\outputs_v2\granite-code_8b\P0\terraform\question_0234.tf'...
[*] Evaluando regla 'admin_by_default' en archivo 'C:\Users\erick\OneDrive\Escritorio\New folder\secllm_terraform_integration\research_iac\integration\outputs_v2\granite-code_8b\P0\terraform\question_0234.tf'...
[*] Evaluando regla 'unrestricted_ip_address' en archivo 'C:\Users\erick\OneDrive\Escritorio\New folder\secllm_terraform_integration\research_iac\integration\outputs_v2\granite-code_8b\P0\terraform\question_0234.tf'...
[*] Evaluando regla 'use_of_http_without_tls' en archivo 'C:\Users\erick\OneDrive\Escritorio\New folder\secllm_terraform_integration\research_iac\integration\outputs_v2\granite-code_8b\P0\terraform\question_0234.tf'...
[*] Evaluando regla 'no_integrity_check' en archivo 'C:\Users\erick\OneDrive\Escritorio\New folder\secllm_terraform_integration\research_iac\integration\outputs_v2\granite-code_8b\P0\terraform\question_0234.tf'...
[*] Evaluando regla 'use_of_weak_cryptography' en archivo 'C:\Users\erick\OneDrive\Escritorio\New folder\secllm_terraform_integration\research_iac\integration\outputs_v2\granite-code_8b\P0\terraform\question_0234.tf'...
[*] Evaluando regla 'suspicious_comment' en archivo 'C:\Users\erick\OneDrive\Escritorio\New folder\secllm_terraform_integration\research_iac\integration\outputs_v2\granite-code_8b\P0\terraform\question_0234.tf'...
[Cache] Cache saved to cache.pkl (1896 entries)
[Cache] Cache saved to cache.pkl (1896 entries)
[2026-07-12 19:29:58]   auditando question_0249.tf (con qwen25-coder-audit)...
Configuration loaded from cache_config.yaml
[Cache] Cache loaded from cache.pkl with 1896 entries (saved at 2026-07-12 19:29:56)
[Cache] Cache initialized with TTL=-1s, max_entries=-1
[*] Evaluando regla 'hard_coded_secret' en archivo 'C:\Users\erick\OneDrive\Escritorio\New folder\secllm_terraform_integration\research_iac\integration\outputs_v2\granite-code_8b\P0\terraform\question_0249.tf'...
[*] Evaluando regla 'empty_password' en archivo 'C:\Users\erick\OneDrive\Escritorio\New folder\secllm_terraform_integration\research_iac\integration\outputs_v2\granite-code_8b\P0\terraform\question_0249.tf'...
[*] Evaluando regla 'admin_by_default' en archivo 'C:\Users\erick\OneDrive\Escritorio\New folder\secllm_terraform_integration\research_iac\integration\outputs_v2\granite-code_8b\P0\terraform\question_0249.tf'...
[*] Evaluando regla 'unrestricted_ip_address' en archivo 'C:\Users\erick\OneDrive\Escritorio\New folder\secllm_terraform_integration\research_iac\integration\outputs_v2\granite-code_8b\P0\terraform\question_0249.tf'...
[*] Evaluando regla 'use_of_http_without_tls' en archivo 'C:\Users\erick\OneDrive\Escritorio\New folder\secllm_terraform_integration\research_iac\integration\outputs_v2\granite-code_8b\P0\terraform\question_0249.tf'...
[*] Evaluando regla 'no_integrity_check' en archivo 'C:\Users\erick\OneDrive\Escritorio\New folder\secllm_terraform_integration\research_iac\integration\outputs_v2\granite-code_8b\P0\terraform\question_0249.tf'...
[*] Evaluando regla 'use_of_weak_cryptography' en archivo 'C:\Users\erick\OneDrive\Escritorio\New folder\secllm_terraform_integration\research_iac\integration\outputs_v2\granite-code_8b\P0\terraform\question_0249.tf'...
[*] Evaluando regla 'suspicious_comment' en archivo 'C:\Users\erick\OneDrive\Escritorio\New folder\secllm_terraform_integration\research_iac\integration\outputs_v2\granite-code_8b\P0\terraform\question_0249.tf'...
[Cache] Cache saved to cache.pkl (1904 entries)
[Cache] Cache saved to cache.pkl (1904 entries)
[2026-07-12 19:30:29]   auditando question_0255.tf (con qwen25-coder-audit)...
Configuration loaded from cache_config.yaml
[Cache] Cache loaded from cache.pkl with 1904 entries (saved at 2026-07-12 19:30:27)
[Cache] Cache initialized with TTL=-1s, max_entries=-1
[*] Evaluando regla 'hard_coded_secret' en archivo 'C:\Users\erick\OneDrive\Escritorio\New folder\secllm_terraform_integration\research_iac\integration\outputs_v2\granite-code_8b\P0\terraform\question_0255.tf'...
[*] Evaluando regla 'empty_password' en archivo 'C:\Users\erick\OneDrive\Escritorio\New folder\secllm_terraform_integration\research_iac\integration\outputs_v2\granite-code_8b\P0\terraform\question_0255.tf'...
[*] Evaluando regla 'admin_by_default' en archivo 'C:\Users\erick\OneDrive\Escritorio\New folder\secllm_terraform_integration\research_iac\integration\outputs_v2\granite-code_8b\P0\terraform\question_0255.tf'...
[*] Evaluando regla 'unrestricted_ip_address' en archivo 'C:\Users\erick\OneDrive\Escritorio\New folder\secllm_terraform_integration\research_iac\integration\outputs_v2\granite-code_8b\P0\terraform\question_0255.tf'...
[*] Evaluando regla 'use_of_http_without_tls' en archivo 'C:\Users\erick\OneDrive\Escritorio\New folder\secllm_terraform_integration\research_iac\integration\outputs_v2\granite-code_8b\P0\terraform\question_0255.tf'...
[*] Evaluando regla 'no_integrity_check' en archivo 'C:\Users\erick\OneDrive\Escritorio\New folder\secllm_terraform_integration\research_iac\integration\outputs_v2\granite-code_8b\P0\terraform\question_0255.tf'...
[*] Evaluando regla 'use_of_weak_cryptography' en archivo 'C:\Users\erick\OneDrive\Escritorio\New folder\secllm_terraform_integration\research_iac\integration\outputs_v2\granite-code_8b\P0\terraform\question_0255.tf'...
[*] Evaluando regla 'suspicious_comment' en archivo 'C:\Users\erick\OneDrive\Escritorio\New folder\secllm_terraform_integration\research_iac\integration\outputs_v2\granite-code_8b\P0\terraform\question_0255.tf'...
[Cache] Cache saved to cache.pkl (1912 entries)
[Cache] Cache saved to cache.pkl (1912 entries)
[2026-07-12 19:31:00]   auditando question_0261.tf (con qwen25-coder-audit)...
Configuration loaded from cache_config.yaml
[Cache] Cache loaded from cache.pkl with 1912 entries (saved at 2026-07-12 19:30:58)
[Cache] Cache initialized with TTL=-1s, max_entries=-1
[*] Evaluando regla 'hard_coded_secret' en archivo 'C:\Users\erick\OneDrive\Escritorio\New folder\secllm_terraform_integration\research_iac\integration\outputs_v2\granite-code_8b\P0\terraform\question_0261.tf'...
[*] Evaluando regla 'empty_password' en archivo 'C:\Users\erick\OneDrive\Escritorio\New folder\secllm_terraform_integration\research_iac\integration\outputs_v2\granite-code_8b\P0\terraform\question_0261.tf'...
[*] Evaluando regla 'admin_by_default' en archivo 'C:\Users\erick\OneDrive\Escritorio\New folder\secllm_terraform_integration\research_iac\integration\outputs_v2\granite-code_8b\P0\terraform\question_0261.tf'...
[*] Evaluando regla 'unrestricted_ip_address' en archivo 'C:\Users\erick\OneDrive\Escritorio\New folder\secllm_terraform_integration\research_iac\integration\outputs_v2\granite-code_8b\P0\terraform\question_0261.tf'...
[*] Evaluando regla 'use_of_http_without_tls' en archivo 'C:\Users\erick\OneDrive\Escritorio\New folder\secllm_terraform_integration\research_iac\integration\outputs_v2\granite-code_8b\P0\terraform\question_0261.tf'...
[*] Evaluando regla 'no_integrity_check' en archivo 'C:\Users\erick\OneDrive\Escritorio\New folder\secllm_terraform_integration\research_iac\integration\outputs_v2\granite-code_8b\P0\terraform\question_0261.tf'...
[*] Evaluando regla 'use_of_weak_cryptography' en archivo 'C:\Users\erick\OneDrive\Escritorio\New folder\secllm_terraform_integration\research_iac\integration\outputs_v2\granite-code_8b\P0\terraform\question_0261.tf'...
[*] Evaluando regla 'suspicious_comment' en archivo 'C:\Users\erick\OneDrive\Escritorio\New folder\secllm_terraform_integration\research_iac\integration\outputs_v2\granite-code_8b\P0\terraform\question_0261.tf'...
[Cache] Cache saved to cache.pkl (1920 entries)
[Cache] Cache saved to cache.pkl (1920 entries)
[2026-07-12 19:31:30]   auditando question_0262.tf (con qwen25-coder-audit)...
Configuration loaded from cache_config.yaml
[Cache] Cache loaded from cache.pkl with 1920 entries (saved at 2026-07-12 19:31:28)
[Cache] Cache initialized with TTL=-1s, max_entries=-1
[*] Evaluando regla 'hard_coded_secret' en archivo 'C:\Users\erick\OneDrive\Escritorio\New folder\secllm_terraform_integration\research_iac\integration\outputs_v2\granite-code_8b\P0\terraform\question_0262.tf'...
[*] Evaluando regla 'empty_password' en archivo 'C:\Users\erick\OneDrive\Escritorio\New folder\secllm_terraform_integration\research_iac\integration\outputs_v2\granite-code_8b\P0\terraform\question_0262.tf'...
[*] Evaluando regla 'admin_by_default' en archivo 'C:\Users\erick\OneDrive\Escritorio\New folder\secllm_terraform_integration\research_iac\integration\outputs_v2\granite-code_8b\P0\terraform\question_0262.tf'...
[*] Evaluando regla 'unrestricted_ip_address' en archivo 'C:\Users\erick\OneDrive\Escritorio\New folder\secllm_terraform_integration\research_iac\integration\outputs_v2\granite-code_8b\P0\terraform\question_0262.tf'...
[*] Evaluando regla 'use_of_http_without_tls' en archivo 'C:\Users\erick\OneDrive\Escritorio\New folder\secllm_terraform_integration\research_iac\integration\outputs_v2\granite-code_8b\P0\terraform\question_0262.tf'...
[*] Evaluando regla 'no_integrity_check' en archivo 'C:\Users\erick\OneDrive\Escritorio\New folder\secllm_terraform_integration\research_iac\integration\outputs_v2\granite-code_8b\P0\terraform\question_0262.tf'...
[*] Evaluando regla 'use_of_weak_cryptography' en archivo 'C:\Users\erick\OneDrive\Escritorio\New folder\secllm_terraform_integration\research_iac\integration\outputs_v2\granite-code_8b\P0\terraform\question_0262.tf'...
[*] Evaluando regla 'suspicious_comment' en archivo 'C:\Users\erick\OneDrive\Escritorio\New folder\secllm_terraform_integration\research_iac\integration\outputs_v2\granite-code_8b\P0\terraform\question_0262.tf'...
[Cache] Cache saved to cache.pkl (1928 entries)
[Cache] Cache saved to cache.pkl (1928 entries)
[2026-07-12 19:32:03]   auditando question_0285.tf (con qwen25-coder-audit)...
Configuration loaded from cache_config.yaml
[Cache] Cache loaded from cache.pkl with 1928 entries (saved at 2026-07-12 19:32:01)
[Cache] Cache initialized with TTL=-1s, max_entries=-1
[*] Evaluando regla 'hard_coded_secret' en archivo 'C:\Users\erick\OneDrive\Escritorio\New folder\secllm_terraform_integration\research_iac\integration\outputs_v2\granite-code_8b\P0\terraform\question_0285.tf'...
[*] Evaluando regla 'empty_password' en archivo 'C:\Users\erick\OneDrive\Escritorio\New folder\secllm_terraform_integration\research_iac\integration\outputs_v2\granite-code_8b\P0\terraform\question_0285.tf'...
[*] Evaluando regla 'admin_by_default' en archivo 'C:\Users\erick\OneDrive\Escritorio\New folder\secllm_terraform_integration\research_iac\integration\outputs_v2\granite-code_8b\P0\terraform\question_0285.tf'...
[*] Evaluando regla 'unrestricted_ip_address' en archivo 'C:\Users\erick\OneDrive\Escritorio\New folder\secllm_terraform_integration\research_iac\integration\outputs_v2\granite-code_8b\P0\terraform\question_0285.tf'...
[*] Evaluando regla 'use_of_http_without_tls' en archivo 'C:\Users\erick\OneDrive\Escritorio\New folder\secllm_terraform_integration\research_iac\integration\outputs_v2\granite-code_8b\P0\terraform\question_0285.tf'...
[*] Evaluando regla 'no_integrity_check' en archivo 'C:\Users\erick\OneDrive\Escritorio\New folder\secllm_terraform_integration\research_iac\integration\outputs_v2\granite-code_8b\P0\terraform\question_0285.tf'...
[*] Evaluando regla 'use_of_weak_cryptography' en archivo 'C:\Users\erick\OneDrive\Escritorio\New folder\secllm_terraform_integration\research_iac\integration\outputs_v2\granite-code_8b\P0\terraform\question_0285.tf'...
[*] Evaluando regla 'suspicious_comment' en archivo 'C:\Users\erick\OneDrive\Escritorio\New folder\secllm_terraform_integration\research_iac\integration\outputs_v2\granite-code_8b\P0\terraform\question_0285.tf'...
[Cache] Cache saved to cache.pkl (1936 entries)
[Cache] Cache saved to cache.pkl (1936 entries)
[2026-07-12 19:32:31]   auditando question_0289.tf (con qwen25-coder-audit)...
Configuration loaded from cache_config.yaml
[Cache] Cache loaded from cache.pkl with 1936 entries (saved at 2026-07-12 19:32:30)
[Cache] Cache initialized with TTL=-1s, max_entries=-1
[*] Evaluando regla 'hard_coded_secret' en archivo 'C:\Users\erick\OneDrive\Escritorio\New folder\secllm_terraform_integration\research_iac\integration\outputs_v2\granite-code_8b\P0\terraform\question_0289.tf'...
[*] Evaluando regla 'empty_password' en archivo 'C:\Users\erick\OneDrive\Escritorio\New folder\secllm_terraform_integration\research_iac\integration\outputs_v2\granite-code_8b\P0\terraform\question_0289.tf'...
[*] Evaluando regla 'admin_by_default' en archivo 'C:\Users\erick\OneDrive\Escritorio\New folder\secllm_terraform_integration\research_iac\integration\outputs_v2\granite-code_8b\P0\terraform\question_0289.tf'...
[*] Evaluando regla 'unrestricted_ip_address' en archivo 'C:\Users\erick\OneDrive\Escritorio\New folder\secllm_terraform_integration\research_iac\integration\outputs_v2\granite-code_8b\P0\terraform\question_0289.tf'...
[*] Evaluando regla 'use_of_http_without_tls' en archivo 'C:\Users\erick\OneDrive\Escritorio\New folder\secllm_terraform_integration\research_iac\integration\outputs_v2\granite-code_8b\P0\terraform\question_0289.tf'...
[*] Evaluando regla 'no_integrity_check' en archivo 'C:\Users\erick\OneDrive\Escritorio\New folder\secllm_terraform_integration\research_iac\integration\outputs_v2\granite-code_8b\P0\terraform\question_0289.tf'...
[*] Evaluando regla 'use_of_weak_cryptography' en archivo 'C:\Users\erick\OneDrive\Escritorio\New folder\secllm_terraform_integration\research_iac\integration\outputs_v2\granite-code_8b\P0\terraform\question_0289.tf'...
[*] Evaluando regla 'suspicious_comment' en archivo 'C:\Users\erick\OneDrive\Escritorio\New folder\secllm_terraform_integration\research_iac\integration\outputs_v2\granite-code_8b\P0\terraform\question_0289.tf'...
[Cache] Cache saved to cache.pkl (1944 entries)
[Cache] Cache saved to cache.pkl (1944 entries)
[2026-07-12 19:33:01]   auditando question_0290.tf (con qwen25-coder-audit)...
Configuration loaded from cache_config.yaml
[Cache] Cache loaded from cache.pkl with 1944 entries (saved at 2026-07-12 19:32:59)
[Cache] Cache initialized with TTL=-1s, max_entries=-1
[*] Evaluando regla 'hard_coded_secret' en archivo 'C:\Users\erick\OneDrive\Escritorio\New folder\secllm_terraform_integration\research_iac\integration\outputs_v2\granite-code_8b\P0\terraform\question_0290.tf'...
[*] Evaluando regla 'empty_password' en archivo 'C:\Users\erick\OneDrive\Escritorio\New folder\secllm_terraform_integration\research_iac\integration\outputs_v2\granite-code_8b\P0\terraform\question_0290.tf'...
[*] Evaluando regla 'admin_by_default' en archivo 'C:\Users\erick\OneDrive\Escritorio\New folder\secllm_terraform_integration\research_iac\integration\outputs_v2\granite-code_8b\P0\terraform\question_0290.tf'...
[*] Evaluando regla 'unrestricted_ip_address' en archivo 'C:\Users\erick\OneDrive\Escritorio\New folder\secllm_terraform_integration\research_iac\integration\outputs_v2\granite-code_8b\P0\terraform\question_0290.tf'...
[*] Evaluando regla 'use_of_http_without_tls' en archivo 'C:\Users\erick\OneDrive\Escritorio\New folder\secllm_terraform_integration\research_iac\integration\outputs_v2\granite-code_8b\P0\terraform\question_0290.tf'...
[*] Evaluando regla 'no_integrity_check' en archivo 'C:\Users\erick\OneDrive\Escritorio\New folder\secllm_terraform_integration\research_iac\integration\outputs_v2\granite-code_8b\P0\terraform\question_0290.tf'...
[*] Evaluando regla 'use_of_weak_cryptography' en archivo 'C:\Users\erick\OneDrive\Escritorio\New folder\secllm_terraform_integration\research_iac\integration\outputs_v2\granite-code_8b\P0\terraform\question_0290.tf'...
[*] Evaluando regla 'suspicious_comment' en archivo 'C:\Users\erick\OneDrive\Escritorio\New folder\secllm_terraform_integration\research_iac\integration\outputs_v2\granite-code_8b\P0\terraform\question_0290.tf'...
[Cache] Cache saved to cache.pkl (1952 entries)
[Cache] Cache saved to cache.pkl (1952 entries)
[2026-07-12 19:33:30]   auditando question_0336.tf (con qwen25-coder-audit)...
Configuration loaded from cache_config.yaml
[Cache] Cache loaded from cache.pkl with 1952 entries (saved at 2026-07-12 19:33:29)
[Cache] Cache initialized with TTL=-1s, max_entries=-1
[*] Evaluando regla 'hard_coded_secret' en archivo 'C:\Users\erick\OneDrive\Escritorio\New folder\secllm_terraform_integration\research_iac\integration\outputs_v2\granite-code_8b\P0\terraform\question_0336.tf'...
[*] Evaluando regla 'empty_password' en archivo 'C:\Users\erick\OneDrive\Escritorio\New folder\secllm_terraform_integration\research_iac\integration\outputs_v2\granite-code_8b\P0\terraform\question_0336.tf'...
[*] Evaluando regla 'admin_by_default' en archivo 'C:\Users\erick\OneDrive\Escritorio\New folder\secllm_terraform_integration\research_iac\integration\outputs_v2\granite-code_8b\P0\terraform\question_0336.tf'...
[*] Evaluando regla 'unrestricted_ip_address' en archivo 'C:\Users\erick\OneDrive\Escritorio\New folder\secllm_terraform_integration\research_iac\integration\outputs_v2\granite-code_8b\P0\terraform\question_0336.tf'...
[*] Evaluando regla 'use_of_http_without_tls' en archivo 'C:\Users\erick\OneDrive\Escritorio\New folder\secllm_terraform_integration\research_iac\integration\outputs_v2\granite-code_8b\P0\terraform\question_0336.tf'...
[*] Evaluando regla 'no_integrity_check' en archivo 'C:\Users\erick\OneDrive\Escritorio\New folder\secllm_terraform_integration\research_iac\integration\outputs_v2\granite-code_8b\P0\terraform\question_0336.tf'...
[*] Evaluando regla 'use_of_weak_cryptography' en archivo 'C:\Users\erick\OneDrive\Escritorio\New folder\secllm_terraform_integration\research_iac\integration\outputs_v2\granite-code_8b\P0\terraform\question_0336.tf'...
[*] Evaluando regla 'suspicious_comment' en archivo 'C:\Users\erick\OneDrive\Escritorio\New folder\secllm_terraform_integration\research_iac\integration\outputs_v2\granite-code_8b\P0\terraform\question_0336.tf'...
[Cache] Cache saved to cache.pkl (1960 entries)
[Cache] Cache saved to cache.pkl (1960 entries)
[2026-07-12 19:34:05]   auditando question_0342.tf (con qwen25-coder-audit)...
Configuration loaded from cache_config.yaml
[Cache] Cache loaded from cache.pkl with 1960 entries (saved at 2026-07-12 19:34:04)
[Cache] Cache initialized with TTL=-1s, max_entries=-1
[*] Evaluando regla 'hard_coded_secret' en archivo 'C:\Users\erick\OneDrive\Escritorio\New folder\secllm_terraform_integration\research_iac\integration\outputs_v2\granite-code_8b\P0\terraform\question_0342.tf'...
[*] Evaluando regla 'empty_password' en archivo 'C:\Users\erick\OneDrive\Escritorio\New folder\secllm_terraform_integration\research_iac\integration\outputs_v2\granite-code_8b\P0\terraform\question_0342.tf'...
[*] Evaluando regla 'admin_by_default' en archivo 'C:\Users\erick\OneDrive\Escritorio\New folder\secllm_terraform_integration\research_iac\integration\outputs_v2\granite-code_8b\P0\terraform\question_0342.tf'...
[*] Evaluando regla 'unrestricted_ip_address' en archivo 'C:\Users\erick\OneDrive\Escritorio\New folder\secllm_terraform_integration\research_iac\integration\outputs_v2\granite-code_8b\P0\terraform\question_0342.tf'...
[*] Evaluando regla 'use_of_http_without_tls' en archivo 'C:\Users\erick\OneDrive\Escritorio\New folder\secllm_terraform_integration\research_iac\integration\outputs_v2\granite-code_8b\P0\terraform\question_0342.tf'...
[*] Evaluando regla 'no_integrity_check' en archivo 'C:\Users\erick\OneDrive\Escritorio\New folder\secllm_terraform_integration\research_iac\integration\outputs_v2\granite-code_8b\P0\terraform\question_0342.tf'...
[*] Evaluando regla 'use_of_weak_cryptography' en archivo 'C:\Users\erick\OneDrive\Escritorio\New folder\secllm_terraform_integration\research_iac\integration\outputs_v2\granite-code_8b\P0\terraform\question_0342.tf'...
[*] Evaluando regla 'suspicious_comment' en archivo 'C:\Users\erick\OneDrive\Escritorio\New folder\secllm_terraform_integration\research_iac\integration\outputs_v2\granite-code_8b\P0\terraform\question_0342.tf'...
[Cache] Cache saved to cache.pkl (1968 entries)
[Cache] Cache saved to cache.pkl (1968 entries)
[2026-07-12 19:34:45]   auditando question_0353.tf (con qwen25-coder-audit)...
Configuration loaded from cache_config.yaml
[Cache] Cache loaded from cache.pkl with 1968 entries (saved at 2026-07-12 19:34:43)
[Cache] Cache initialized with TTL=-1s, max_entries=-1
[*] Evaluando regla 'hard_coded_secret' en archivo 'C:\Users\erick\OneDrive\Escritorio\New folder\secllm_terraform_integration\research_iac\integration\outputs_v2\granite-code_8b\P0\terraform\question_0353.tf'...
[*] Evaluando regla 'empty_password' en archivo 'C:\Users\erick\OneDrive\Escritorio\New folder\secllm_terraform_integration\research_iac\integration\outputs_v2\granite-code_8b\P0\terraform\question_0353.tf'...
[*] Evaluando regla 'admin_by_default' en archivo 'C:\Users\erick\OneDrive\Escritorio\New folder\secllm_terraform_integration\research_iac\integration\outputs_v2\granite-code_8b\P0\terraform\question_0353.tf'...
[*] Evaluando regla 'unrestricted_ip_address' en archivo 'C:\Users\erick\OneDrive\Escritorio\New folder\secllm_terraform_integration\research_iac\integration\outputs_v2\granite-code_8b\P0\terraform\question_0353.tf'...
[*] Evaluando regla 'use_of_http_without_tls' en archivo 'C:\Users\erick\OneDrive\Escritorio\New folder\secllm_terraform_integration\research_iac\integration\outputs_v2\granite-code_8b\P0\terraform\question_0353.tf'...
[*] Evaluando regla 'no_integrity_check' en archivo 'C:\Users\erick\OneDrive\Escritorio\New folder\secllm_terraform_integration\research_iac\integration\outputs_v2\granite-code_8b\P0\terraform\question_0353.tf'...
[*] Evaluando regla 'use_of_weak_cryptography' en archivo 'C:\Users\erick\OneDrive\Escritorio\New folder\secllm_terraform_integration\research_iac\integration\outputs_v2\granite-code_8b\P0\terraform\question_0353.tf'...
[*] Evaluando regla 'suspicious_comment' en archivo 'C:\Users\erick\OneDrive\Escritorio\New folder\secllm_terraform_integration\research_iac\integration\outputs_v2\granite-code_8b\P0\terraform\question_0353.tf'...
[Cache] Cache saved to cache.pkl (1976 entries)
[Cache] Cache saved to cache.pkl (1976 entries)
[2026-07-12 19:35:37]   auditando question_0361.tf (con qwen25-coder-audit)...
Configuration loaded from cache_config.yaml
[Cache] Cache loaded from cache.pkl with 1976 entries (saved at 2026-07-12 19:35:35)
[Cache] Cache initialized with TTL=-1s, max_entries=-1
[*] Evaluando regla 'hard_coded_secret' en archivo 'C:\Users\erick\OneDrive\Escritorio\New folder\secllm_terraform_integration\research_iac\integration\outputs_v2\granite-code_8b\P0\terraform\question_0361.tf'...
[*] Evaluando regla 'empty_password' en archivo 'C:\Users\erick\OneDrive\Escritorio\New folder\secllm_terraform_integration\research_iac\integration\outputs_v2\granite-code_8b\P0\terraform\question_0361.tf'...
[*] Evaluando regla 'admin_by_default' en archivo 'C:\Users\erick\OneDrive\Escritorio\New folder\secllm_terraform_integration\research_iac\integration\outputs_v2\granite-code_8b\P0\terraform\question_0361.tf'...
[*] Evaluando regla 'unrestricted_ip_address' en archivo 'C:\Users\erick\OneDrive\Escritorio\New folder\secllm_terraform_integration\research_iac\integration\outputs_v2\granite-code_8b\P0\terraform\question_0361.tf'...
[*] Evaluando regla 'use_of_http_without_tls' en archivo 'C:\Users\erick\OneDrive\Escritorio\New folder\secllm_terraform_integration\research_iac\integration\outputs_v2\granite-code_8b\P0\terraform\question_0361.tf'...
[*] Evaluando regla 'no_integrity_check' en archivo 'C:\Users\erick\OneDrive\Escritorio\New folder\secllm_terraform_integration\research_iac\integration\outputs_v2\granite-code_8b\P0\terraform\question_0361.tf'...
[*] Evaluando regla 'use_of_weak_cryptography' en archivo 'C:\Users\erick\OneDrive\Escritorio\New folder\secllm_terraform_integration\research_iac\integration\outputs_v2\granite-code_8b\P0\terraform\question_0361.tf'...
[*] Evaluando regla 'suspicious_comment' en archivo 'C:\Users\erick\OneDrive\Escritorio\New folder\secllm_terraform_integration\research_iac\integration\outputs_v2\granite-code_8b\P0\terraform\question_0361.tf'...
[Cache] Cache saved to cache.pkl (1984 entries)
[Cache] Cache saved to cache.pkl (1984 entries)
[2026-07-12 19:36:07]   auditando question_0362.tf (con qwen25-coder-audit)...
Configuration loaded from cache_config.yaml
[Cache] Cache loaded from cache.pkl with 1984 entries (saved at 2026-07-12 19:36:06)
[Cache] Cache initialized with TTL=-1s, max_entries=-1
[*] Evaluando regla 'hard_coded_secret' en archivo 'C:\Users\erick\OneDrive\Escritorio\New folder\secllm_terraform_integration\research_iac\integration\outputs_v2\granite-code_8b\P0\terraform\question_0362.tf'...
[*] Evaluando regla 'empty_password' en archivo 'C:\Users\erick\OneDrive\Escritorio\New folder\secllm_terraform_integration\research_iac\integration\outputs_v2\granite-code_8b\P0\terraform\question_0362.tf'...
[*] Evaluando regla 'admin_by_default' en archivo 'C:\Users\erick\OneDrive\Escritorio\New folder\secllm_terraform_integration\research_iac\integration\outputs_v2\granite-code_8b\P0\terraform\question_0362.tf'...
[*] Evaluando regla 'unrestricted_ip_address' en archivo 'C:\Users\erick\OneDrive\Escritorio\New folder\secllm_terraform_integration\research_iac\integration\outputs_v2\granite-code_8b\P0\terraform\question_0362.tf'...
[*] Evaluando regla 'use_of_http_without_tls' en archivo 'C:\Users\erick\OneDrive\Escritorio\New folder\secllm_terraform_integration\research_iac\integration\outputs_v2\granite-code_8b\P0\terraform\question_0362.tf'...
[*] Evaluando regla 'no_integrity_check' en archivo 'C:\Users\erick\OneDrive\Escritorio\New folder\secllm_terraform_integration\research_iac\integration\outputs_v2\granite-code_8b\P0\terraform\question_0362.tf'...
[*] Evaluando regla 'use_of_weak_cryptography' en archivo 'C:\Users\erick\OneDrive\Escritorio\New folder\secllm_terraform_integration\research_iac\integration\outputs_v2\granite-code_8b\P0\terraform\question_0362.tf'...
[*] Evaluando regla 'suspicious_comment' en archivo 'C:\Users\erick\OneDrive\Escritorio\New folder\secllm_terraform_integration\research_iac\integration\outputs_v2\granite-code_8b\P0\terraform\question_0362.tf'...
[Cache] Cache saved to cache.pkl (1992 entries)
[Cache] Cache saved to cache.pkl (1992 entries)
[2026-07-12 19:36:41]   auditando question_0375.tf (con qwen25-coder-audit)...
Configuration loaded from cache_config.yaml
[Cache] Cache loaded from cache.pkl with 1992 entries (saved at 2026-07-12 19:36:39)
[Cache] Cache initialized with TTL=-1s, max_entries=-1
[*] Evaluando regla 'hard_coded_secret' en archivo 'C:\Users\erick\OneDrive\Escritorio\New folder\secllm_terraform_integration\research_iac\integration\outputs_v2\granite-code_8b\P0\terraform\question_0375.tf'...
[*] Evaluando regla 'empty_password' en archivo 'C:\Users\erick\OneDrive\Escritorio\New folder\secllm_terraform_integration\research_iac\integration\outputs_v2\granite-code_8b\P0\terraform\question_0375.tf'...
[*] Evaluando regla 'admin_by_default' en archivo 'C:\Users\erick\OneDrive\Escritorio\New folder\secllm_terraform_integration\research_iac\integration\outputs_v2\granite-code_8b\P0\terraform\question_0375.tf'...
[*] Evaluando regla 'unrestricted_ip_address' en archivo 'C:\Users\erick\OneDrive\Escritorio\New folder\secllm_terraform_integration\research_iac\integration\outputs_v2\granite-code_8b\P0\terraform\question_0375.tf'...
[*] Evaluando regla 'use_of_http_without_tls' en archivo 'C:\Users\erick\OneDrive\Escritorio\New folder\secllm_terraform_integration\research_iac\integration\outputs_v2\granite-code_8b\P0\terraform\question_0375.tf'...
[*] Evaluando regla 'no_integrity_check' en archivo 'C:\Users\erick\OneDrive\Escritorio\New folder\secllm_terraform_integration\research_iac\integration\outputs_v2\granite-code_8b\P0\terraform\question_0375.tf'...
[*] Evaluando regla 'use_of_weak_cryptography' en archivo 'C:\Users\erick\OneDrive\Escritorio\New folder\secllm_terraform_integration\research_iac\integration\outputs_v2\granite-code_8b\P0\terraform\question_0375.tf'...
[*] Evaluando regla 'suspicious_comment' en archivo 'C:\Users\erick\OneDrive\Escritorio\New folder\secllm_terraform_integration\research_iac\integration\outputs_v2\granite-code_8b\P0\terraform\question_0375.tf'...
[Cache] Cache saved to cache.pkl (2000 entries)
[Cache] Cache saved to cache.pkl (2000 entries)
[2026-07-12 19:37:11]   auditando question_0400.tf (con qwen25-coder-audit)...
Configuration loaded from cache_config.yaml
[Cache] Cache loaded from cache.pkl with 2000 entries (saved at 2026-07-12 19:37:10)
[Cache] Cache initialized with TTL=-1s, max_entries=-1
[*] Evaluando regla 'hard_coded_secret' en archivo 'C:\Users\erick\OneDrive\Escritorio\New folder\secllm_terraform_integration\research_iac\integration\outputs_v2\granite-code_8b\P0\terraform\question_0400.tf'...
[*] Evaluando regla 'empty_password' en archivo 'C:\Users\erick\OneDrive\Escritorio\New folder\secllm_terraform_integration\research_iac\integration\outputs_v2\granite-code_8b\P0\terraform\question_0400.tf'...
[*] Evaluando regla 'admin_by_default' en archivo 'C:\Users\erick\OneDrive\Escritorio\New folder\secllm_terraform_integration\research_iac\integration\outputs_v2\granite-code_8b\P0\terraform\question_0400.tf'...
[*] Evaluando regla 'unrestricted_ip_address' en archivo 'C:\Users\erick\OneDrive\Escritorio\New folder\secllm_terraform_integration\research_iac\integration\outputs_v2\granite-code_8b\P0\terraform\question_0400.tf'...
[*] Evaluando regla 'use_of_http_without_tls' en archivo 'C:\Users\erick\OneDrive\Escritorio\New folder\secllm_terraform_integration\research_iac\integration\outputs_v2\granite-code_8b\P0\terraform\question_0400.tf'...
[*] Evaluando regla 'no_integrity_check' en archivo 'C:\Users\erick\OneDrive\Escritorio\New folder\secllm_terraform_integration\research_iac\integration\outputs_v2\granite-code_8b\P0\terraform\question_0400.tf'...
[*] Evaluando regla 'use_of_weak_cryptography' en archivo 'C:\Users\erick\OneDrive\Escritorio\New folder\secllm_terraform_integration\research_iac\integration\outputs_v2\granite-code_8b\P0\terraform\question_0400.tf'...
[*] Evaluando regla 'suspicious_comment' en archivo 'C:\Users\erick\OneDrive\Escritorio\New folder\secllm_terraform_integration\research_iac\integration\outputs_v2\granite-code_8b\P0\terraform\question_0400.tf'...
[Cache] Cache saved to cache.pkl (2008 entries)
[Cache] Cache saved to cache.pkl (2008 entries)
[2026-07-12 19:37:41]   auditando question_0415.tf (con qwen25-coder-audit)...
Configuration loaded from cache_config.yaml
[Cache] Cache loaded from cache.pkl with 2008 entries (saved at 2026-07-12 19:37:39)
[Cache] Cache initialized with TTL=-1s, max_entries=-1
[*] Evaluando regla 'hard_coded_secret' en archivo 'C:\Users\erick\OneDrive\Escritorio\New folder\secllm_terraform_integration\research_iac\integration\outputs_v2\granite-code_8b\P0\terraform\question_0415.tf'...
[*] Evaluando regla 'empty_password' en archivo 'C:\Users\erick\OneDrive\Escritorio\New folder\secllm_terraform_integration\research_iac\integration\outputs_v2\granite-code_8b\P0\terraform\question_0415.tf'...
[*] Evaluando regla 'admin_by_default' en archivo 'C:\Users\erick\OneDrive\Escritorio\New folder\secllm_terraform_integration\research_iac\integration\outputs_v2\granite-code_8b\P0\terraform\question_0415.tf'...
[*] Evaluando regla 'unrestricted_ip_address' en archivo 'C:\Users\erick\OneDrive\Escritorio\New folder\secllm_terraform_integration\research_iac\integration\outputs_v2\granite-code_8b\P0\terraform\question_0415.tf'...
[*] Evaluando regla 'use_of_http_without_tls' en archivo 'C:\Users\erick\OneDrive\Escritorio\New folder\secllm_terraform_integration\research_iac\integration\outputs_v2\granite-code_8b\P0\terraform\question_0415.tf'...
[*] Evaluando regla 'no_integrity_check' en archivo 'C:\Users\erick\OneDrive\Escritorio\New folder\secllm_terraform_integration\research_iac\integration\outputs_v2\granite-code_8b\P0\terraform\question_0415.tf'...
[*] Evaluando regla 'use_of_weak_cryptography' en archivo 'C:\Users\erick\OneDrive\Escritorio\New folder\secllm_terraform_integration\research_iac\integration\outputs_v2\granite-code_8b\P0\terraform\question_0415.tf'...
[*] Evaluando regla 'suspicious_comment' en archivo 'C:\Users\erick\OneDrive\Escritorio\New folder\secllm_terraform_integration\research_iac\integration\outputs_v2\granite-code_8b\P0\terraform\question_0415.tf'...
[Cache] Cache saved to cache.pkl (2016 entries)
[Cache] Cache saved to cache.pkl (2016 entries)
[2026-07-12 19:38:13]   auditando question_0422.tf (con qwen25-coder-audit)...
Configuration loaded from cache_config.yaml
[Cache] Cache loaded from cache.pkl with 2016 entries (saved at 2026-07-12 19:38:11)
[Cache] Cache initialized with TTL=-1s, max_entries=-1
[*] Evaluando regla 'hard_coded_secret' en archivo 'C:\Users\erick\OneDrive\Escritorio\New folder\secllm_terraform_integration\research_iac\integration\outputs_v2\granite-code_8b\P0\terraform\question_0422.tf'...
[*] Evaluando regla 'empty_password' en archivo 'C:\Users\erick\OneDrive\Escritorio\New folder\secllm_terraform_integration\research_iac\integration\outputs_v2\granite-code_8b\P0\terraform\question_0422.tf'...
[*] Evaluando regla 'admin_by_default' en archivo 'C:\Users\erick\OneDrive\Escritorio\New folder\secllm_terraform_integration\research_iac\integration\outputs_v2\granite-code_8b\P0\terraform\question_0422.tf'...
[*] Evaluando regla 'unrestricted_ip_address' en archivo 'C:\Users\erick\OneDrive\Escritorio\New folder\secllm_terraform_integration\research_iac\integration\outputs_v2\granite-code_8b\P0\terraform\question_0422.tf'...
[*] Evaluando regla 'use_of_http_without_tls' en archivo 'C:\Users\erick\OneDrive\Escritorio\New folder\secllm_terraform_integration\research_iac\integration\outputs_v2\granite-code_8b\P0\terraform\question_0422.tf'...
[*] Evaluando regla 'no_integrity_check' en archivo 'C:\Users\erick\OneDrive\Escritorio\New folder\secllm_terraform_integration\research_iac\integration\outputs_v2\granite-code_8b\P0\terraform\question_0422.tf'...
[*] Evaluando regla 'use_of_weak_cryptography' en archivo 'C:\Users\erick\OneDrive\Escritorio\New folder\secllm_terraform_integration\research_iac\integration\outputs_v2\granite-code_8b\P0\terraform\question_0422.tf'...
[*] Evaluando regla 'suspicious_comment' en archivo 'C:\Users\erick\OneDrive\Escritorio\New folder\secllm_terraform_integration\research_iac\integration\outputs_v2\granite-code_8b\P0\terraform\question_0422.tf'...
[Cache] Cache saved to cache.pkl (2024 entries)
[Cache] Cache saved to cache.pkl (2024 entries)
[2026-07-12 19:38:50] --- granite-code:8b [P1]: Auditor?a con auditor externo 'qwen25-coder-audit' ---
[2026-07-12 19:38:50]   auditando question_0000.tf (con qwen25-coder-audit)...
Configuration loaded from cache_config.yaml
[Cache] Cache loaded from cache.pkl with 2024 entries (saved at 2026-07-12 19:38:48)
[Cache] Cache initialized with TTL=-1s, max_entries=-1
[*] Evaluando regla 'hard_coded_secret' en archivo 'C:\Users\erick\OneDrive\Escritorio\New folder\secllm_terraform_integration\research_iac\integration\outputs_v2\granite-code_8b\P1\terraform\question_0000.tf'...
[*] Evaluando regla 'empty_password' en archivo 'C:\Users\erick\OneDrive\Escritorio\New folder\secllm_terraform_integration\research_iac\integration\outputs_v2\granite-code_8b\P1\terraform\question_0000.tf'...
[*] Evaluando regla 'admin_by_default' en archivo 'C:\Users\erick\OneDrive\Escritorio\New folder\secllm_terraform_integration\research_iac\integration\outputs_v2\granite-code_8b\P1\terraform\question_0000.tf'...
[*] Evaluando regla 'unrestricted_ip_address' en archivo 'C:\Users\erick\OneDrive\Escritorio\New folder\secllm_terraform_integration\research_iac\integration\outputs_v2\granite-code_8b\P1\terraform\question_0000.tf'...
[*] Evaluando regla 'use_of_http_without_tls' en archivo 'C:\Users\erick\OneDrive\Escritorio\New folder\secllm_terraform_integration\research_iac\integration\outputs_v2\granite-code_8b\P1\terraform\question_0000.tf'...
[*] Evaluando regla 'no_integrity_check' en archivo 'C:\Users\erick\OneDrive\Escritorio\New folder\secllm_terraform_integration\research_iac\integration\outputs_v2\granite-code_8b\P1\terraform\question_0000.tf'...
[*] Evaluando regla 'use_of_weak_cryptography' en archivo 'C:\Users\erick\OneDrive\Escritorio\New folder\secllm_terraform_integration\research_iac\integration\outputs_v2\granite-code_8b\P1\terraform\question_0000.tf'...
[*] Evaluando regla 'suspicious_comment' en archivo 'C:\Users\erick\OneDrive\Escritorio\New folder\secllm_terraform_integration\research_iac\integration\outputs_v2\granite-code_8b\P1\terraform\question_0000.tf'...
[Cache] Cache saved to cache.pkl (2032 entries)
[Cache] Cache saved to cache.pkl (2032 entries)
[2026-07-12 19:39:28]   auditando question_0003.tf (con qwen25-coder-audit)...
Configuration loaded from cache_config.yaml
[Cache] Cache loaded from cache.pkl with 2032 entries (saved at 2026-07-12 19:39:26)
[Cache] Cache initialized with TTL=-1s, max_entries=-1
[*] Evaluando regla 'hard_coded_secret' en archivo 'C:\Users\erick\OneDrive\Escritorio\New folder\secllm_terraform_integration\research_iac\integration\outputs_v2\granite-code_8b\P1\terraform\question_0003.tf'...
[*] Evaluando regla 'empty_password' en archivo 'C:\Users\erick\OneDrive\Escritorio\New folder\secllm_terraform_integration\research_iac\integration\outputs_v2\granite-code_8b\P1\terraform\question_0003.tf'...
[*] Evaluando regla 'admin_by_default' en archivo 'C:\Users\erick\OneDrive\Escritorio\New folder\secllm_terraform_integration\research_iac\integration\outputs_v2\granite-code_8b\P1\terraform\question_0003.tf'...
[*] Evaluando regla 'unrestricted_ip_address' en archivo 'C:\Users\erick\OneDrive\Escritorio\New folder\secllm_terraform_integration\research_iac\integration\outputs_v2\granite-code_8b\P1\terraform\question_0003.tf'...
[*] Evaluando regla 'use_of_http_without_tls' en archivo 'C:\Users\erick\OneDrive\Escritorio\New folder\secllm_terraform_integration\research_iac\integration\outputs_v2\granite-code_8b\P1\terraform\question_0003.tf'...
[*] Evaluando regla 'no_integrity_check' en archivo 'C:\Users\erick\OneDrive\Escritorio\New folder\secllm_terraform_integration\research_iac\integration\outputs_v2\granite-code_8b\P1\terraform\question_0003.tf'...
[*] Evaluando regla 'use_of_weak_cryptography' en archivo 'C:\Users\erick\OneDrive\Escritorio\New folder\secllm_terraform_integration\research_iac\integration\outputs_v2\granite-code_8b\P1\terraform\question_0003.tf'...
[*] Evaluando regla 'suspicious_comment' en archivo 'C:\Users\erick\OneDrive\Escritorio\New folder\secllm_terraform_integration\research_iac\integration\outputs_v2\granite-code_8b\P1\terraform\question_0003.tf'...
[Cache] Cache saved to cache.pkl (2040 entries)
[Cache] Cache saved to cache.pkl (2040 entries)
[2026-07-12 19:40:24]   auditando question_0005.tf (con qwen25-coder-audit)...
Configuration loaded from cache_config.yaml
[Cache] Cache loaded from cache.pkl with 2040 entries (saved at 2026-07-12 19:40:22)
[Cache] Cache initialized with TTL=-1s, max_entries=-1
[*] Evaluando regla 'hard_coded_secret' en archivo 'C:\Users\erick\OneDrive\Escritorio\New folder\secllm_terraform_integration\research_iac\integration\outputs_v2\granite-code_8b\P1\terraform\question_0005.tf'...
[*] Evaluando regla 'empty_password' en archivo 'C:\Users\erick\OneDrive\Escritorio\New folder\secllm_terraform_integration\research_iac\integration\outputs_v2\granite-code_8b\P1\terraform\question_0005.tf'...
[*] Evaluando regla 'admin_by_default' en archivo 'C:\Users\erick\OneDrive\Escritorio\New folder\secllm_terraform_integration\research_iac\integration\outputs_v2\granite-code_8b\P1\terraform\question_0005.tf'...
[*] Evaluando regla 'unrestricted_ip_address' en archivo 'C:\Users\erick\OneDrive\Escritorio\New folder\secllm_terraform_integration\research_iac\integration\outputs_v2\granite-code_8b\P1\terraform\question_0005.tf'...
[*] Evaluando regla 'use_of_http_without_tls' en archivo 'C:\Users\erick\OneDrive\Escritorio\New folder\secllm_terraform_integration\research_iac\integration\outputs_v2\granite-code_8b\P1\terraform\question_0005.tf'...
[*] Evaluando regla 'no_integrity_check' en archivo 'C:\Users\erick\OneDrive\Escritorio\New folder\secllm_terraform_integration\research_iac\integration\outputs_v2\granite-code_8b\P1\terraform\question_0005.tf'...
[*] Evaluando regla 'use_of_weak_cryptography' en archivo 'C:\Users\erick\OneDrive\Escritorio\New folder\secllm_terraform_integration\research_iac\integration\outputs_v2\granite-code_8b\P1\terraform\question_0005.tf'...
[*] Evaluando regla 'suspicious_comment' en archivo 'C:\Users\erick\OneDrive\Escritorio\New folder\secllm_terraform_integration\research_iac\integration\outputs_v2\granite-code_8b\P1\terraform\question_0005.tf'...
[Cache] Cache saved to cache.pkl (2048 entries)
[Cache] Cache saved to cache.pkl (2048 entries)
[2026-07-12 19:41:07]   auditando question_0012.tf (con qwen25-coder-audit)...
Configuration loaded from cache_config.yaml
[Cache] Cache loaded from cache.pkl with 2048 entries (saved at 2026-07-12 19:41:05)
[Cache] Cache initialized with TTL=-1s, max_entries=-1
[*] Evaluando regla 'hard_coded_secret' en archivo 'C:\Users\erick\OneDrive\Escritorio\New folder\secllm_terraform_integration\research_iac\integration\outputs_v2\granite-code_8b\P1\terraform\question_0012.tf'...
[*] Evaluando regla 'empty_password' en archivo 'C:\Users\erick\OneDrive\Escritorio\New folder\secllm_terraform_integration\research_iac\integration\outputs_v2\granite-code_8b\P1\terraform\question_0012.tf'...
[*] Evaluando regla 'admin_by_default' en archivo 'C:\Users\erick\OneDrive\Escritorio\New folder\secllm_terraform_integration\research_iac\integration\outputs_v2\granite-code_8b\P1\terraform\question_0012.tf'...
[*] Evaluando regla 'unrestricted_ip_address' en archivo 'C:\Users\erick\OneDrive\Escritorio\New folder\secllm_terraform_integration\research_iac\integration\outputs_v2\granite-code_8b\P1\terraform\question_0012.tf'...
[*] Evaluando regla 'use_of_http_without_tls' en archivo 'C:\Users\erick\OneDrive\Escritorio\New folder\secllm_terraform_integration\research_iac\integration\outputs_v2\granite-code_8b\P1\terraform\question_0012.tf'...
[*] Evaluando regla 'no_integrity_check' en archivo 'C:\Users\erick\OneDrive\Escritorio\New folder\secllm_terraform_integration\research_iac\integration\outputs_v2\granite-code_8b\P1\terraform\question_0012.tf'...
[*] Evaluando regla 'use_of_weak_cryptography' en archivo 'C:\Users\erick\OneDrive\Escritorio\New folder\secllm_terraform_integration\research_iac\integration\outputs_v2\granite-code_8b\P1\terraform\question_0012.tf'...
[*] Evaluando regla 'suspicious_comment' en archivo 'C:\Users\erick\OneDrive\Escritorio\New folder\secllm_terraform_integration\research_iac\integration\outputs_v2\granite-code_8b\P1\terraform\question_0012.tf'...
[Cache] Cache saved to cache.pkl (2056 entries)
[Cache] Cache saved to cache.pkl (2056 entries)
[2026-07-12 19:41:52]   auditando question_0018.tf (con qwen25-coder-audit)...
Configuration loaded from cache_config.yaml
[Cache] Cache loaded from cache.pkl with 2056 entries (saved at 2026-07-12 19:41:50)
[Cache] Cache initialized with TTL=-1s, max_entries=-1
[*] Evaluando regla 'hard_coded_secret' en archivo 'C:\Users\erick\OneDrive\Escritorio\New folder\secllm_terraform_integration\research_iac\integration\outputs_v2\granite-code_8b\P1\terraform\question_0018.tf'...
[*] Evaluando regla 'empty_password' en archivo 'C:\Users\erick\OneDrive\Escritorio\New folder\secllm_terraform_integration\research_iac\integration\outputs_v2\granite-code_8b\P1\terraform\question_0018.tf'...
[*] Evaluando regla 'admin_by_default' en archivo 'C:\Users\erick\OneDrive\Escritorio\New folder\secllm_terraform_integration\research_iac\integration\outputs_v2\granite-code_8b\P1\terraform\question_0018.tf'...
[*] Evaluando regla 'unrestricted_ip_address' en archivo 'C:\Users\erick\OneDrive\Escritorio\New folder\secllm_terraform_integration\research_iac\integration\outputs_v2\granite-code_8b\P1\terraform\question_0018.tf'...
[*] Evaluando regla 'use_of_http_without_tls' en archivo 'C:\Users\erick\OneDrive\Escritorio\New folder\secllm_terraform_integration\research_iac\integration\outputs_v2\granite-code_8b\P1\terraform\question_0018.tf'...
[*] Evaluando regla 'no_integrity_check' en archivo 'C:\Users\erick\OneDrive\Escritorio\New folder\secllm_terraform_integration\research_iac\integration\outputs_v2\granite-code_8b\P1\terraform\question_0018.tf'...
[*] Evaluando regla 'use_of_weak_cryptography' en archivo 'C:\Users\erick\OneDrive\Escritorio\New folder\secllm_terraform_integration\research_iac\integration\outputs_v2\granite-code_8b\P1\terraform\question_0018.tf'...
[*] Evaluando regla 'suspicious_comment' en archivo 'C:\Users\erick\OneDrive\Escritorio\New folder\secllm_terraform_integration\research_iac\integration\outputs_v2\granite-code_8b\P1\terraform\question_0018.tf'...
[Cache] Cache saved to cache.pkl (2064 entries)
[Cache] Cache saved to cache.pkl (2064 entries)
[2026-07-12 19:42:23]   auditando question_0020.tf (con qwen25-coder-audit)...
Configuration loaded from cache_config.yaml
[Cache] Cache loaded from cache.pkl with 2064 entries (saved at 2026-07-12 19:42:22)
[Cache] Cache initialized with TTL=-1s, max_entries=-1
[*] Evaluando regla 'hard_coded_secret' en archivo 'C:\Users\erick\OneDrive\Escritorio\New folder\secllm_terraform_integration\research_iac\integration\outputs_v2\granite-code_8b\P1\terraform\question_0020.tf'...
[*] Evaluando regla 'empty_password' en archivo 'C:\Users\erick\OneDrive\Escritorio\New folder\secllm_terraform_integration\research_iac\integration\outputs_v2\granite-code_8b\P1\terraform\question_0020.tf'...
[*] Evaluando regla 'admin_by_default' en archivo 'C:\Users\erick\OneDrive\Escritorio\New folder\secllm_terraform_integration\research_iac\integration\outputs_v2\granite-code_8b\P1\terraform\question_0020.tf'...
[*] Evaluando regla 'unrestricted_ip_address' en archivo 'C:\Users\erick\OneDrive\Escritorio\New folder\secllm_terraform_integration\research_iac\integration\outputs_v2\granite-code_8b\P1\terraform\question_0020.tf'...
[*] Evaluando regla 'use_of_http_without_tls' en archivo 'C:\Users\erick\OneDrive\Escritorio\New folder\secllm_terraform_integration\research_iac\integration\outputs_v2\granite-code_8b\P1\terraform\question_0020.tf'...
[*] Evaluando regla 'no_integrity_check' en archivo 'C:\Users\erick\OneDrive\Escritorio\New folder\secllm_terraform_integration\research_iac\integration\outputs_v2\granite-code_8b\P1\terraform\question_0020.tf'...
[*] Evaluando regla 'use_of_weak_cryptography' en archivo 'C:\Users\erick\OneDrive\Escritorio\New folder\secllm_terraform_integration\research_iac\integration\outputs_v2\granite-code_8b\P1\terraform\question_0020.tf'...
[*] Evaluando regla 'suspicious_comment' en archivo 'C:\Users\erick\OneDrive\Escritorio\New folder\secllm_terraform_integration\research_iac\integration\outputs_v2\granite-code_8b\P1\terraform\question_0020.tf'...
[Cache] Cache saved to cache.pkl (2072 entries)
[Cache] Cache saved to cache.pkl (2072 entries)
[2026-07-12 19:42:58]   auditando question_0024.tf (con qwen25-coder-audit)...
Configuration loaded from cache_config.yaml
[Cache] Cache loaded from cache.pkl with 2072 entries (saved at 2026-07-12 19:42:56)
[Cache] Cache initialized with TTL=-1s, max_entries=-1
[*] Evaluando regla 'hard_coded_secret' en archivo 'C:\Users\erick\OneDrive\Escritorio\New folder\secllm_terraform_integration\research_iac\integration\outputs_v2\granite-code_8b\P1\terraform\question_0024.tf'...
[*] Evaluando regla 'empty_password' en archivo 'C:\Users\erick\OneDrive\Escritorio\New folder\secllm_terraform_integration\research_iac\integration\outputs_v2\granite-code_8b\P1\terraform\question_0024.tf'...
[*] Evaluando regla 'admin_by_default' en archivo 'C:\Users\erick\OneDrive\Escritorio\New folder\secllm_terraform_integration\research_iac\integration\outputs_v2\granite-code_8b\P1\terraform\question_0024.tf'...
[*] Evaluando regla 'unrestricted_ip_address' en archivo 'C:\Users\erick\OneDrive\Escritorio\New folder\secllm_terraform_integration\research_iac\integration\outputs_v2\granite-code_8b\P1\terraform\question_0024.tf'...
[*] Evaluando regla 'use_of_http_without_tls' en archivo 'C:\Users\erick\OneDrive\Escritorio\New folder\secllm_terraform_integration\research_iac\integration\outputs_v2\granite-code_8b\P1\terraform\question_0024.tf'...
[*] Evaluando regla 'no_integrity_check' en archivo 'C:\Users\erick\OneDrive\Escritorio\New folder\secllm_terraform_integration\research_iac\integration\outputs_v2\granite-code_8b\P1\terraform\question_0024.tf'...
[*] Evaluando regla 'use_of_weak_cryptography' en archivo 'C:\Users\erick\OneDrive\Escritorio\New folder\secllm_terraform_integration\research_iac\integration\outputs_v2\granite-code_8b\P1\terraform\question_0024.tf'...
[*] Evaluando regla 'suspicious_comment' en archivo 'C:\Users\erick\OneDrive\Escritorio\New folder\secllm_terraform_integration\research_iac\integration\outputs_v2\granite-code_8b\P1\terraform\question_0024.tf'...
[Cache] Cache saved to cache.pkl (2080 entries)
[Cache] Cache saved to cache.pkl (2080 entries)
[2026-07-12 19:43:51]   auditando question_0038.tf (con qwen25-coder-audit)...
Configuration loaded from cache_config.yaml
[Cache] Cache loaded from cache.pkl with 2080 entries (saved at 2026-07-12 19:43:48)
[Cache] Cache initialized with TTL=-1s, max_entries=-1
[*] Evaluando regla 'hard_coded_secret' en archivo 'C:\Users\erick\OneDrive\Escritorio\New folder\secllm_terraform_integration\research_iac\integration\outputs_v2\granite-code_8b\P1\terraform\question_0038.tf'...
[*] Evaluando regla 'empty_password' en archivo 'C:\Users\erick\OneDrive\Escritorio\New folder\secllm_terraform_integration\research_iac\integration\outputs_v2\granite-code_8b\P1\terraform\question_0038.tf'...
[*] Evaluando regla 'admin_by_default' en archivo 'C:\Users\erick\OneDrive\Escritorio\New folder\secllm_terraform_integration\research_iac\integration\outputs_v2\granite-code_8b\P1\terraform\question_0038.tf'...
[*] Evaluando regla 'unrestricted_ip_address' en archivo 'C:\Users\erick\OneDrive\Escritorio\New folder\secllm_terraform_integration\research_iac\integration\outputs_v2\granite-code_8b\P1\terraform\question_0038.tf'...
[*] Evaluando regla 'use_of_http_without_tls' en archivo 'C:\Users\erick\OneDrive\Escritorio\New folder\secllm_terraform_integration\research_iac\integration\outputs_v2\granite-code_8b\P1\terraform\question_0038.tf'...
[*] Evaluando regla 'no_integrity_check' en archivo 'C:\Users\erick\OneDrive\Escritorio\New folder\secllm_terraform_integration\research_iac\integration\outputs_v2\granite-code_8b\P1\terraform\question_0038.tf'...
[*] Evaluando regla 'use_of_weak_cryptography' en archivo 'C:\Users\erick\OneDrive\Escritorio\New folder\secllm_terraform_integration\research_iac\integration\outputs_v2\granite-code_8b\P1\terraform\question_0038.tf'...
[*] Evaluando regla 'suspicious_comment' en archivo 'C:\Users\erick\OneDrive\Escritorio\New folder\secllm_terraform_integration\research_iac\integration\outputs_v2\granite-code_8b\P1\terraform\question_0038.tf'...
[Cache] Cache saved to cache.pkl (2088 entries)
[Cache] Cache saved to cache.pkl (2088 entries)
[2026-07-12 19:44:19]   auditando question_0051.tf (con qwen25-coder-audit)...
Configuration loaded from cache_config.yaml
[Cache] Cache loaded from cache.pkl with 2088 entries (saved at 2026-07-12 19:44:17)
[Cache] Cache initialized with TTL=-1s, max_entries=-1
[*] Evaluando regla 'hard_coded_secret' en archivo 'C:\Users\erick\OneDrive\Escritorio\New folder\secllm_terraform_integration\research_iac\integration\outputs_v2\granite-code_8b\P1\terraform\question_0051.tf'...
[*] Evaluando regla 'empty_password' en archivo 'C:\Users\erick\OneDrive\Escritorio\New folder\secllm_terraform_integration\research_iac\integration\outputs_v2\granite-code_8b\P1\terraform\question_0051.tf'...
[*] Evaluando regla 'admin_by_default' en archivo 'C:\Users\erick\OneDrive\Escritorio\New folder\secllm_terraform_integration\research_iac\integration\outputs_v2\granite-code_8b\P1\terraform\question_0051.tf'...
[*] Evaluando regla 'unrestricted_ip_address' en archivo 'C:\Users\erick\OneDrive\Escritorio\New folder\secllm_terraform_integration\research_iac\integration\outputs_v2\granite-code_8b\P1\terraform\question_0051.tf'...
[*] Evaluando regla 'use_of_http_without_tls' en archivo 'C:\Users\erick\OneDrive\Escritorio\New folder\secllm_terraform_integration\research_iac\integration\outputs_v2\granite-code_8b\P1\terraform\question_0051.tf'...
[*] Evaluando regla 'no_integrity_check' en archivo 'C:\Users\erick\OneDrive\Escritorio\New folder\secllm_terraform_integration\research_iac\integration\outputs_v2\granite-code_8b\P1\terraform\question_0051.tf'...
[*] Evaluando regla 'use_of_weak_cryptography' en archivo 'C:\Users\erick\OneDrive\Escritorio\New folder\secllm_terraform_integration\research_iac\integration\outputs_v2\granite-code_8b\P1\terraform\question_0051.tf'...
[*] Evaluando regla 'suspicious_comment' en archivo 'C:\Users\erick\OneDrive\Escritorio\New folder\secllm_terraform_integration\research_iac\integration\outputs_v2\granite-code_8b\P1\terraform\question_0051.tf'...
[Cache] Cache saved to cache.pkl (2096 entries)
[Cache] Cache saved to cache.pkl (2096 entries)
[2026-07-12 19:44:47]   auditando question_0064.tf (con qwen25-coder-audit)...
Configuration loaded from cache_config.yaml
[Cache] Cache loaded from cache.pkl with 2096 entries (saved at 2026-07-12 19:44:45)
[Cache] Cache initialized with TTL=-1s, max_entries=-1
[*] Evaluando regla 'hard_coded_secret' en archivo 'C:\Users\erick\OneDrive\Escritorio\New folder\secllm_terraform_integration\research_iac\integration\outputs_v2\granite-code_8b\P1\terraform\question_0064.tf'...
[*] Evaluando regla 'empty_password' en archivo 'C:\Users\erick\OneDrive\Escritorio\New folder\secllm_terraform_integration\research_iac\integration\outputs_v2\granite-code_8b\P1\terraform\question_0064.tf'...
[*] Evaluando regla 'admin_by_default' en archivo 'C:\Users\erick\OneDrive\Escritorio\New folder\secllm_terraform_integration\research_iac\integration\outputs_v2\granite-code_8b\P1\terraform\question_0064.tf'...
[*] Evaluando regla 'unrestricted_ip_address' en archivo 'C:\Users\erick\OneDrive\Escritorio\New folder\secllm_terraform_integration\research_iac\integration\outputs_v2\granite-code_8b\P1\terraform\question_0064.tf'...
[*] Evaluando regla 'use_of_http_without_tls' en archivo 'C:\Users\erick\OneDrive\Escritorio\New folder\secllm_terraform_integration\research_iac\integration\outputs_v2\granite-code_8b\P1\terraform\question_0064.tf'...
[*] Evaluando regla 'no_integrity_check' en archivo 'C:\Users\erick\OneDrive\Escritorio\New folder\secllm_terraform_integration\research_iac\integration\outputs_v2\granite-code_8b\P1\terraform\question_0064.tf'...
[*] Evaluando regla 'use_of_weak_cryptography' en archivo 'C:\Users\erick\OneDrive\Escritorio\New folder\secllm_terraform_integration\research_iac\integration\outputs_v2\granite-code_8b\P1\terraform\question_0064.tf'...
[*] Evaluando regla 'suspicious_comment' en archivo 'C:\Users\erick\OneDrive\Escritorio\New folder\secllm_terraform_integration\research_iac\integration\outputs_v2\granite-code_8b\P1\terraform\question_0064.tf'...
[Cache] Cache saved to cache.pkl (2104 entries)
[Cache] Cache saved to cache.pkl (2104 entries)
[2026-07-12 19:45:15]   auditando question_0073.tf (con qwen25-coder-audit)...
Configuration loaded from cache_config.yaml
[Cache] Cache loaded from cache.pkl with 2104 entries (saved at 2026-07-12 19:45:13)
[Cache] Cache initialized with TTL=-1s, max_entries=-1
[*] Evaluando regla 'hard_coded_secret' en archivo 'C:\Users\erick\OneDrive\Escritorio\New folder\secllm_terraform_integration\research_iac\integration\outputs_v2\granite-code_8b\P1\terraform\question_0073.tf'...
[*] Evaluando regla 'empty_password' en archivo 'C:\Users\erick\OneDrive\Escritorio\New folder\secllm_terraform_integration\research_iac\integration\outputs_v2\granite-code_8b\P1\terraform\question_0073.tf'...
[*] Evaluando regla 'admin_by_default' en archivo 'C:\Users\erick\OneDrive\Escritorio\New folder\secllm_terraform_integration\research_iac\integration\outputs_v2\granite-code_8b\P1\terraform\question_0073.tf'...
[*] Evaluando regla 'unrestricted_ip_address' en archivo 'C:\Users\erick\OneDrive\Escritorio\New folder\secllm_terraform_integration\research_iac\integration\outputs_v2\granite-code_8b\P1\terraform\question_0073.tf'...
[*] Evaluando regla 'use_of_http_without_tls' en archivo 'C:\Users\erick\OneDrive\Escritorio\New folder\secllm_terraform_integration\research_iac\integration\outputs_v2\granite-code_8b\P1\terraform\question_0073.tf'...
[*] Evaluando regla 'no_integrity_check' en archivo 'C:\Users\erick\OneDrive\Escritorio\New folder\secllm_terraform_integration\research_iac\integration\outputs_v2\granite-code_8b\P1\terraform\question_0073.tf'...
[*] Evaluando regla 'use_of_weak_cryptography' en archivo 'C:\Users\erick\OneDrive\Escritorio\New folder\secllm_terraform_integration\research_iac\integration\outputs_v2\granite-code_8b\P1\terraform\question_0073.tf'...
[*] Evaluando regla 'suspicious_comment' en archivo 'C:\Users\erick\OneDrive\Escritorio\New folder\secllm_terraform_integration\research_iac\integration\outputs_v2\granite-code_8b\P1\terraform\question_0073.tf'...
[Cache] Cache saved to cache.pkl (2112 entries)
[Cache] Cache saved to cache.pkl (2112 entries)
[2026-07-12 19:45:47]   auditando question_0075.tf (con qwen25-coder-audit)...
Configuration loaded from cache_config.yaml
[Cache] Cache loaded from cache.pkl with 2112 entries (saved at 2026-07-12 19:45:45)
[Cache] Cache initialized with TTL=-1s, max_entries=-1
[*] Evaluando regla 'hard_coded_secret' en archivo 'C:\Users\erick\OneDrive\Escritorio\New folder\secllm_terraform_integration\research_iac\integration\outputs_v2\granite-code_8b\P1\terraform\question_0075.tf'...
[*] Evaluando regla 'empty_password' en archivo 'C:\Users\erick\OneDrive\Escritorio\New folder\secllm_terraform_integration\research_iac\integration\outputs_v2\granite-code_8b\P1\terraform\question_0075.tf'...
[*] Evaluando regla 'admin_by_default' en archivo 'C:\Users\erick\OneDrive\Escritorio\New folder\secllm_terraform_integration\research_iac\integration\outputs_v2\granite-code_8b\P1\terraform\question_0075.tf'...
[*] Evaluando regla 'unrestricted_ip_address' en archivo 'C:\Users\erick\OneDrive\Escritorio\New folder\secllm_terraform_integration\research_iac\integration\outputs_v2\granite-code_8b\P1\terraform\question_0075.tf'...
[*] Evaluando regla 'use_of_http_without_tls' en archivo 'C:\Users\erick\OneDrive\Escritorio\New folder\secllm_terraform_integration\research_iac\integration\outputs_v2\granite-code_8b\P1\terraform\question_0075.tf'...
[*] Evaluando regla 'no_integrity_check' en archivo 'C:\Users\erick\OneDrive\Escritorio\New folder\secllm_terraform_integration\research_iac\integration\outputs_v2\granite-code_8b\P1\terraform\question_0075.tf'...
[*] Evaluando regla 'use_of_weak_cryptography' en archivo 'C:\Users\erick\OneDrive\Escritorio\New folder\secllm_terraform_integration\research_iac\integration\outputs_v2\granite-code_8b\P1\terraform\question_0075.tf'...
[*] Evaluando regla 'suspicious_comment' en archivo 'C:\Users\erick\OneDrive\Escritorio\New folder\secllm_terraform_integration\research_iac\integration\outputs_v2\granite-code_8b\P1\terraform\question_0075.tf'...
[Cache] Cache saved to cache.pkl (2120 entries)
[Cache] Cache saved to cache.pkl (2120 entries)
[2026-07-12 19:46:27]   auditando question_0080.tf (con qwen25-coder-audit)...
Configuration loaded from cache_config.yaml
[Cache] Cache loaded from cache.pkl with 2120 entries (saved at 2026-07-12 19:46:25)
[Cache] Cache initialized with TTL=-1s, max_entries=-1
[*] Evaluando regla 'hard_coded_secret' en archivo 'C:\Users\erick\OneDrive\Escritorio\New folder\secllm_terraform_integration\research_iac\integration\outputs_v2\granite-code_8b\P1\terraform\question_0080.tf'...
[*] Evaluando regla 'empty_password' en archivo 'C:\Users\erick\OneDrive\Escritorio\New folder\secllm_terraform_integration\research_iac\integration\outputs_v2\granite-code_8b\P1\terraform\question_0080.tf'...
[*] Evaluando regla 'admin_by_default' en archivo 'C:\Users\erick\OneDrive\Escritorio\New folder\secllm_terraform_integration\research_iac\integration\outputs_v2\granite-code_8b\P1\terraform\question_0080.tf'...
[*] Evaluando regla 'unrestricted_ip_address' en archivo 'C:\Users\erick\OneDrive\Escritorio\New folder\secllm_terraform_integration\research_iac\integration\outputs_v2\granite-code_8b\P1\terraform\question_0080.tf'...
[*] Evaluando regla 'use_of_http_without_tls' en archivo 'C:\Users\erick\OneDrive\Escritorio\New folder\secllm_terraform_integration\research_iac\integration\outputs_v2\granite-code_8b\P1\terraform\question_0080.tf'...
[*] Evaluando regla 'no_integrity_check' en archivo 'C:\Users\erick\OneDrive\Escritorio\New folder\secllm_terraform_integration\research_iac\integration\outputs_v2\granite-code_8b\P1\terraform\question_0080.tf'...
[*] Evaluando regla 'use_of_weak_cryptography' en archivo 'C:\Users\erick\OneDrive\Escritorio\New folder\secllm_terraform_integration\research_iac\integration\outputs_v2\granite-code_8b\P1\terraform\question_0080.tf'...
[*] Evaluando regla 'suspicious_comment' en archivo 'C:\Users\erick\OneDrive\Escritorio\New folder\secllm_terraform_integration\research_iac\integration\outputs_v2\granite-code_8b\P1\terraform\question_0080.tf'...
[Cache] Cache saved to cache.pkl (2128 entries)
[Cache] Cache saved to cache.pkl (2128 entries)
[2026-07-12 19:46:56]   auditando question_0132.tf (con qwen25-coder-audit)...
Configuration loaded from cache_config.yaml
[Cache] Cache loaded from cache.pkl with 2128 entries (saved at 2026-07-12 19:46:55)
[Cache] Cache initialized with TTL=-1s, max_entries=-1
[*] Evaluando regla 'hard_coded_secret' en archivo 'C:\Users\erick\OneDrive\Escritorio\New folder\secllm_terraform_integration\research_iac\integration\outputs_v2\granite-code_8b\P1\terraform\question_0132.tf'...
[*] Evaluando regla 'empty_password' en archivo 'C:\Users\erick\OneDrive\Escritorio\New folder\secllm_terraform_integration\research_iac\integration\outputs_v2\granite-code_8b\P1\terraform\question_0132.tf'...
[*] Evaluando regla 'admin_by_default' en archivo 'C:\Users\erick\OneDrive\Escritorio\New folder\secllm_terraform_integration\research_iac\integration\outputs_v2\granite-code_8b\P1\terraform\question_0132.tf'...
[*] Evaluando regla 'unrestricted_ip_address' en archivo 'C:\Users\erick\OneDrive\Escritorio\New folder\secllm_terraform_integration\research_iac\integration\outputs_v2\granite-code_8b\P1\terraform\question_0132.tf'...
[*] Evaluando regla 'use_of_http_without_tls' en archivo 'C:\Users\erick\OneDrive\Escritorio\New folder\secllm_terraform_integration\research_iac\integration\outputs_v2\granite-code_8b\P1\terraform\question_0132.tf'...
[*] Evaluando regla 'no_integrity_check' en archivo 'C:\Users\erick\OneDrive\Escritorio\New folder\secllm_terraform_integration\research_iac\integration\outputs_v2\granite-code_8b\P1\terraform\question_0132.tf'...
[*] Evaluando regla 'use_of_weak_cryptography' en archivo 'C:\Users\erick\OneDrive\Escritorio\New folder\secllm_terraform_integration\research_iac\integration\outputs_v2\granite-code_8b\P1\terraform\question_0132.tf'...
[*] Evaluando regla 'suspicious_comment' en archivo 'C:\Users\erick\OneDrive\Escritorio\New folder\secllm_terraform_integration\research_iac\integration\outputs_v2\granite-code_8b\P1\terraform\question_0132.tf'...
[Cache] Cache saved to cache.pkl (2136 entries)
[Cache] Cache saved to cache.pkl (2136 entries)
[2026-07-12 19:47:28]   auditando question_0141.tf (con qwen25-coder-audit)...
Configuration loaded from cache_config.yaml
[Cache] Cache loaded from cache.pkl with 2136 entries (saved at 2026-07-12 19:47:26)
[Cache] Cache initialized with TTL=-1s, max_entries=-1
[*] Evaluando regla 'hard_coded_secret' en archivo 'C:\Users\erick\OneDrive\Escritorio\New folder\secllm_terraform_integration\research_iac\integration\outputs_v2\granite-code_8b\P1\terraform\question_0141.tf'...
[*] Evaluando regla 'empty_password' en archivo 'C:\Users\erick\OneDrive\Escritorio\New folder\secllm_terraform_integration\research_iac\integration\outputs_v2\granite-code_8b\P1\terraform\question_0141.tf'...
[*] Evaluando regla 'admin_by_default' en archivo 'C:\Users\erick\OneDrive\Escritorio\New folder\secllm_terraform_integration\research_iac\integration\outputs_v2\granite-code_8b\P1\terraform\question_0141.tf'...
[*] Evaluando regla 'unrestricted_ip_address' en archivo 'C:\Users\erick\OneDrive\Escritorio\New folder\secllm_terraform_integration\research_iac\integration\outputs_v2\granite-code_8b\P1\terraform\question_0141.tf'...
[*] Evaluando regla 'use_of_http_without_tls' en archivo 'C:\Users\erick\OneDrive\Escritorio\New folder\secllm_terraform_integration\research_iac\integration\outputs_v2\granite-code_8b\P1\terraform\question_0141.tf'...
[*] Evaluando regla 'no_integrity_check' en archivo 'C:\Users\erick\OneDrive\Escritorio\New folder\secllm_terraform_integration\research_iac\integration\outputs_v2\granite-code_8b\P1\terraform\question_0141.tf'...
[*] Evaluando regla 'use_of_weak_cryptography' en archivo 'C:\Users\erick\OneDrive\Escritorio\New folder\secllm_terraform_integration\research_iac\integration\outputs_v2\granite-code_8b\P1\terraform\question_0141.tf'...
[*] Evaluando regla 'suspicious_comment' en archivo 'C:\Users\erick\OneDrive\Escritorio\New folder\secllm_terraform_integration\research_iac\integration\outputs_v2\granite-code_8b\P1\terraform\question_0141.tf'...
[Cache] Cache saved to cache.pkl (2144 entries)
[Cache] Cache saved to cache.pkl (2144 entries)
[2026-07-12 19:48:15]   auditando question_0153.tf (con qwen25-coder-audit)...
Configuration loaded from cache_config.yaml
[Cache] Cache loaded from cache.pkl with 2144 entries (saved at 2026-07-12 19:48:14)
[Cache] Cache initialized with TTL=-1s, max_entries=-1
[*] Evaluando regla 'hard_coded_secret' en archivo 'C:\Users\erick\OneDrive\Escritorio\New folder\secllm_terraform_integration\research_iac\integration\outputs_v2\granite-code_8b\P1\terraform\question_0153.tf'...
[*] Evaluando regla 'empty_password' en archivo 'C:\Users\erick\OneDrive\Escritorio\New folder\secllm_terraform_integration\research_iac\integration\outputs_v2\granite-code_8b\P1\terraform\question_0153.tf'...
[*] Evaluando regla 'admin_by_default' en archivo 'C:\Users\erick\OneDrive\Escritorio\New folder\secllm_terraform_integration\research_iac\integration\outputs_v2\granite-code_8b\P1\terraform\question_0153.tf'...
[*] Evaluando regla 'unrestricted_ip_address' en archivo 'C:\Users\erick\OneDrive\Escritorio\New folder\secllm_terraform_integration\research_iac\integration\outputs_v2\granite-code_8b\P1\terraform\question_0153.tf'...
[*] Evaluando regla 'use_of_http_without_tls' en archivo 'C:\Users\erick\OneDrive\Escritorio\New folder\secllm_terraform_integration\research_iac\integration\outputs_v2\granite-code_8b\P1\terraform\question_0153.tf'...
[*] Evaluando regla 'no_integrity_check' en archivo 'C:\Users\erick\OneDrive\Escritorio\New folder\secllm_terraform_integration\research_iac\integration\outputs_v2\granite-code_8b\P1\terraform\question_0153.tf'...
[*] Evaluando regla 'use_of_weak_cryptography' en archivo 'C:\Users\erick\OneDrive\Escritorio\New folder\secllm_terraform_integration\research_iac\integration\outputs_v2\granite-code_8b\P1\terraform\question_0153.tf'...
[*] Evaluando regla 'suspicious_comment' en archivo 'C:\Users\erick\OneDrive\Escritorio\New folder\secllm_terraform_integration\research_iac\integration\outputs_v2\granite-code_8b\P1\terraform\question_0153.tf'...
[Cache] Cache saved to cache.pkl (2152 entries)
[Cache] Cache saved to cache.pkl (2152 entries)
[2026-07-12 19:49:01]   auditando question_0180.tf (con qwen25-coder-audit)...
Configuration loaded from cache_config.yaml
[Cache] Cache loaded from cache.pkl with 2152 entries (saved at 2026-07-12 19:48:59)
[Cache] Cache initialized with TTL=-1s, max_entries=-1
[*] Evaluando regla 'hard_coded_secret' en archivo 'C:\Users\erick\OneDrive\Escritorio\New folder\secllm_terraform_integration\research_iac\integration\outputs_v2\granite-code_8b\P1\terraform\question_0180.tf'...
[*] Evaluando regla 'empty_password' en archivo 'C:\Users\erick\OneDrive\Escritorio\New folder\secllm_terraform_integration\research_iac\integration\outputs_v2\granite-code_8b\P1\terraform\question_0180.tf'...
[*] Evaluando regla 'admin_by_default' en archivo 'C:\Users\erick\OneDrive\Escritorio\New folder\secllm_terraform_integration\research_iac\integration\outputs_v2\granite-code_8b\P1\terraform\question_0180.tf'...
[*] Evaluando regla 'unrestricted_ip_address' en archivo 'C:\Users\erick\OneDrive\Escritorio\New folder\secllm_terraform_integration\research_iac\integration\outputs_v2\granite-code_8b\P1\terraform\question_0180.tf'...
[*] Evaluando regla 'use_of_http_without_tls' en archivo 'C:\Users\erick\OneDrive\Escritorio\New folder\secllm_terraform_integration\research_iac\integration\outputs_v2\granite-code_8b\P1\terraform\question_0180.tf'...
[*] Evaluando regla 'no_integrity_check' en archivo 'C:\Users\erick\OneDrive\Escritorio\New folder\secllm_terraform_integration\research_iac\integration\outputs_v2\granite-code_8b\P1\terraform\question_0180.tf'...
[*] Evaluando regla 'use_of_weak_cryptography' en archivo 'C:\Users\erick\OneDrive\Escritorio\New folder\secllm_terraform_integration\research_iac\integration\outputs_v2\granite-code_8b\P1\terraform\question_0180.tf'...
[*] Evaluando regla 'suspicious_comment' en archivo 'C:\Users\erick\OneDrive\Escritorio\New folder\secllm_terraform_integration\research_iac\integration\outputs_v2\granite-code_8b\P1\terraform\question_0180.tf'...
[Cache] Cache saved to cache.pkl (2160 entries)
[Cache] Cache saved to cache.pkl (2160 entries)
[2026-07-12 19:49:31]   auditando question_0186.tf (con qwen25-coder-audit)...
Configuration loaded from cache_config.yaml
[Cache] Cache loaded from cache.pkl with 2160 entries (saved at 2026-07-12 19:49:30)
[Cache] Cache initialized with TTL=-1s, max_entries=-1
[*] Evaluando regla 'hard_coded_secret' en archivo 'C:\Users\erick\OneDrive\Escritorio\New folder\secllm_terraform_integration\research_iac\integration\outputs_v2\granite-code_8b\P1\terraform\question_0186.tf'...
[*] Evaluando regla 'empty_password' en archivo 'C:\Users\erick\OneDrive\Escritorio\New folder\secllm_terraform_integration\research_iac\integration\outputs_v2\granite-code_8b\P1\terraform\question_0186.tf'...
[*] Evaluando regla 'admin_by_default' en archivo 'C:\Users\erick\OneDrive\Escritorio\New folder\secllm_terraform_integration\research_iac\integration\outputs_v2\granite-code_8b\P1\terraform\question_0186.tf'...
[*] Evaluando regla 'unrestricted_ip_address' en archivo 'C:\Users\erick\OneDrive\Escritorio\New folder\secllm_terraform_integration\research_iac\integration\outputs_v2\granite-code_8b\P1\terraform\question_0186.tf'...
[*] Evaluando regla 'use_of_http_without_tls' en archivo 'C:\Users\erick\OneDrive\Escritorio\New folder\secllm_terraform_integration\research_iac\integration\outputs_v2\granite-code_8b\P1\terraform\question_0186.tf'...
[*] Evaluando regla 'no_integrity_check' en archivo 'C:\Users\erick\OneDrive\Escritorio\New folder\secllm_terraform_integration\research_iac\integration\outputs_v2\granite-code_8b\P1\terraform\question_0186.tf'...
[*] Evaluando regla 'use_of_weak_cryptography' en archivo 'C:\Users\erick\OneDrive\Escritorio\New folder\secllm_terraform_integration\research_iac\integration\outputs_v2\granite-code_8b\P1\terraform\question_0186.tf'...
[*] Evaluando regla 'suspicious_comment' en archivo 'C:\Users\erick\OneDrive\Escritorio\New folder\secllm_terraform_integration\research_iac\integration\outputs_v2\granite-code_8b\P1\terraform\question_0186.tf'...
[Cache] Cache saved to cache.pkl (2168 entries)
[Cache] Cache saved to cache.pkl (2168 entries)
[2026-07-12 19:50:01]   auditando question_0190.tf (con qwen25-coder-audit)...
Configuration loaded from cache_config.yaml
[Cache] Cache loaded from cache.pkl with 2168 entries (saved at 2026-07-12 19:49:59)
[Cache] Cache initialized with TTL=-1s, max_entries=-1
[*] Evaluando regla 'hard_coded_secret' en archivo 'C:\Users\erick\OneDrive\Escritorio\New folder\secllm_terraform_integration\research_iac\integration\outputs_v2\granite-code_8b\P1\terraform\question_0190.tf'...
[*] Evaluando regla 'empty_password' en archivo 'C:\Users\erick\OneDrive\Escritorio\New folder\secllm_terraform_integration\research_iac\integration\outputs_v2\granite-code_8b\P1\terraform\question_0190.tf'...
[*] Evaluando regla 'admin_by_default' en archivo 'C:\Users\erick\OneDrive\Escritorio\New folder\secllm_terraform_integration\research_iac\integration\outputs_v2\granite-code_8b\P1\terraform\question_0190.tf'...
[*] Evaluando regla 'unrestricted_ip_address' en archivo 'C:\Users\erick\OneDrive\Escritorio\New folder\secllm_terraform_integration\research_iac\integration\outputs_v2\granite-code_8b\P1\terraform\question_0190.tf'...
[*] Evaluando regla 'use_of_http_without_tls' en archivo 'C:\Users\erick\OneDrive\Escritorio\New folder\secllm_terraform_integration\research_iac\integration\outputs_v2\granite-code_8b\P1\terraform\question_0190.tf'...
[*] Evaluando regla 'no_integrity_check' en archivo 'C:\Users\erick\OneDrive\Escritorio\New folder\secllm_terraform_integration\research_iac\integration\outputs_v2\granite-code_8b\P1\terraform\question_0190.tf'...
[*] Evaluando regla 'use_of_weak_cryptography' en archivo 'C:\Users\erick\OneDrive\Escritorio\New folder\secllm_terraform_integration\research_iac\integration\outputs_v2\granite-code_8b\P1\terraform\question_0190.tf'...
[*] Evaluando regla 'suspicious_comment' en archivo 'C:\Users\erick\OneDrive\Escritorio\New folder\secllm_terraform_integration\research_iac\integration\outputs_v2\granite-code_8b\P1\terraform\question_0190.tf'...
[Cache] Cache saved to cache.pkl (2176 entries)
[Cache] Cache saved to cache.pkl (2176 entries)
[2026-07-12 19:50:50]   auditando question_0201.tf (con qwen25-coder-audit)...
Configuration loaded from cache_config.yaml
[Cache] Cache loaded from cache.pkl with 2176 entries (saved at 2026-07-12 19:50:48)
[Cache] Cache initialized with TTL=-1s, max_entries=-1
[*] Evaluando regla 'hard_coded_secret' en archivo 'C:\Users\erick\OneDrive\Escritorio\New folder\secllm_terraform_integration\research_iac\integration\outputs_v2\granite-code_8b\P1\terraform\question_0201.tf'...
[*] Evaluando regla 'empty_password' en archivo 'C:\Users\erick\OneDrive\Escritorio\New folder\secllm_terraform_integration\research_iac\integration\outputs_v2\granite-code_8b\P1\terraform\question_0201.tf'...
[*] Evaluando regla 'admin_by_default' en archivo 'C:\Users\erick\OneDrive\Escritorio\New folder\secllm_terraform_integration\research_iac\integration\outputs_v2\granite-code_8b\P1\terraform\question_0201.tf'...
[*] Evaluando regla 'unrestricted_ip_address' en archivo 'C:\Users\erick\OneDrive\Escritorio\New folder\secllm_terraform_integration\research_iac\integration\outputs_v2\granite-code_8b\P1\terraform\question_0201.tf'...
[*] Evaluando regla 'use_of_http_without_tls' en archivo 'C:\Users\erick\OneDrive\Escritorio\New folder\secllm_terraform_integration\research_iac\integration\outputs_v2\granite-code_8b\P1\terraform\question_0201.tf'...
[*] Evaluando regla 'no_integrity_check' en archivo 'C:\Users\erick\OneDrive\Escritorio\New folder\secllm_terraform_integration\research_iac\integration\outputs_v2\granite-code_8b\P1\terraform\question_0201.tf'...
[*] Evaluando regla 'use_of_weak_cryptography' en archivo 'C:\Users\erick\OneDrive\Escritorio\New folder\secllm_terraform_integration\research_iac\integration\outputs_v2\granite-code_8b\P1\terraform\question_0201.tf'...
[*] Evaluando regla 'suspicious_comment' en archivo 'C:\Users\erick\OneDrive\Escritorio\New folder\secllm_terraform_integration\research_iac\integration\outputs_v2\granite-code_8b\P1\terraform\question_0201.tf'...
[Cache] Cache saved to cache.pkl (2184 entries)
[Cache] Cache saved to cache.pkl (2184 entries)
[2026-07-12 19:51:26]   auditando question_0212.tf (con qwen25-coder-audit)...
Configuration loaded from cache_config.yaml
[Cache] Cache loaded from cache.pkl with 2184 entries (saved at 2026-07-12 19:51:25)
[Cache] Cache initialized with TTL=-1s, max_entries=-1
[*] Evaluando regla 'hard_coded_secret' en archivo 'C:\Users\erick\OneDrive\Escritorio\New folder\secllm_terraform_integration\research_iac\integration\outputs_v2\granite-code_8b\P1\terraform\question_0212.tf'...
[*] Evaluando regla 'empty_password' en archivo 'C:\Users\erick\OneDrive\Escritorio\New folder\secllm_terraform_integration\research_iac\integration\outputs_v2\granite-code_8b\P1\terraform\question_0212.tf'...
[*] Evaluando regla 'admin_by_default' en archivo 'C:\Users\erick\OneDrive\Escritorio\New folder\secllm_terraform_integration\research_iac\integration\outputs_v2\granite-code_8b\P1\terraform\question_0212.tf'...
[*] Evaluando regla 'unrestricted_ip_address' en archivo 'C:\Users\erick\OneDrive\Escritorio\New folder\secllm_terraform_integration\research_iac\integration\outputs_v2\granite-code_8b\P1\terraform\question_0212.tf'...
[*] Evaluando regla 'use_of_http_without_tls' en archivo 'C:\Users\erick\OneDrive\Escritorio\New folder\secllm_terraform_integration\research_iac\integration\outputs_v2\granite-code_8b\P1\terraform\question_0212.tf'...
[*] Evaluando regla 'no_integrity_check' en archivo 'C:\Users\erick\OneDrive\Escritorio\New folder\secllm_terraform_integration\research_iac\integration\outputs_v2\granite-code_8b\P1\terraform\question_0212.tf'...
[*] Evaluando regla 'use_of_weak_cryptography' en archivo 'C:\Users\erick\OneDrive\Escritorio\New folder\secllm_terraform_integration\research_iac\integration\outputs_v2\granite-code_8b\P1\terraform\question_0212.tf'...
[*] Evaluando regla 'suspicious_comment' en archivo 'C:\Users\erick\OneDrive\Escritorio\New folder\secllm_terraform_integration\research_iac\integration\outputs_v2\granite-code_8b\P1\terraform\question_0212.tf'...
[Cache] Cache saved to cache.pkl (2192 entries)
[Cache] Cache saved to cache.pkl (2192 entries)
[2026-07-12 19:52:03]   auditando question_0215.tf (con qwen25-coder-audit)...
Configuration loaded from cache_config.yaml
[Cache] Cache loaded from cache.pkl with 2192 entries (saved at 2026-07-12 19:52:01)
[Cache] Cache initialized with TTL=-1s, max_entries=-1
[*] Evaluando regla 'hard_coded_secret' en archivo 'C:\Users\erick\OneDrive\Escritorio\New folder\secllm_terraform_integration\research_iac\integration\outputs_v2\granite-code_8b\P1\terraform\question_0215.tf'...
[*] Evaluando regla 'empty_password' en archivo 'C:\Users\erick\OneDrive\Escritorio\New folder\secllm_terraform_integration\research_iac\integration\outputs_v2\granite-code_8b\P1\terraform\question_0215.tf'...
[*] Evaluando regla 'admin_by_default' en archivo 'C:\Users\erick\OneDrive\Escritorio\New folder\secllm_terraform_integration\research_iac\integration\outputs_v2\granite-code_8b\P1\terraform\question_0215.tf'...
[*] Evaluando regla 'unrestricted_ip_address' en archivo 'C:\Users\erick\OneDrive\Escritorio\New folder\secllm_terraform_integration\research_iac\integration\outputs_v2\granite-code_8b\P1\terraform\question_0215.tf'...
[*] Evaluando regla 'use_of_http_without_tls' en archivo 'C:\Users\erick\OneDrive\Escritorio\New folder\secllm_terraform_integration\research_iac\integration\outputs_v2\granite-code_8b\P1\terraform\question_0215.tf'...
[*] Evaluando regla 'no_integrity_check' en archivo 'C:\Users\erick\OneDrive\Escritorio\New folder\secllm_terraform_integration\research_iac\integration\outputs_v2\granite-code_8b\P1\terraform\question_0215.tf'...
[*] Evaluando regla 'use_of_weak_cryptography' en archivo 'C:\Users\erick\OneDrive\Escritorio\New folder\secllm_terraform_integration\research_iac\integration\outputs_v2\granite-code_8b\P1\terraform\question_0215.tf'...
[*] Evaluando regla 'suspicious_comment' en archivo 'C:\Users\erick\OneDrive\Escritorio\New folder\secllm_terraform_integration\research_iac\integration\outputs_v2\granite-code_8b\P1\terraform\question_0215.tf'...
[Cache] Cache saved to cache.pkl (2200 entries)
[Cache] Cache saved to cache.pkl (2200 entries)
[2026-07-12 19:52:32]   auditando question_0231.tf (con qwen25-coder-audit)...
Configuration loaded from cache_config.yaml
[Cache] Cache loaded from cache.pkl with 2200 entries (saved at 2026-07-12 19:52:31)
[Cache] Cache initialized with TTL=-1s, max_entries=-1
[*] Evaluando regla 'hard_coded_secret' en archivo 'C:\Users\erick\OneDrive\Escritorio\New folder\secllm_terraform_integration\research_iac\integration\outputs_v2\granite-code_8b\P1\terraform\question_0231.tf'...
[*] Evaluando regla 'empty_password' en archivo 'C:\Users\erick\OneDrive\Escritorio\New folder\secllm_terraform_integration\research_iac\integration\outputs_v2\granite-code_8b\P1\terraform\question_0231.tf'...
[*] Evaluando regla 'admin_by_default' en archivo 'C:\Users\erick\OneDrive\Escritorio\New folder\secllm_terraform_integration\research_iac\integration\outputs_v2\granite-code_8b\P1\terraform\question_0231.tf'...
[*] Evaluando regla 'unrestricted_ip_address' en archivo 'C:\Users\erick\OneDrive\Escritorio\New folder\secllm_terraform_integration\research_iac\integration\outputs_v2\granite-code_8b\P1\terraform\question_0231.tf'...
[*] Evaluando regla 'use_of_http_without_tls' en archivo 'C:\Users\erick\OneDrive\Escritorio\New folder\secllm_terraform_integration\research_iac\integration\outputs_v2\granite-code_8b\P1\terraform\question_0231.tf'...
[*] Evaluando regla 'no_integrity_check' en archivo 'C:\Users\erick\OneDrive\Escritorio\New folder\secllm_terraform_integration\research_iac\integration\outputs_v2\granite-code_8b\P1\terraform\question_0231.tf'...
[*] Evaluando regla 'use_of_weak_cryptography' en archivo 'C:\Users\erick\OneDrive\Escritorio\New folder\secllm_terraform_integration\research_iac\integration\outputs_v2\granite-code_8b\P1\terraform\question_0231.tf'...
[*] Evaluando regla 'suspicious_comment' en archivo 'C:\Users\erick\OneDrive\Escritorio\New folder\secllm_terraform_integration\research_iac\integration\outputs_v2\granite-code_8b\P1\terraform\question_0231.tf'...
[Cache] Cache saved to cache.pkl (2208 entries)
[Cache] Cache saved to cache.pkl (2208 entries)
[2026-07-12 19:53:04]   auditando question_0234.tf (con qwen25-coder-audit)...
Configuration loaded from cache_config.yaml
[Cache] Cache loaded from cache.pkl with 2208 entries (saved at 2026-07-12 19:53:02)
[Cache] Cache initialized with TTL=-1s, max_entries=-1
[*] Evaluando regla 'hard_coded_secret' en archivo 'C:\Users\erick\OneDrive\Escritorio\New folder\secllm_terraform_integration\research_iac\integration\outputs_v2\granite-code_8b\P1\terraform\question_0234.tf'...
[*] Evaluando regla 'empty_password' en archivo 'C:\Users\erick\OneDrive\Escritorio\New folder\secllm_terraform_integration\research_iac\integration\outputs_v2\granite-code_8b\P1\terraform\question_0234.tf'...
[*] Evaluando regla 'admin_by_default' en archivo 'C:\Users\erick\OneDrive\Escritorio\New folder\secllm_terraform_integration\research_iac\integration\outputs_v2\granite-code_8b\P1\terraform\question_0234.tf'...
[*] Evaluando regla 'unrestricted_ip_address' en archivo 'C:\Users\erick\OneDrive\Escritorio\New folder\secllm_terraform_integration\research_iac\integration\outputs_v2\granite-code_8b\P1\terraform\question_0234.tf'...
[*] Evaluando regla 'use_of_http_without_tls' en archivo 'C:\Users\erick\OneDrive\Escritorio\New folder\secllm_terraform_integration\research_iac\integration\outputs_v2\granite-code_8b\P1\terraform\question_0234.tf'...
[*] Evaluando regla 'no_integrity_check' en archivo 'C:\Users\erick\OneDrive\Escritorio\New folder\secllm_terraform_integration\research_iac\integration\outputs_v2\granite-code_8b\P1\terraform\question_0234.tf'...
[*] Evaluando regla 'use_of_weak_cryptography' en archivo 'C:\Users\erick\OneDrive\Escritorio\New folder\secllm_terraform_integration\research_iac\integration\outputs_v2\granite-code_8b\P1\terraform\question_0234.tf'...
[*] Evaluando regla 'suspicious_comment' en archivo 'C:\Users\erick\OneDrive\Escritorio\New folder\secllm_terraform_integration\research_iac\integration\outputs_v2\granite-code_8b\P1\terraform\question_0234.tf'...
[Cache] Cache saved to cache.pkl (2216 entries)
[Cache] Cache saved to cache.pkl (2216 entries)
[2026-07-12 19:53:43]   auditando question_0249.tf (con qwen25-coder-audit)...
Configuration loaded from cache_config.yaml
[Cache] Cache loaded from cache.pkl with 2216 entries (saved at 2026-07-12 19:53:41)
[Cache] Cache initialized with TTL=-1s, max_entries=-1
[*] Evaluando regla 'hard_coded_secret' en archivo 'C:\Users\erick\OneDrive\Escritorio\New folder\secllm_terraform_integration\research_iac\integration\outputs_v2\granite-code_8b\P1\terraform\question_0249.tf'...
[*] Evaluando regla 'empty_password' en archivo 'C:\Users\erick\OneDrive\Escritorio\New folder\secllm_terraform_integration\research_iac\integration\outputs_v2\granite-code_8b\P1\terraform\question_0249.tf'...
[*] Evaluando regla 'admin_by_default' en archivo 'C:\Users\erick\OneDrive\Escritorio\New folder\secllm_terraform_integration\research_iac\integration\outputs_v2\granite-code_8b\P1\terraform\question_0249.tf'...
[*] Evaluando regla 'unrestricted_ip_address' en archivo 'C:\Users\erick\OneDrive\Escritorio\New folder\secllm_terraform_integration\research_iac\integration\outputs_v2\granite-code_8b\P1\terraform\question_0249.tf'...
[*] Evaluando regla 'use_of_http_without_tls' en archivo 'C:\Users\erick\OneDrive\Escritorio\New folder\secllm_terraform_integration\research_iac\integration\outputs_v2\granite-code_8b\P1\terraform\question_0249.tf'...
[*] Evaluando regla 'no_integrity_check' en archivo 'C:\Users\erick\OneDrive\Escritorio\New folder\secllm_terraform_integration\research_iac\integration\outputs_v2\granite-code_8b\P1\terraform\question_0249.tf'...
[*] Evaluando regla 'use_of_weak_cryptography' en archivo 'C:\Users\erick\OneDrive\Escritorio\New folder\secllm_terraform_integration\research_iac\integration\outputs_v2\granite-code_8b\P1\terraform\question_0249.tf'...
[*] Evaluando regla 'suspicious_comment' en archivo 'C:\Users\erick\OneDrive\Escritorio\New folder\secllm_terraform_integration\research_iac\integration\outputs_v2\granite-code_8b\P1\terraform\question_0249.tf'...
[Cache] Cache saved to cache.pkl (2224 entries)
[Cache] Cache saved to cache.pkl (2224 entries)
[2026-07-12 19:54:14]   auditando question_0255.tf (con qwen25-coder-audit)...
Configuration loaded from cache_config.yaml
[Cache] Cache loaded from cache.pkl with 2224 entries (saved at 2026-07-12 19:54:13)
[Cache] Cache initialized with TTL=-1s, max_entries=-1
[*] Evaluando regla 'hard_coded_secret' en archivo 'C:\Users\erick\OneDrive\Escritorio\New folder\secllm_terraform_integration\research_iac\integration\outputs_v2\granite-code_8b\P1\terraform\question_0255.tf'...
[*] Evaluando regla 'empty_password' en archivo 'C:\Users\erick\OneDrive\Escritorio\New folder\secllm_terraform_integration\research_iac\integration\outputs_v2\granite-code_8b\P1\terraform\question_0255.tf'...
[*] Evaluando regla 'admin_by_default' en archivo 'C:\Users\erick\OneDrive\Escritorio\New folder\secllm_terraform_integration\research_iac\integration\outputs_v2\granite-code_8b\P1\terraform\question_0255.tf'...
[*] Evaluando regla 'unrestricted_ip_address' en archivo 'C:\Users\erick\OneDrive\Escritorio\New folder\secllm_terraform_integration\research_iac\integration\outputs_v2\granite-code_8b\P1\terraform\question_0255.tf'...
[*] Evaluando regla 'use_of_http_without_tls' en archivo 'C:\Users\erick\OneDrive\Escritorio\New folder\secllm_terraform_integration\research_iac\integration\outputs_v2\granite-code_8b\P1\terraform\question_0255.tf'...
[*] Evaluando regla 'no_integrity_check' en archivo 'C:\Users\erick\OneDrive\Escritorio\New folder\secllm_terraform_integration\research_iac\integration\outputs_v2\granite-code_8b\P1\terraform\question_0255.tf'...
[*] Evaluando regla 'use_of_weak_cryptography' en archivo 'C:\Users\erick\OneDrive\Escritorio\New folder\secllm_terraform_integration\research_iac\integration\outputs_v2\granite-code_8b\P1\terraform\question_0255.tf'...
[*] Evaluando regla 'suspicious_comment' en archivo 'C:\Users\erick\OneDrive\Escritorio\New folder\secllm_terraform_integration\research_iac\integration\outputs_v2\granite-code_8b\P1\terraform\question_0255.tf'...
[Cache] Cache saved to cache.pkl (2232 entries)
[Cache] Cache saved to cache.pkl (2232 entries)
[2026-07-12 19:54:47]   auditando question_0261.tf (con qwen25-coder-audit)...
Configuration loaded from cache_config.yaml
[Cache] Cache loaded from cache.pkl with 2232 entries (saved at 2026-07-12 19:54:45)
[Cache] Cache initialized with TTL=-1s, max_entries=-1
[*] Evaluando regla 'hard_coded_secret' en archivo 'C:\Users\erick\OneDrive\Escritorio\New folder\secllm_terraform_integration\research_iac\integration\outputs_v2\granite-code_8b\P1\terraform\question_0261.tf'...
[*] Evaluando regla 'empty_password' en archivo 'C:\Users\erick\OneDrive\Escritorio\New folder\secllm_terraform_integration\research_iac\integration\outputs_v2\granite-code_8b\P1\terraform\question_0261.tf'...
[*] Evaluando regla 'admin_by_default' en archivo 'C:\Users\erick\OneDrive\Escritorio\New folder\secllm_terraform_integration\research_iac\integration\outputs_v2\granite-code_8b\P1\terraform\question_0261.tf'...
[*] Evaluando regla 'unrestricted_ip_address' en archivo 'C:\Users\erick\OneDrive\Escritorio\New folder\secllm_terraform_integration\research_iac\integration\outputs_v2\granite-code_8b\P1\terraform\question_0261.tf'...
[*] Evaluando regla 'use_of_http_without_tls' en archivo 'C:\Users\erick\OneDrive\Escritorio\New folder\secllm_terraform_integration\research_iac\integration\outputs_v2\granite-code_8b\P1\terraform\question_0261.tf'...
[*] Evaluando regla 'no_integrity_check' en archivo 'C:\Users\erick\OneDrive\Escritorio\New folder\secllm_terraform_integration\research_iac\integration\outputs_v2\granite-code_8b\P1\terraform\question_0261.tf'...
[*] Evaluando regla 'use_of_weak_cryptography' en archivo 'C:\Users\erick\OneDrive\Escritorio\New folder\secllm_terraform_integration\research_iac\integration\outputs_v2\granite-code_8b\P1\terraform\question_0261.tf'...
[*] Evaluando regla 'suspicious_comment' en archivo 'C:\Users\erick\OneDrive\Escritorio\New folder\secllm_terraform_integration\research_iac\integration\outputs_v2\granite-code_8b\P1\terraform\question_0261.tf'...
[Cache] Cache saved to cache.pkl (2240 entries)
[Cache] Cache saved to cache.pkl (2240 entries)
[2026-07-12 19:55:15]   auditando question_0262.tf (con qwen25-coder-audit)...
Configuration loaded from cache_config.yaml
[Cache] Cache loaded from cache.pkl with 2240 entries (saved at 2026-07-12 19:55:13)
[Cache] Cache initialized with TTL=-1s, max_entries=-1
[*] Evaluando regla 'hard_coded_secret' en archivo 'C:\Users\erick\OneDrive\Escritorio\New folder\secllm_terraform_integration\research_iac\integration\outputs_v2\granite-code_8b\P1\terraform\question_0262.tf'...
[*] Evaluando regla 'empty_password' en archivo 'C:\Users\erick\OneDrive\Escritorio\New folder\secllm_terraform_integration\research_iac\integration\outputs_v2\granite-code_8b\P1\terraform\question_0262.tf'...
[*] Evaluando regla 'admin_by_default' en archivo 'C:\Users\erick\OneDrive\Escritorio\New folder\secllm_terraform_integration\research_iac\integration\outputs_v2\granite-code_8b\P1\terraform\question_0262.tf'...
[*] Evaluando regla 'unrestricted_ip_address' en archivo 'C:\Users\erick\OneDrive\Escritorio\New folder\secllm_terraform_integration\research_iac\integration\outputs_v2\granite-code_8b\P1\terraform\question_0262.tf'...
[*] Evaluando regla 'use_of_http_without_tls' en archivo 'C:\Users\erick\OneDrive\Escritorio\New folder\secllm_terraform_integration\research_iac\integration\outputs_v2\granite-code_8b\P1\terraform\question_0262.tf'...
[*] Evaluando regla 'no_integrity_check' en archivo 'C:\Users\erick\OneDrive\Escritorio\New folder\secllm_terraform_integration\research_iac\integration\outputs_v2\granite-code_8b\P1\terraform\question_0262.tf'...
[*] Evaluando regla 'use_of_weak_cryptography' en archivo 'C:\Users\erick\OneDrive\Escritorio\New folder\secllm_terraform_integration\research_iac\integration\outputs_v2\granite-code_8b\P1\terraform\question_0262.tf'...
[*] Evaluando regla 'suspicious_comment' en archivo 'C:\Users\erick\OneDrive\Escritorio\New folder\secllm_terraform_integration\research_iac\integration\outputs_v2\granite-code_8b\P1\terraform\question_0262.tf'...
[Cache] Cache saved to cache.pkl (2248 entries)
[Cache] Cache saved to cache.pkl (2248 entries)
[2026-07-12 19:56:08]   auditando question_0285.tf (con qwen25-coder-audit)...
Configuration loaded from cache_config.yaml
[Cache] Cache loaded from cache.pkl with 2248 entries (saved at 2026-07-12 19:56:07)
[Cache] Cache initialized with TTL=-1s, max_entries=-1
[*] Evaluando regla 'hard_coded_secret' en archivo 'C:\Users\erick\OneDrive\Escritorio\New folder\secllm_terraform_integration\research_iac\integration\outputs_v2\granite-code_8b\P1\terraform\question_0285.tf'...
[*] Evaluando regla 'empty_password' en archivo 'C:\Users\erick\OneDrive\Escritorio\New folder\secllm_terraform_integration\research_iac\integration\outputs_v2\granite-code_8b\P1\terraform\question_0285.tf'...
[*] Evaluando regla 'admin_by_default' en archivo 'C:\Users\erick\OneDrive\Escritorio\New folder\secllm_terraform_integration\research_iac\integration\outputs_v2\granite-code_8b\P1\terraform\question_0285.tf'...
[*] Evaluando regla 'unrestricted_ip_address' en archivo 'C:\Users\erick\OneDrive\Escritorio\New folder\secllm_terraform_integration\research_iac\integration\outputs_v2\granite-code_8b\P1\terraform\question_0285.tf'...
[*] Evaluando regla 'use_of_http_without_tls' en archivo 'C:\Users\erick\OneDrive\Escritorio\New folder\secllm_terraform_integration\research_iac\integration\outputs_v2\granite-code_8b\P1\terraform\question_0285.tf'...
[*] Evaluando regla 'no_integrity_check' en archivo 'C:\Users\erick\OneDrive\Escritorio\New folder\secllm_terraform_integration\research_iac\integration\outputs_v2\granite-code_8b\P1\terraform\question_0285.tf'...
[*] Evaluando regla 'use_of_weak_cryptography' en archivo 'C:\Users\erick\OneDrive\Escritorio\New folder\secllm_terraform_integration\research_iac\integration\outputs_v2\granite-code_8b\P1\terraform\question_0285.tf'...
[*] Evaluando regla 'suspicious_comment' en archivo 'C:\Users\erick\OneDrive\Escritorio\New folder\secllm_terraform_integration\research_iac\integration\outputs_v2\granite-code_8b\P1\terraform\question_0285.tf'...
[Cache] Cache saved to cache.pkl (2248 entries)
[Cache] Cache saved to cache.pkl (2248 entries)
[2026-07-12 19:56:38]   auditando question_0289.tf (con qwen25-coder-audit)...
Configuration loaded from cache_config.yaml
[Cache] Cache loaded from cache.pkl with 2248 entries (saved at 2026-07-12 19:56:36)
[Cache] Cache initialized with TTL=-1s, max_entries=-1
[*] Evaluando regla 'hard_coded_secret' en archivo 'C:\Users\erick\OneDrive\Escritorio\New folder\secllm_terraform_integration\research_iac\integration\outputs_v2\granite-code_8b\P1\terraform\question_0289.tf'...
[*] Evaluando regla 'empty_password' en archivo 'C:\Users\erick\OneDrive\Escritorio\New folder\secllm_terraform_integration\research_iac\integration\outputs_v2\granite-code_8b\P1\terraform\question_0289.tf'...
[*] Evaluando regla 'admin_by_default' en archivo 'C:\Users\erick\OneDrive\Escritorio\New folder\secllm_terraform_integration\research_iac\integration\outputs_v2\granite-code_8b\P1\terraform\question_0289.tf'...
[*] Evaluando regla 'unrestricted_ip_address' en archivo 'C:\Users\erick\OneDrive\Escritorio\New folder\secllm_terraform_integration\research_iac\integration\outputs_v2\granite-code_8b\P1\terraform\question_0289.tf'...
[*] Evaluando regla 'use_of_http_without_tls' en archivo 'C:\Users\erick\OneDrive\Escritorio\New folder\secllm_terraform_integration\research_iac\integration\outputs_v2\granite-code_8b\P1\terraform\question_0289.tf'...
[*] Evaluando regla 'no_integrity_check' en archivo 'C:\Users\erick\OneDrive\Escritorio\New folder\secllm_terraform_integration\research_iac\integration\outputs_v2\granite-code_8b\P1\terraform\question_0289.tf'...
[*] Evaluando regla 'use_of_weak_cryptography' en archivo 'C:\Users\erick\OneDrive\Escritorio\New folder\secllm_terraform_integration\research_iac\integration\outputs_v2\granite-code_8b\P1\terraform\question_0289.tf'...
[*] Evaluando regla 'suspicious_comment' en archivo 'C:\Users\erick\OneDrive\Escritorio\New folder\secllm_terraform_integration\research_iac\integration\outputs_v2\granite-code_8b\P1\terraform\question_0289.tf'...
[Cache] Cache saved to cache.pkl (2256 entries)
[Cache] Cache saved to cache.pkl (2256 entries)
[2026-07-12 19:57:08]   auditando question_0290.tf (con qwen25-coder-audit)...
Configuration loaded from cache_config.yaml
[Cache] Cache loaded from cache.pkl with 2256 entries (saved at 2026-07-12 19:57:06)
[Cache] Cache initialized with TTL=-1s, max_entries=-1
[*] Evaluando regla 'hard_coded_secret' en archivo 'C:\Users\erick\OneDrive\Escritorio\New folder\secllm_terraform_integration\research_iac\integration\outputs_v2\granite-code_8b\P1\terraform\question_0290.tf'...
[*] Evaluando regla 'empty_password' en archivo 'C:\Users\erick\OneDrive\Escritorio\New folder\secllm_terraform_integration\research_iac\integration\outputs_v2\granite-code_8b\P1\terraform\question_0290.tf'...
[*] Evaluando regla 'admin_by_default' en archivo 'C:\Users\erick\OneDrive\Escritorio\New folder\secllm_terraform_integration\research_iac\integration\outputs_v2\granite-code_8b\P1\terraform\question_0290.tf'...
[*] Evaluando regla 'unrestricted_ip_address' en archivo 'C:\Users\erick\OneDrive\Escritorio\New folder\secllm_terraform_integration\research_iac\integration\outputs_v2\granite-code_8b\P1\terraform\question_0290.tf'...
[*] Evaluando regla 'use_of_http_without_tls' en archivo 'C:\Users\erick\OneDrive\Escritorio\New folder\secllm_terraform_integration\research_iac\integration\outputs_v2\granite-code_8b\P1\terraform\question_0290.tf'...
[*] Evaluando regla 'no_integrity_check' en archivo 'C:\Users\erick\OneDrive\Escritorio\New folder\secllm_terraform_integration\research_iac\integration\outputs_v2\granite-code_8b\P1\terraform\question_0290.tf'...
[*] Evaluando regla 'use_of_weak_cryptography' en archivo 'C:\Users\erick\OneDrive\Escritorio\New folder\secllm_terraform_integration\research_iac\integration\outputs_v2\granite-code_8b\P1\terraform\question_0290.tf'...
[*] Evaluando regla 'suspicious_comment' en archivo 'C:\Users\erick\OneDrive\Escritorio\New folder\secllm_terraform_integration\research_iac\integration\outputs_v2\granite-code_8b\P1\terraform\question_0290.tf'...
[Cache] Cache saved to cache.pkl (2264 entries)
[Cache] Cache saved to cache.pkl (2264 entries)
[2026-07-12 19:57:38]   auditando question_0336.tf (con qwen25-coder-audit)...
Configuration loaded from cache_config.yaml
[Cache] Cache loaded from cache.pkl with 2264 entries (saved at 2026-07-12 19:57:36)
[Cache] Cache initialized with TTL=-1s, max_entries=-1
[*] Evaluando regla 'hard_coded_secret' en archivo 'C:\Users\erick\OneDrive\Escritorio\New folder\secllm_terraform_integration\research_iac\integration\outputs_v2\granite-code_8b\P1\terraform\question_0336.tf'...
[*] Evaluando regla 'empty_password' en archivo 'C:\Users\erick\OneDrive\Escritorio\New folder\secllm_terraform_integration\research_iac\integration\outputs_v2\granite-code_8b\P1\terraform\question_0336.tf'...
[*] Evaluando regla 'admin_by_default' en archivo 'C:\Users\erick\OneDrive\Escritorio\New folder\secllm_terraform_integration\research_iac\integration\outputs_v2\granite-code_8b\P1\terraform\question_0336.tf'...
[*] Evaluando regla 'unrestricted_ip_address' en archivo 'C:\Users\erick\OneDrive\Escritorio\New folder\secllm_terraform_integration\research_iac\integration\outputs_v2\granite-code_8b\P1\terraform\question_0336.tf'...
[*] Evaluando regla 'use_of_http_without_tls' en archivo 'C:\Users\erick\OneDrive\Escritorio\New folder\secllm_terraform_integration\research_iac\integration\outputs_v2\granite-code_8b\P1\terraform\question_0336.tf'...
[*] Evaluando regla 'no_integrity_check' en archivo 'C:\Users\erick\OneDrive\Escritorio\New folder\secllm_terraform_integration\research_iac\integration\outputs_v2\granite-code_8b\P1\terraform\question_0336.tf'...
[*] Evaluando regla 'use_of_weak_cryptography' en archivo 'C:\Users\erick\OneDrive\Escritorio\New folder\secllm_terraform_integration\research_iac\integration\outputs_v2\granite-code_8b\P1\terraform\question_0336.tf'...
[*] Evaluando regla 'suspicious_comment' en archivo 'C:\Users\erick\OneDrive\Escritorio\New folder\secllm_terraform_integration\research_iac\integration\outputs_v2\granite-code_8b\P1\terraform\question_0336.tf'...
[Cache] Cache saved to cache.pkl (2272 entries)
[Cache] Cache saved to cache.pkl (2272 entries)
[2026-07-12 19:58:34]   auditando question_0342.tf (con qwen25-coder-audit)...
Configuration loaded from cache_config.yaml
[Cache] Cache loaded from cache.pkl with 2272 entries (saved at 2026-07-12 19:58:32)
[Cache] Cache initialized with TTL=-1s, max_entries=-1
[*] Evaluando regla 'hard_coded_secret' en archivo 'C:\Users\erick\OneDrive\Escritorio\New folder\secllm_terraform_integration\research_iac\integration\outputs_v2\granite-code_8b\P1\terraform\question_0342.tf'...
[*] Evaluando regla 'empty_password' en archivo 'C:\Users\erick\OneDrive\Escritorio\New folder\secllm_terraform_integration\research_iac\integration\outputs_v2\granite-code_8b\P1\terraform\question_0342.tf'...
[*] Evaluando regla 'admin_by_default' en archivo 'C:\Users\erick\OneDrive\Escritorio\New folder\secllm_terraform_integration\research_iac\integration\outputs_v2\granite-code_8b\P1\terraform\question_0342.tf'...
[*] Evaluando regla 'unrestricted_ip_address' en archivo 'C:\Users\erick\OneDrive\Escritorio\New folder\secllm_terraform_integration\research_iac\integration\outputs_v2\granite-code_8b\P1\terraform\question_0342.tf'...
[*] Evaluando regla 'use_of_http_without_tls' en archivo 'C:\Users\erick\OneDrive\Escritorio\New folder\secllm_terraform_integration\research_iac\integration\outputs_v2\granite-code_8b\P1\terraform\question_0342.tf'...
[*] Evaluando regla 'no_integrity_check' en archivo 'C:\Users\erick\OneDrive\Escritorio\New folder\secllm_terraform_integration\research_iac\integration\outputs_v2\granite-code_8b\P1\terraform\question_0342.tf'...
[*] Evaluando regla 'use_of_weak_cryptography' en archivo 'C:\Users\erick\OneDrive\Escritorio\New folder\secllm_terraform_integration\research_iac\integration\outputs_v2\granite-code_8b\P1\terraform\question_0342.tf'...
[*] Evaluando regla 'suspicious_comment' en archivo 'C:\Users\erick\OneDrive\Escritorio\New folder\secllm_terraform_integration\research_iac\integration\outputs_v2\granite-code_8b\P1\terraform\question_0342.tf'...
[Cache] Cache saved to cache.pkl (2280 entries)
[Cache] Cache saved to cache.pkl (2280 entries)
[2026-07-12 19:59:03]   auditando question_0353.tf (con qwen25-coder-audit)...
Configuration loaded from cache_config.yaml
[Cache] Cache loaded from cache.pkl with 2280 entries (saved at 2026-07-12 19:59:01)
[Cache] Cache initialized with TTL=-1s, max_entries=-1
[*] Evaluando regla 'hard_coded_secret' en archivo 'C:\Users\erick\OneDrive\Escritorio\New folder\secllm_terraform_integration\research_iac\integration\outputs_v2\granite-code_8b\P1\terraform\question_0353.tf'...
[*] Evaluando regla 'empty_password' en archivo 'C:\Users\erick\OneDrive\Escritorio\New folder\secllm_terraform_integration\research_iac\integration\outputs_v2\granite-code_8b\P1\terraform\question_0353.tf'...
[*] Evaluando regla 'admin_by_default' en archivo 'C:\Users\erick\OneDrive\Escritorio\New folder\secllm_terraform_integration\research_iac\integration\outputs_v2\granite-code_8b\P1\terraform\question_0353.tf'...
[*] Evaluando regla 'unrestricted_ip_address' en archivo 'C:\Users\erick\OneDrive\Escritorio\New folder\secllm_terraform_integration\research_iac\integration\outputs_v2\granite-code_8b\P1\terraform\question_0353.tf'...
[*] Evaluando regla 'use_of_http_without_tls' en archivo 'C:\Users\erick\OneDrive\Escritorio\New folder\secllm_terraform_integration\research_iac\integration\outputs_v2\granite-code_8b\P1\terraform\question_0353.tf'...
[*] Evaluando regla 'no_integrity_check' en archivo 'C:\Users\erick\OneDrive\Escritorio\New folder\secllm_terraform_integration\research_iac\integration\outputs_v2\granite-code_8b\P1\terraform\question_0353.tf'...
[*] Evaluando regla 'use_of_weak_cryptography' en archivo 'C:\Users\erick\OneDrive\Escritorio\New folder\secllm_terraform_integration\research_iac\integration\outputs_v2\granite-code_8b\P1\terraform\question_0353.tf'...
[*] Evaluando regla 'suspicious_comment' en archivo 'C:\Users\erick\OneDrive\Escritorio\New folder\secllm_terraform_integration\research_iac\integration\outputs_v2\granite-code_8b\P1\terraform\question_0353.tf'...
[Cache] Cache saved to cache.pkl (2288 entries)
[Cache] Cache saved to cache.pkl (2288 entries)
[2026-07-12 20:00:08]   auditando question_0361.tf (con qwen25-coder-audit)...
Configuration loaded from cache_config.yaml
[Cache] Cache loaded from cache.pkl with 2288 entries (saved at 2026-07-12 20:00:06)
[Cache] Cache initialized with TTL=-1s, max_entries=-1
[*] Evaluando regla 'hard_coded_secret' en archivo 'C:\Users\erick\OneDrive\Escritorio\New folder\secllm_terraform_integration\research_iac\integration\outputs_v2\granite-code_8b\P1\terraform\question_0361.tf'...
[*] Evaluando regla 'empty_password' en archivo 'C:\Users\erick\OneDrive\Escritorio\New folder\secllm_terraform_integration\research_iac\integration\outputs_v2\granite-code_8b\P1\terraform\question_0361.tf'...
[*] Evaluando regla 'admin_by_default' en archivo 'C:\Users\erick\OneDrive\Escritorio\New folder\secllm_terraform_integration\research_iac\integration\outputs_v2\granite-code_8b\P1\terraform\question_0361.tf'...
[*] Evaluando regla 'unrestricted_ip_address' en archivo 'C:\Users\erick\OneDrive\Escritorio\New folder\secllm_terraform_integration\research_iac\integration\outputs_v2\granite-code_8b\P1\terraform\question_0361.tf'...
[*] Evaluando regla 'use_of_http_without_tls' en archivo 'C:\Users\erick\OneDrive\Escritorio\New folder\secllm_terraform_integration\research_iac\integration\outputs_v2\granite-code_8b\P1\terraform\question_0361.tf'...
[*] Evaluando regla 'no_integrity_check' en archivo 'C:\Users\erick\OneDrive\Escritorio\New folder\secllm_terraform_integration\research_iac\integration\outputs_v2\granite-code_8b\P1\terraform\question_0361.tf'...
[*] Evaluando regla 'use_of_weak_cryptography' en archivo 'C:\Users\erick\OneDrive\Escritorio\New folder\secllm_terraform_integration\research_iac\integration\outputs_v2\granite-code_8b\P1\terraform\question_0361.tf'...
[*] Evaluando regla 'suspicious_comment' en archivo 'C:\Users\erick\OneDrive\Escritorio\New folder\secllm_terraform_integration\research_iac\integration\outputs_v2\granite-code_8b\P1\terraform\question_0361.tf'...
[Cache] Cache saved to cache.pkl (2296 entries)
[Cache] Cache saved to cache.pkl (2296 entries)
[2026-07-12 20:00:58]   auditando question_0362.tf (con qwen25-coder-audit)...
Configuration loaded from cache_config.yaml
[Cache] Cache loaded from cache.pkl with 2296 entries (saved at 2026-07-12 20:00:56)
[Cache] Cache initialized with TTL=-1s, max_entries=-1
[*] Evaluando regla 'hard_coded_secret' en archivo 'C:\Users\erick\OneDrive\Escritorio\New folder\secllm_terraform_integration\research_iac\integration\outputs_v2\granite-code_8b\P1\terraform\question_0362.tf'...
[*] Evaluando regla 'empty_password' en archivo 'C:\Users\erick\OneDrive\Escritorio\New folder\secllm_terraform_integration\research_iac\integration\outputs_v2\granite-code_8b\P1\terraform\question_0362.tf'...
[*] Evaluando regla 'admin_by_default' en archivo 'C:\Users\erick\OneDrive\Escritorio\New folder\secllm_terraform_integration\research_iac\integration\outputs_v2\granite-code_8b\P1\terraform\question_0362.tf'...
[*] Evaluando regla 'unrestricted_ip_address' en archivo 'C:\Users\erick\OneDrive\Escritorio\New folder\secllm_terraform_integration\research_iac\integration\outputs_v2\granite-code_8b\P1\terraform\question_0362.tf'...
[*] Evaluando regla 'use_of_http_without_tls' en archivo 'C:\Users\erick\OneDrive\Escritorio\New folder\secllm_terraform_integration\research_iac\integration\outputs_v2\granite-code_8b\P1\terraform\question_0362.tf'...
[*] Evaluando regla 'no_integrity_check' en archivo 'C:\Users\erick\OneDrive\Escritorio\New folder\secllm_terraform_integration\research_iac\integration\outputs_v2\granite-code_8b\P1\terraform\question_0362.tf'...
[*] Evaluando regla 'use_of_weak_cryptography' en archivo 'C:\Users\erick\OneDrive\Escritorio\New folder\secllm_terraform_integration\research_iac\integration\outputs_v2\granite-code_8b\P1\terraform\question_0362.tf'...
[*] Evaluando regla 'suspicious_comment' en archivo 'C:\Users\erick\OneDrive\Escritorio\New folder\secllm_terraform_integration\research_iac\integration\outputs_v2\granite-code_8b\P1\terraform\question_0362.tf'...
[Cache] Cache saved to cache.pkl (2304 entries)
[Cache] Cache saved to cache.pkl (2304 entries)
[2026-07-12 20:01:31]   auditando question_0375.tf (con qwen25-coder-audit)...
Configuration loaded from cache_config.yaml
[Cache] Cache loaded from cache.pkl with 2304 entries (saved at 2026-07-12 20:01:29)
[Cache] Cache initialized with TTL=-1s, max_entries=-1
[*] Evaluando regla 'hard_coded_secret' en archivo 'C:\Users\erick\OneDrive\Escritorio\New folder\secllm_terraform_integration\research_iac\integration\outputs_v2\granite-code_8b\P1\terraform\question_0375.tf'...
[*] Evaluando regla 'empty_password' en archivo 'C:\Users\erick\OneDrive\Escritorio\New folder\secllm_terraform_integration\research_iac\integration\outputs_v2\granite-code_8b\P1\terraform\question_0375.tf'...
[*] Evaluando regla 'admin_by_default' en archivo 'C:\Users\erick\OneDrive\Escritorio\New folder\secllm_terraform_integration\research_iac\integration\outputs_v2\granite-code_8b\P1\terraform\question_0375.tf'...
[*] Evaluando regla 'unrestricted_ip_address' en archivo 'C:\Users\erick\OneDrive\Escritorio\New folder\secllm_terraform_integration\research_iac\integration\outputs_v2\granite-code_8b\P1\terraform\question_0375.tf'...
[*] Evaluando regla 'use_of_http_without_tls' en archivo 'C:\Users\erick\OneDrive\Escritorio\New folder\secllm_terraform_integration\research_iac\integration\outputs_v2\granite-code_8b\P1\terraform\question_0375.tf'...
[*] Evaluando regla 'no_integrity_check' en archivo 'C:\Users\erick\OneDrive\Escritorio\New folder\secllm_terraform_integration\research_iac\integration\outputs_v2\granite-code_8b\P1\terraform\question_0375.tf'...
[*] Evaluando regla 'use_of_weak_cryptography' en archivo 'C:\Users\erick\OneDrive\Escritorio\New folder\secllm_terraform_integration\research_iac\integration\outputs_v2\granite-code_8b\P1\terraform\question_0375.tf'...
[*] Evaluando regla 'suspicious_comment' en archivo 'C:\Users\erick\OneDrive\Escritorio\New folder\secllm_terraform_integration\research_iac\integration\outputs_v2\granite-code_8b\P1\terraform\question_0375.tf'...
[Cache] Cache saved to cache.pkl (2312 entries)
[Cache] Cache saved to cache.pkl (2312 entries)
[2026-07-12 20:01:58]   auditando question_0400.tf (con qwen25-coder-audit)...
Configuration loaded from cache_config.yaml
[Cache] Cache loaded from cache.pkl with 2312 entries (saved at 2026-07-12 20:01:56)
[Cache] Cache initialized with TTL=-1s, max_entries=-1
[*] Evaluando regla 'hard_coded_secret' en archivo 'C:\Users\erick\OneDrive\Escritorio\New folder\secllm_terraform_integration\research_iac\integration\outputs_v2\granite-code_8b\P1\terraform\question_0400.tf'...
[*] Evaluando regla 'empty_password' en archivo 'C:\Users\erick\OneDrive\Escritorio\New folder\secllm_terraform_integration\research_iac\integration\outputs_v2\granite-code_8b\P1\terraform\question_0400.tf'...
[*] Evaluando regla 'admin_by_default' en archivo 'C:\Users\erick\OneDrive\Escritorio\New folder\secllm_terraform_integration\research_iac\integration\outputs_v2\granite-code_8b\P1\terraform\question_0400.tf'...
[*] Evaluando regla 'unrestricted_ip_address' en archivo 'C:\Users\erick\OneDrive\Escritorio\New folder\secllm_terraform_integration\research_iac\integration\outputs_v2\granite-code_8b\P1\terraform\question_0400.tf'...
[*] Evaluando regla 'use_of_http_without_tls' en archivo 'C:\Users\erick\OneDrive\Escritorio\New folder\secllm_terraform_integration\research_iac\integration\outputs_v2\granite-code_8b\P1\terraform\question_0400.tf'...
[*] Evaluando regla 'no_integrity_check' en archivo 'C:\Users\erick\OneDrive\Escritorio\New folder\secllm_terraform_integration\research_iac\integration\outputs_v2\granite-code_8b\P1\terraform\question_0400.tf'...
[*] Evaluando regla 'use_of_weak_cryptography' en archivo 'C:\Users\erick\OneDrive\Escritorio\New folder\secllm_terraform_integration\research_iac\integration\outputs_v2\granite-code_8b\P1\terraform\question_0400.tf'...
[*] Evaluando regla 'suspicious_comment' en archivo 'C:\Users\erick\OneDrive\Escritorio\New folder\secllm_terraform_integration\research_iac\integration\outputs_v2\granite-code_8b\P1\terraform\question_0400.tf'...
[Cache] Cache saved to cache.pkl (2320 entries)
[Cache] Cache saved to cache.pkl (2320 entries)
[2026-07-12 20:02:46]   auditando question_0415.tf (con qwen25-coder-audit)...
Configuration loaded from cache_config.yaml
[Cache] Cache loaded from cache.pkl with 2320 entries (saved at 2026-07-12 20:02:44)
[Cache] Cache initialized with TTL=-1s, max_entries=-1
[*] Evaluando regla 'hard_coded_secret' en archivo 'C:\Users\erick\OneDrive\Escritorio\New folder\secllm_terraform_integration\research_iac\integration\outputs_v2\granite-code_8b\P1\terraform\question_0415.tf'...
[*] Evaluando regla 'empty_password' en archivo 'C:\Users\erick\OneDrive\Escritorio\New folder\secllm_terraform_integration\research_iac\integration\outputs_v2\granite-code_8b\P1\terraform\question_0415.tf'...
[*] Evaluando regla 'admin_by_default' en archivo 'C:\Users\erick\OneDrive\Escritorio\New folder\secllm_terraform_integration\research_iac\integration\outputs_v2\granite-code_8b\P1\terraform\question_0415.tf'...
[*] Evaluando regla 'unrestricted_ip_address' en archivo 'C:\Users\erick\OneDrive\Escritorio\New folder\secllm_terraform_integration\research_iac\integration\outputs_v2\granite-code_8b\P1\terraform\question_0415.tf'...
[*] Evaluando regla 'use_of_http_without_tls' en archivo 'C:\Users\erick\OneDrive\Escritorio\New folder\secllm_terraform_integration\research_iac\integration\outputs_v2\granite-code_8b\P1\terraform\question_0415.tf'...
[*] Evaluando regla 'no_integrity_check' en archivo 'C:\Users\erick\OneDrive\Escritorio\New folder\secllm_terraform_integration\research_iac\integration\outputs_v2\granite-code_8b\P1\terraform\question_0415.tf'...
[*] Evaluando regla 'use_of_weak_cryptography' en archivo 'C:\Users\erick\OneDrive\Escritorio\New folder\secllm_terraform_integration\research_iac\integration\outputs_v2\granite-code_8b\P1\terraform\question_0415.tf'...
[*] Evaluando regla 'suspicious_comment' en archivo 'C:\Users\erick\OneDrive\Escritorio\New folder\secllm_terraform_integration\research_iac\integration\outputs_v2\granite-code_8b\P1\terraform\question_0415.tf'...
[Cache] Cache saved to cache.pkl (2328 entries)
[Cache] Cache saved to cache.pkl (2328 entries)
[2026-07-12 20:03:22]   auditando question_0422.tf (con qwen25-coder-audit)...
Configuration loaded from cache_config.yaml
[Cache] Cache loaded from cache.pkl with 2328 entries (saved at 2026-07-12 20:03:21)
[Cache] Cache initialized with TTL=-1s, max_entries=-1
[*] Evaluando regla 'hard_coded_secret' en archivo 'C:\Users\erick\OneDrive\Escritorio\New folder\secllm_terraform_integration\research_iac\integration\outputs_v2\granite-code_8b\P1\terraform\question_0422.tf'...
[*] Evaluando regla 'empty_password' en archivo 'C:\Users\erick\OneDrive\Escritorio\New folder\secllm_terraform_integration\research_iac\integration\outputs_v2\granite-code_8b\P1\terraform\question_0422.tf'...
[*] Evaluando regla 'admin_by_default' en archivo 'C:\Users\erick\OneDrive\Escritorio\New folder\secllm_terraform_integration\research_iac\integration\outputs_v2\granite-code_8b\P1\terraform\question_0422.tf'...
[*] Evaluando regla 'unrestricted_ip_address' en archivo 'C:\Users\erick\OneDrive\Escritorio\New folder\secllm_terraform_integration\research_iac\integration\outputs_v2\granite-code_8b\P1\terraform\question_0422.tf'...
[*] Evaluando regla 'use_of_http_without_tls' en archivo 'C:\Users\erick\OneDrive\Escritorio\New folder\secllm_terraform_integration\research_iac\integration\outputs_v2\granite-code_8b\P1\terraform\question_0422.tf'...
[*] Evaluando regla 'no_integrity_check' en archivo 'C:\Users\erick\OneDrive\Escritorio\New folder\secllm_terraform_integration\research_iac\integration\outputs_v2\granite-code_8b\P1\terraform\question_0422.tf'...
[*] Evaluando regla 'use_of_weak_cryptography' en archivo 'C:\Users\erick\OneDrive\Escritorio\New folder\secllm_terraform_integration\research_iac\integration\outputs_v2\granite-code_8b\P1\terraform\question_0422.tf'...
[*] Evaluando regla 'suspicious_comment' en archivo 'C:\Users\erick\OneDrive\Escritorio\New folder\secllm_terraform_integration\research_iac\integration\outputs_v2\granite-code_8b\P1\terraform\question_0422.tf'...
[Cache] Cache saved to cache.pkl (2336 entries)
[Cache] Cache saved to cache.pkl (2336 entries)
[2026-07-12 20:04:10] --- codegemma:7b [P0]: Auditor?a con auditor externo 'qwen25-coder-audit' ---
[2026-07-12 20:04:10]   auditando question_0000.tf (con qwen25-coder-audit)...
Configuration loaded from cache_config.yaml
[Cache] Cache loaded from cache.pkl with 2336 entries (saved at 2026-07-12 20:04:08)
[Cache] Cache initialized with TTL=-1s, max_entries=-1
[*] Evaluando regla 'hard_coded_secret' en archivo 'C:\Users\erick\OneDrive\Escritorio\New folder\secllm_terraform_integration\research_iac\integration\outputs_v2\codegemma_7b\P0\terraform\question_0000.tf'...
[*] Evaluando regla 'empty_password' en archivo 'C:\Users\erick\OneDrive\Escritorio\New folder\secllm_terraform_integration\research_iac\integration\outputs_v2\codegemma_7b\P0\terraform\question_0000.tf'...
[*] Evaluando regla 'admin_by_default' en archivo 'C:\Users\erick\OneDrive\Escritorio\New folder\secllm_terraform_integration\research_iac\integration\outputs_v2\codegemma_7b\P0\terraform\question_0000.tf'...
[*] Evaluando regla 'unrestricted_ip_address' en archivo 'C:\Users\erick\OneDrive\Escritorio\New folder\secllm_terraform_integration\research_iac\integration\outputs_v2\codegemma_7b\P0\terraform\question_0000.tf'...
[*] Evaluando regla 'use_of_http_without_tls' en archivo 'C:\Users\erick\OneDrive\Escritorio\New folder\secllm_terraform_integration\research_iac\integration\outputs_v2\codegemma_7b\P0\terraform\question_0000.tf'...
[*] Evaluando regla 'no_integrity_check' en archivo 'C:\Users\erick\OneDrive\Escritorio\New folder\secllm_terraform_integration\research_iac\integration\outputs_v2\codegemma_7b\P0\terraform\question_0000.tf'...
[*] Evaluando regla 'use_of_weak_cryptography' en archivo 'C:\Users\erick\OneDrive\Escritorio\New folder\secllm_terraform_integration\research_iac\integration\outputs_v2\codegemma_7b\P0\terraform\question_0000.tf'...
[*] Evaluando regla 'suspicious_comment' en archivo 'C:\Users\erick\OneDrive\Escritorio\New folder\secllm_terraform_integration\research_iac\integration\outputs_v2\codegemma_7b\P0\terraform\question_0000.tf'...
[Cache] Cache saved to cache.pkl (2344 entries)
[Cache] Cache saved to cache.pkl (2344 entries)
[2026-07-12 20:04:46]   auditando question_0003.tf (con qwen25-coder-audit)...
Configuration loaded from cache_config.yaml
[Cache] Cache loaded from cache.pkl with 2344 entries (saved at 2026-07-12 20:04:44)
[Cache] Cache initialized with TTL=-1s, max_entries=-1
[*] Evaluando regla 'hard_coded_secret' en archivo 'C:\Users\erick\OneDrive\Escritorio\New folder\secllm_terraform_integration\research_iac\integration\outputs_v2\codegemma_7b\P0\terraform\question_0003.tf'...
[*] Evaluando regla 'empty_password' en archivo 'C:\Users\erick\OneDrive\Escritorio\New folder\secllm_terraform_integration\research_iac\integration\outputs_v2\codegemma_7b\P0\terraform\question_0003.tf'...
[*] Evaluando regla 'admin_by_default' en archivo 'C:\Users\erick\OneDrive\Escritorio\New folder\secllm_terraform_integration\research_iac\integration\outputs_v2\codegemma_7b\P0\terraform\question_0003.tf'...
[*] Evaluando regla 'unrestricted_ip_address' en archivo 'C:\Users\erick\OneDrive\Escritorio\New folder\secllm_terraform_integration\research_iac\integration\outputs_v2\codegemma_7b\P0\terraform\question_0003.tf'...
[*] Evaluando regla 'use_of_http_without_tls' en archivo 'C:\Users\erick\OneDrive\Escritorio\New folder\secllm_terraform_integration\research_iac\integration\outputs_v2\codegemma_7b\P0\terraform\question_0003.tf'...
[*] Evaluando regla 'no_integrity_check' en archivo 'C:\Users\erick\OneDrive\Escritorio\New folder\secllm_terraform_integration\research_iac\integration\outputs_v2\codegemma_7b\P0\terraform\question_0003.tf'...
[*] Evaluando regla 'use_of_weak_cryptography' en archivo 'C:\Users\erick\OneDrive\Escritorio\New folder\secllm_terraform_integration\research_iac\integration\outputs_v2\codegemma_7b\P0\terraform\question_0003.tf'...
[*] Evaluando regla 'suspicious_comment' en archivo 'C:\Users\erick\OneDrive\Escritorio\New folder\secllm_terraform_integration\research_iac\integration\outputs_v2\codegemma_7b\P0\terraform\question_0003.tf'...
[Cache] Cache saved to cache.pkl (2352 entries)
[Cache] Cache saved to cache.pkl (2352 entries)
[2026-07-12 20:05:55]   auditando question_0005.tf (con qwen25-coder-audit)...
Configuration loaded from cache_config.yaml
[Cache] Cache loaded from cache.pkl with 2352 entries (saved at 2026-07-12 20:05:53)
[Cache] Cache initialized with TTL=-1s, max_entries=-1
[*] Evaluando regla 'hard_coded_secret' en archivo 'C:\Users\erick\OneDrive\Escritorio\New folder\secllm_terraform_integration\research_iac\integration\outputs_v2\codegemma_7b\P0\terraform\question_0005.tf'...
[*] Evaluando regla 'empty_password' en archivo 'C:\Users\erick\OneDrive\Escritorio\New folder\secllm_terraform_integration\research_iac\integration\outputs_v2\codegemma_7b\P0\terraform\question_0005.tf'...
[*] Evaluando regla 'admin_by_default' en archivo 'C:\Users\erick\OneDrive\Escritorio\New folder\secllm_terraform_integration\research_iac\integration\outputs_v2\codegemma_7b\P0\terraform\question_0005.tf'...
[*] Evaluando regla 'unrestricted_ip_address' en archivo 'C:\Users\erick\OneDrive\Escritorio\New folder\secllm_terraform_integration\research_iac\integration\outputs_v2\codegemma_7b\P0\terraform\question_0005.tf'...
[*] Evaluando regla 'use_of_http_without_tls' en archivo 'C:\Users\erick\OneDrive\Escritorio\New folder\secllm_terraform_integration\research_iac\integration\outputs_v2\codegemma_7b\P0\terraform\question_0005.tf'...
[*] Evaluando regla 'no_integrity_check' en archivo 'C:\Users\erick\OneDrive\Escritorio\New folder\secllm_terraform_integration\research_iac\integration\outputs_v2\codegemma_7b\P0\terraform\question_0005.tf'...
[*] Evaluando regla 'use_of_weak_cryptography' en archivo 'C:\Users\erick\OneDrive\Escritorio\New folder\secllm_terraform_integration\research_iac\integration\outputs_v2\codegemma_7b\P0\terraform\question_0005.tf'...
[*] Evaluando regla 'suspicious_comment' en archivo 'C:\Users\erick\OneDrive\Escritorio\New folder\secllm_terraform_integration\research_iac\integration\outputs_v2\codegemma_7b\P0\terraform\question_0005.tf'...
[Cache] Cache saved to cache.pkl (2360 entries)
[Cache] Cache saved to cache.pkl (2360 entries)
[2026-07-12 20:06:41]   auditando question_0012.tf (con qwen25-coder-audit)...
Configuration loaded from cache_config.yaml
[Cache] Cache loaded from cache.pkl with 2360 entries (saved at 2026-07-12 20:06:39)
[Cache] Cache initialized with TTL=-1s, max_entries=-1
[*] Evaluando regla 'hard_coded_secret' en archivo 'C:\Users\erick\OneDrive\Escritorio\New folder\secllm_terraform_integration\research_iac\integration\outputs_v2\codegemma_7b\P0\terraform\question_0012.tf'...
[*] Evaluando regla 'empty_password' en archivo 'C:\Users\erick\OneDrive\Escritorio\New folder\secllm_terraform_integration\research_iac\integration\outputs_v2\codegemma_7b\P0\terraform\question_0012.tf'...
[*] Evaluando regla 'admin_by_default' en archivo 'C:\Users\erick\OneDrive\Escritorio\New folder\secllm_terraform_integration\research_iac\integration\outputs_v2\codegemma_7b\P0\terraform\question_0012.tf'...
[*] Evaluando regla 'unrestricted_ip_address' en archivo 'C:\Users\erick\OneDrive\Escritorio\New folder\secllm_terraform_integration\research_iac\integration\outputs_v2\codegemma_7b\P0\terraform\question_0012.tf'...
[*] Evaluando regla 'use_of_http_without_tls' en archivo 'C:\Users\erick\OneDrive\Escritorio\New folder\secllm_terraform_integration\research_iac\integration\outputs_v2\codegemma_7b\P0\terraform\question_0012.tf'...
[*] Evaluando regla 'no_integrity_check' en archivo 'C:\Users\erick\OneDrive\Escritorio\New folder\secllm_terraform_integration\research_iac\integration\outputs_v2\codegemma_7b\P0\terraform\question_0012.tf'...
[*] Evaluando regla 'use_of_weak_cryptography' en archivo 'C:\Users\erick\OneDrive\Escritorio\New folder\secllm_terraform_integration\research_iac\integration\outputs_v2\codegemma_7b\P0\terraform\question_0012.tf'...
[*] Evaluando regla 'suspicious_comment' en archivo 'C:\Users\erick\OneDrive\Escritorio\New folder\secllm_terraform_integration\research_iac\integration\outputs_v2\codegemma_7b\P0\terraform\question_0012.tf'...
[Cache] Cache saved to cache.pkl (2368 entries)
[Cache] Cache saved to cache.pkl (2368 entries)
[2026-07-12 20:07:33]   auditando question_0018.tf (con qwen25-coder-audit)...
Configuration loaded from cache_config.yaml
[Cache] Cache loaded from cache.pkl with 2368 entries (saved at 2026-07-12 20:07:32)
[Cache] Cache initialized with TTL=-1s, max_entries=-1
[*] Evaluando regla 'hard_coded_secret' en archivo 'C:\Users\erick\OneDrive\Escritorio\New folder\secllm_terraform_integration\research_iac\integration\outputs_v2\codegemma_7b\P0\terraform\question_0018.tf'...
[*] Evaluando regla 'empty_password' en archivo 'C:\Users\erick\OneDrive\Escritorio\New folder\secllm_terraform_integration\research_iac\integration\outputs_v2\codegemma_7b\P0\terraform\question_0018.tf'...
[*] Evaluando regla 'admin_by_default' en archivo 'C:\Users\erick\OneDrive\Escritorio\New folder\secllm_terraform_integration\research_iac\integration\outputs_v2\codegemma_7b\P0\terraform\question_0018.tf'...
[*] Evaluando regla 'unrestricted_ip_address' en archivo 'C:\Users\erick\OneDrive\Escritorio\New folder\secllm_terraform_integration\research_iac\integration\outputs_v2\codegemma_7b\P0\terraform\question_0018.tf'...
[*] Evaluando regla 'use_of_http_without_tls' en archivo 'C:\Users\erick\OneDrive\Escritorio\New folder\secllm_terraform_integration\research_iac\integration\outputs_v2\codegemma_7b\P0\terraform\question_0018.tf'...
[*] Evaluando regla 'no_integrity_check' en archivo 'C:\Users\erick\OneDrive\Escritorio\New folder\secllm_terraform_integration\research_iac\integration\outputs_v2\codegemma_7b\P0\terraform\question_0018.tf'...
[*] Evaluando regla 'use_of_weak_cryptography' en archivo 'C:\Users\erick\OneDrive\Escritorio\New folder\secllm_terraform_integration\research_iac\integration\outputs_v2\codegemma_7b\P0\terraform\question_0018.tf'...
[*] Evaluando regla 'suspicious_comment' en archivo 'C:\Users\erick\OneDrive\Escritorio\New folder\secllm_terraform_integration\research_iac\integration\outputs_v2\codegemma_7b\P0\terraform\question_0018.tf'...
[Cache] Cache saved to cache.pkl (2376 entries)
[Cache] Cache saved to cache.pkl (2376 entries)
[2026-07-12 20:08:13]   auditando question_0020.tf (con qwen25-coder-audit)...
Configuration loaded from cache_config.yaml
[Cache] Cache loaded from cache.pkl with 2376 entries (saved at 2026-07-12 20:08:11)
[Cache] Cache initialized with TTL=-1s, max_entries=-1
[*] Evaluando regla 'hard_coded_secret' en archivo 'C:\Users\erick\OneDrive\Escritorio\New folder\secllm_terraform_integration\research_iac\integration\outputs_v2\codegemma_7b\P0\terraform\question_0020.tf'...
[*] Evaluando regla 'empty_password' en archivo 'C:\Users\erick\OneDrive\Escritorio\New folder\secllm_terraform_integration\research_iac\integration\outputs_v2\codegemma_7b\P0\terraform\question_0020.tf'...
[*] Evaluando regla 'admin_by_default' en archivo 'C:\Users\erick\OneDrive\Escritorio\New folder\secllm_terraform_integration\research_iac\integration\outputs_v2\codegemma_7b\P0\terraform\question_0020.tf'...
[*] Evaluando regla 'unrestricted_ip_address' en archivo 'C:\Users\erick\OneDrive\Escritorio\New folder\secllm_terraform_integration\research_iac\integration\outputs_v2\codegemma_7b\P0\terraform\question_0020.tf'...
[*] Evaluando regla 'use_of_http_without_tls' en archivo 'C:\Users\erick\OneDrive\Escritorio\New folder\secllm_terraform_integration\research_iac\integration\outputs_v2\codegemma_7b\P0\terraform\question_0020.tf'...
[*] Evaluando regla 'no_integrity_check' en archivo 'C:\Users\erick\OneDrive\Escritorio\New folder\secllm_terraform_integration\research_iac\integration\outputs_v2\codegemma_7b\P0\terraform\question_0020.tf'...
[*] Evaluando regla 'use_of_weak_cryptography' en archivo 'C:\Users\erick\OneDrive\Escritorio\New folder\secllm_terraform_integration\research_iac\integration\outputs_v2\codegemma_7b\P0\terraform\question_0020.tf'...
[*] Evaluando regla 'suspicious_comment' en archivo 'C:\Users\erick\OneDrive\Escritorio\New folder\secllm_terraform_integration\research_iac\integration\outputs_v2\codegemma_7b\P0\terraform\question_0020.tf'...
[Cache] Cache saved to cache.pkl (2384 entries)
[Cache] Cache saved to cache.pkl (2384 entries)
[2026-07-12 20:08:42]   auditando question_0024.tf (con qwen25-coder-audit)...
Configuration loaded from cache_config.yaml
[Cache] Cache loaded from cache.pkl with 2384 entries (saved at 2026-07-12 20:08:40)
[Cache] Cache initialized with TTL=-1s, max_entries=-1
[*] Evaluando regla 'hard_coded_secret' en archivo 'C:\Users\erick\OneDrive\Escritorio\New folder\secllm_terraform_integration\research_iac\integration\outputs_v2\codegemma_7b\P0\terraform\question_0024.tf'...
[*] Evaluando regla 'empty_password' en archivo 'C:\Users\erick\OneDrive\Escritorio\New folder\secllm_terraform_integration\research_iac\integration\outputs_v2\codegemma_7b\P0\terraform\question_0024.tf'...
[*] Evaluando regla 'admin_by_default' en archivo 'C:\Users\erick\OneDrive\Escritorio\New folder\secllm_terraform_integration\research_iac\integration\outputs_v2\codegemma_7b\P0\terraform\question_0024.tf'...
[*] Evaluando regla 'unrestricted_ip_address' en archivo 'C:\Users\erick\OneDrive\Escritorio\New folder\secllm_terraform_integration\research_iac\integration\outputs_v2\codegemma_7b\P0\terraform\question_0024.tf'...
[*] Evaluando regla 'use_of_http_without_tls' en archivo 'C:\Users\erick\OneDrive\Escritorio\New folder\secllm_terraform_integration\research_iac\integration\outputs_v2\codegemma_7b\P0\terraform\question_0024.tf'...
[*] Evaluando regla 'no_integrity_check' en archivo 'C:\Users\erick\OneDrive\Escritorio\New folder\secllm_terraform_integration\research_iac\integration\outputs_v2\codegemma_7b\P0\terraform\question_0024.tf'...
[*] Evaluando regla 'use_of_weak_cryptography' en archivo 'C:\Users\erick\OneDrive\Escritorio\New folder\secllm_terraform_integration\research_iac\integration\outputs_v2\codegemma_7b\P0\terraform\question_0024.tf'...
[*] Evaluando regla 'suspicious_comment' en archivo 'C:\Users\erick\OneDrive\Escritorio\New folder\secllm_terraform_integration\research_iac\integration\outputs_v2\codegemma_7b\P0\terraform\question_0024.tf'...
[Cache] Cache saved to cache.pkl (2392 entries)
[Cache] Cache saved to cache.pkl (2392 entries)
[2026-07-12 20:09:23]   auditando question_0038.tf (con qwen25-coder-audit)...
Configuration loaded from cache_config.yaml
[Cache] Cache loaded from cache.pkl with 2392 entries (saved at 2026-07-12 20:09:22)
[Cache] Cache initialized with TTL=-1s, max_entries=-1
[*] Evaluando regla 'hard_coded_secret' en archivo 'C:\Users\erick\OneDrive\Escritorio\New folder\secllm_terraform_integration\research_iac\integration\outputs_v2\codegemma_7b\P0\terraform\question_0038.tf'...
[*] Evaluando regla 'empty_password' en archivo 'C:\Users\erick\OneDrive\Escritorio\New folder\secllm_terraform_integration\research_iac\integration\outputs_v2\codegemma_7b\P0\terraform\question_0038.tf'...
[*] Evaluando regla 'admin_by_default' en archivo 'C:\Users\erick\OneDrive\Escritorio\New folder\secllm_terraform_integration\research_iac\integration\outputs_v2\codegemma_7b\P0\terraform\question_0038.tf'...
[*] Evaluando regla 'unrestricted_ip_address' en archivo 'C:\Users\erick\OneDrive\Escritorio\New folder\secllm_terraform_integration\research_iac\integration\outputs_v2\codegemma_7b\P0\terraform\question_0038.tf'...
[*] Evaluando regla 'use_of_http_without_tls' en archivo 'C:\Users\erick\OneDrive\Escritorio\New folder\secllm_terraform_integration\research_iac\integration\outputs_v2\codegemma_7b\P0\terraform\question_0038.tf'...
[*] Evaluando regla 'no_integrity_check' en archivo 'C:\Users\erick\OneDrive\Escritorio\New folder\secllm_terraform_integration\research_iac\integration\outputs_v2\codegemma_7b\P0\terraform\question_0038.tf'...
[*] Evaluando regla 'use_of_weak_cryptography' en archivo 'C:\Users\erick\OneDrive\Escritorio\New folder\secllm_terraform_integration\research_iac\integration\outputs_v2\codegemma_7b\P0\terraform\question_0038.tf'...
[*] Evaluando regla 'suspicious_comment' en archivo 'C:\Users\erick\OneDrive\Escritorio\New folder\secllm_terraform_integration\research_iac\integration\outputs_v2\codegemma_7b\P0\terraform\question_0038.tf'...
[Cache] Cache saved to cache.pkl (2400 entries)
[Cache] Cache saved to cache.pkl (2400 entries)
[2026-07-12 20:10:05]   auditando question_0051.tf (con qwen25-coder-audit)...
Configuration loaded from cache_config.yaml
[Cache] Cache loaded from cache.pkl with 2400 entries (saved at 2026-07-12 20:10:04)
[Cache] Cache initialized with TTL=-1s, max_entries=-1
[*] Evaluando regla 'hard_coded_secret' en archivo 'C:\Users\erick\OneDrive\Escritorio\New folder\secllm_terraform_integration\research_iac\integration\outputs_v2\codegemma_7b\P0\terraform\question_0051.tf'...
[*] Evaluando regla 'empty_password' en archivo 'C:\Users\erick\OneDrive\Escritorio\New folder\secllm_terraform_integration\research_iac\integration\outputs_v2\codegemma_7b\P0\terraform\question_0051.tf'...
[*] Evaluando regla 'admin_by_default' en archivo 'C:\Users\erick\OneDrive\Escritorio\New folder\secllm_terraform_integration\research_iac\integration\outputs_v2\codegemma_7b\P0\terraform\question_0051.tf'...
[*] Evaluando regla 'unrestricted_ip_address' en archivo 'C:\Users\erick\OneDrive\Escritorio\New folder\secllm_terraform_integration\research_iac\integration\outputs_v2\codegemma_7b\P0\terraform\question_0051.tf'...
[*] Evaluando regla 'use_of_http_without_tls' en archivo 'C:\Users\erick\OneDrive\Escritorio\New folder\secllm_terraform_integration\research_iac\integration\outputs_v2\codegemma_7b\P0\terraform\question_0051.tf'...
[*] Evaluando regla 'no_integrity_check' en archivo 'C:\Users\erick\OneDrive\Escritorio\New folder\secllm_terraform_integration\research_iac\integration\outputs_v2\codegemma_7b\P0\terraform\question_0051.tf'...
[*] Evaluando regla 'use_of_weak_cryptography' en archivo 'C:\Users\erick\OneDrive\Escritorio\New folder\secllm_terraform_integration\research_iac\integration\outputs_v2\codegemma_7b\P0\terraform\question_0051.tf'...
[*] Evaluando regla 'suspicious_comment' en archivo 'C:\Users\erick\OneDrive\Escritorio\New folder\secllm_terraform_integration\research_iac\integration\outputs_v2\codegemma_7b\P0\terraform\question_0051.tf'...
[Cache] Cache saved to cache.pkl (2408 entries)
[Cache] Cache saved to cache.pkl (2408 entries)
[2026-07-12 20:10:35]   auditando question_0064.tf (con qwen25-coder-audit)...
Configuration loaded from cache_config.yaml
[Cache] Cache loaded from cache.pkl with 2408 entries (saved at 2026-07-12 20:10:33)
[Cache] Cache initialized with TTL=-1s, max_entries=-1
[*] Evaluando regla 'hard_coded_secret' en archivo 'C:\Users\erick\OneDrive\Escritorio\New folder\secllm_terraform_integration\research_iac\integration\outputs_v2\codegemma_7b\P0\terraform\question_0064.tf'...
[*] Evaluando regla 'empty_password' en archivo 'C:\Users\erick\OneDrive\Escritorio\New folder\secllm_terraform_integration\research_iac\integration\outputs_v2\codegemma_7b\P0\terraform\question_0064.tf'...
[*] Evaluando regla 'admin_by_default' en archivo 'C:\Users\erick\OneDrive\Escritorio\New folder\secllm_terraform_integration\research_iac\integration\outputs_v2\codegemma_7b\P0\terraform\question_0064.tf'...
[*] Evaluando regla 'unrestricted_ip_address' en archivo 'C:\Users\erick\OneDrive\Escritorio\New folder\secllm_terraform_integration\research_iac\integration\outputs_v2\codegemma_7b\P0\terraform\question_0064.tf'...
[*] Evaluando regla 'use_of_http_without_tls' en archivo 'C:\Users\erick\OneDrive\Escritorio\New folder\secllm_terraform_integration\research_iac\integration\outputs_v2\codegemma_7b\P0\terraform\question_0064.tf'...
[*] Evaluando regla 'no_integrity_check' en archivo 'C:\Users\erick\OneDrive\Escritorio\New folder\secllm_terraform_integration\research_iac\integration\outputs_v2\codegemma_7b\P0\terraform\question_0064.tf'...
[*] Evaluando regla 'use_of_weak_cryptography' en archivo 'C:\Users\erick\OneDrive\Escritorio\New folder\secllm_terraform_integration\research_iac\integration\outputs_v2\codegemma_7b\P0\terraform\question_0064.tf'...
[*] Evaluando regla 'suspicious_comment' en archivo 'C:\Users\erick\OneDrive\Escritorio\New folder\secllm_terraform_integration\research_iac\integration\outputs_v2\codegemma_7b\P0\terraform\question_0064.tf'...
[Cache] Cache saved to cache.pkl (2416 entries)
[Cache] Cache saved to cache.pkl (2416 entries)
[2026-07-12 20:11:14]   auditando question_0073.tf (con qwen25-coder-audit)...
Configuration loaded from cache_config.yaml
[Cache] Cache loaded from cache.pkl with 2416 entries (saved at 2026-07-12 20:11:12)
[Cache] Cache initialized with TTL=-1s, max_entries=-1
[*] Evaluando regla 'hard_coded_secret' en archivo 'C:\Users\erick\OneDrive\Escritorio\New folder\secllm_terraform_integration\research_iac\integration\outputs_v2\codegemma_7b\P0\terraform\question_0073.tf'...
[*] Evaluando regla 'empty_password' en archivo 'C:\Users\erick\OneDrive\Escritorio\New folder\secllm_terraform_integration\research_iac\integration\outputs_v2\codegemma_7b\P0\terraform\question_0073.tf'...
[*] Evaluando regla 'admin_by_default' en archivo 'C:\Users\erick\OneDrive\Escritorio\New folder\secllm_terraform_integration\research_iac\integration\outputs_v2\codegemma_7b\P0\terraform\question_0073.tf'...
[*] Evaluando regla 'unrestricted_ip_address' en archivo 'C:\Users\erick\OneDrive\Escritorio\New folder\secllm_terraform_integration\research_iac\integration\outputs_v2\codegemma_7b\P0\terraform\question_0073.tf'...
[*] Evaluando regla 'use_of_http_without_tls' en archivo 'C:\Users\erick\OneDrive\Escritorio\New folder\secllm_terraform_integration\research_iac\integration\outputs_v2\codegemma_7b\P0\terraform\question_0073.tf'...
[*] Evaluando regla 'no_integrity_check' en archivo 'C:\Users\erick\OneDrive\Escritorio\New folder\secllm_terraform_integration\research_iac\integration\outputs_v2\codegemma_7b\P0\terraform\question_0073.tf'...
[*] Evaluando regla 'use_of_weak_cryptography' en archivo 'C:\Users\erick\OneDrive\Escritorio\New folder\secllm_terraform_integration\research_iac\integration\outputs_v2\codegemma_7b\P0\terraform\question_0073.tf'...
[*] Evaluando regla 'suspicious_comment' en archivo 'C:\Users\erick\OneDrive\Escritorio\New folder\secllm_terraform_integration\research_iac\integration\outputs_v2\codegemma_7b\P0\terraform\question_0073.tf'...
[Cache] Cache saved to cache.pkl (2424 entries)
[Cache] Cache saved to cache.pkl (2424 entries)
[2026-07-12 20:12:07]   auditando question_0075.tf (con qwen25-coder-audit)...
Configuration loaded from cache_config.yaml
[Cache] Cache loaded from cache.pkl with 2424 entries (saved at 2026-07-12 20:12:06)
[Cache] Cache initialized with TTL=-1s, max_entries=-1
[*] Evaluando regla 'hard_coded_secret' en archivo 'C:\Users\erick\OneDrive\Escritorio\New folder\secllm_terraform_integration\research_iac\integration\outputs_v2\codegemma_7b\P0\terraform\question_0075.tf'...
[*] Evaluando regla 'empty_password' en archivo 'C:\Users\erick\OneDrive\Escritorio\New folder\secllm_terraform_integration\research_iac\integration\outputs_v2\codegemma_7b\P0\terraform\question_0075.tf'...
[*] Evaluando regla 'admin_by_default' en archivo 'C:\Users\erick\OneDrive\Escritorio\New folder\secllm_terraform_integration\research_iac\integration\outputs_v2\codegemma_7b\P0\terraform\question_0075.tf'...
[*] Evaluando regla 'unrestricted_ip_address' en archivo 'C:\Users\erick\OneDrive\Escritorio\New folder\secllm_terraform_integration\research_iac\integration\outputs_v2\codegemma_7b\P0\terraform\question_0075.tf'...
[*] Evaluando regla 'use_of_http_without_tls' en archivo 'C:\Users\erick\OneDrive\Escritorio\New folder\secllm_terraform_integration\research_iac\integration\outputs_v2\codegemma_7b\P0\terraform\question_0075.tf'...
[*] Evaluando regla 'no_integrity_check' en archivo 'C:\Users\erick\OneDrive\Escritorio\New folder\secllm_terraform_integration\research_iac\integration\outputs_v2\codegemma_7b\P0\terraform\question_0075.tf'...
[*] Evaluando regla 'use_of_weak_cryptography' en archivo 'C:\Users\erick\OneDrive\Escritorio\New folder\secllm_terraform_integration\research_iac\integration\outputs_v2\codegemma_7b\P0\terraform\question_0075.tf'...
[*] Evaluando regla 'suspicious_comment' en archivo 'C:\Users\erick\OneDrive\Escritorio\New folder\secllm_terraform_integration\research_iac\integration\outputs_v2\codegemma_7b\P0\terraform\question_0075.tf'...
[Cache] Cache saved to cache.pkl (2432 entries)
[Cache] Cache saved to cache.pkl (2432 entries)
[2026-07-12 20:12:40]   auditando question_0080.tf (con qwen25-coder-audit)...
Configuration loaded from cache_config.yaml
[Cache] Cache loaded from cache.pkl with 2432 entries (saved at 2026-07-12 20:12:38)
[Cache] Cache initialized with TTL=-1s, max_entries=-1
[*] Evaluando regla 'hard_coded_secret' en archivo 'C:\Users\erick\OneDrive\Escritorio\New folder\secllm_terraform_integration\research_iac\integration\outputs_v2\codegemma_7b\P0\terraform\question_0080.tf'...
[*] Evaluando regla 'empty_password' en archivo 'C:\Users\erick\OneDrive\Escritorio\New folder\secllm_terraform_integration\research_iac\integration\outputs_v2\codegemma_7b\P0\terraform\question_0080.tf'...
[*] Evaluando regla 'admin_by_default' en archivo 'C:\Users\erick\OneDrive\Escritorio\New folder\secllm_terraform_integration\research_iac\integration\outputs_v2\codegemma_7b\P0\terraform\question_0080.tf'...
[*] Evaluando regla 'unrestricted_ip_address' en archivo 'C:\Users\erick\OneDrive\Escritorio\New folder\secllm_terraform_integration\research_iac\integration\outputs_v2\codegemma_7b\P0\terraform\question_0080.tf'...
[*] Evaluando regla 'use_of_http_without_tls' en archivo 'C:\Users\erick\OneDrive\Escritorio\New folder\secllm_terraform_integration\research_iac\integration\outputs_v2\codegemma_7b\P0\terraform\question_0080.tf'...
[*] Evaluando regla 'no_integrity_check' en archivo 'C:\Users\erick\OneDrive\Escritorio\New folder\secllm_terraform_integration\research_iac\integration\outputs_v2\codegemma_7b\P0\terraform\question_0080.tf'...
[*] Evaluando regla 'use_of_weak_cryptography' en archivo 'C:\Users\erick\OneDrive\Escritorio\New folder\secllm_terraform_integration\research_iac\integration\outputs_v2\codegemma_7b\P0\terraform\question_0080.tf'...
[*] Evaluando regla 'suspicious_comment' en archivo 'C:\Users\erick\OneDrive\Escritorio\New folder\secllm_terraform_integration\research_iac\integration\outputs_v2\codegemma_7b\P0\terraform\question_0080.tf'...
[Cache] Cache saved to cache.pkl (2440 entries)
[Cache] Cache saved to cache.pkl (2440 entries)
[2026-07-12 20:13:14]   auditando question_0132.tf (con qwen25-coder-audit)...
Configuration loaded from cache_config.yaml
[Cache] Cache loaded from cache.pkl with 2440 entries (saved at 2026-07-12 20:13:13)
[Cache] Cache initialized with TTL=-1s, max_entries=-1
[*] Evaluando regla 'hard_coded_secret' en archivo 'C:\Users\erick\OneDrive\Escritorio\New folder\secllm_terraform_integration\research_iac\integration\outputs_v2\codegemma_7b\P0\terraform\question_0132.tf'...
[*] Evaluando regla 'empty_password' en archivo 'C:\Users\erick\OneDrive\Escritorio\New folder\secllm_terraform_integration\research_iac\integration\outputs_v2\codegemma_7b\P0\terraform\question_0132.tf'...
[*] Evaluando regla 'admin_by_default' en archivo 'C:\Users\erick\OneDrive\Escritorio\New folder\secllm_terraform_integration\research_iac\integration\outputs_v2\codegemma_7b\P0\terraform\question_0132.tf'...
[*] Evaluando regla 'unrestricted_ip_address' en archivo 'C:\Users\erick\OneDrive\Escritorio\New folder\secllm_terraform_integration\research_iac\integration\outputs_v2\codegemma_7b\P0\terraform\question_0132.tf'...
[*] Evaluando regla 'use_of_http_without_tls' en archivo 'C:\Users\erick\OneDrive\Escritorio\New folder\secllm_terraform_integration\research_iac\integration\outputs_v2\codegemma_7b\P0\terraform\question_0132.tf'...
[*] Evaluando regla 'no_integrity_check' en archivo 'C:\Users\erick\OneDrive\Escritorio\New folder\secllm_terraform_integration\research_iac\integration\outputs_v2\codegemma_7b\P0\terraform\question_0132.tf'...
[*] Evaluando regla 'use_of_weak_cryptography' en archivo 'C:\Users\erick\OneDrive\Escritorio\New folder\secllm_terraform_integration\research_iac\integration\outputs_v2\codegemma_7b\P0\terraform\question_0132.tf'...
[*] Evaluando regla 'suspicious_comment' en archivo 'C:\Users\erick\OneDrive\Escritorio\New folder\secllm_terraform_integration\research_iac\integration\outputs_v2\codegemma_7b\P0\terraform\question_0132.tf'...
[Cache] Cache saved to cache.pkl (2448 entries)
[Cache] Cache saved to cache.pkl (2448 entries)
[2026-07-12 20:13:45]   auditando question_0141.tf (con qwen25-coder-audit)...
Configuration loaded from cache_config.yaml
[Cache] Cache loaded from cache.pkl with 2448 entries (saved at 2026-07-12 20:13:43)
[Cache] Cache initialized with TTL=-1s, max_entries=-1
[*] Evaluando regla 'hard_coded_secret' en archivo 'C:\Users\erick\OneDrive\Escritorio\New folder\secllm_terraform_integration\research_iac\integration\outputs_v2\codegemma_7b\P0\terraform\question_0141.tf'...
[*] Evaluando regla 'empty_password' en archivo 'C:\Users\erick\OneDrive\Escritorio\New folder\secllm_terraform_integration\research_iac\integration\outputs_v2\codegemma_7b\P0\terraform\question_0141.tf'...
[*] Evaluando regla 'admin_by_default' en archivo 'C:\Users\erick\OneDrive\Escritorio\New folder\secllm_terraform_integration\research_iac\integration\outputs_v2\codegemma_7b\P0\terraform\question_0141.tf'...
[*] Evaluando regla 'unrestricted_ip_address' en archivo 'C:\Users\erick\OneDrive\Escritorio\New folder\secllm_terraform_integration\research_iac\integration\outputs_v2\codegemma_7b\P0\terraform\question_0141.tf'...
[*] Evaluando regla 'use_of_http_without_tls' en archivo 'C:\Users\erick\OneDrive\Escritorio\New folder\secllm_terraform_integration\research_iac\integration\outputs_v2\codegemma_7b\P0\terraform\question_0141.tf'...
[*] Evaluando regla 'no_integrity_check' en archivo 'C:\Users\erick\OneDrive\Escritorio\New folder\secllm_terraform_integration\research_iac\integration\outputs_v2\codegemma_7b\P0\terraform\question_0141.tf'...
[*] Evaluando regla 'use_of_weak_cryptography' en archivo 'C:\Users\erick\OneDrive\Escritorio\New folder\secllm_terraform_integration\research_iac\integration\outputs_v2\codegemma_7b\P0\terraform\question_0141.tf'...
[*] Evaluando regla 'suspicious_comment' en archivo 'C:\Users\erick\OneDrive\Escritorio\New folder\secllm_terraform_integration\research_iac\integration\outputs_v2\codegemma_7b\P0\terraform\question_0141.tf'...
[Cache] Cache saved to cache.pkl (2456 entries)
[Cache] Cache saved to cache.pkl (2456 entries)
[2026-07-12 20:14:18]   auditando question_0153.tf (con qwen25-coder-audit)...
Configuration loaded from cache_config.yaml
[Cache] Cache loaded from cache.pkl with 2456 entries (saved at 2026-07-12 20:14:16)
[Cache] Cache initialized with TTL=-1s, max_entries=-1
[*] Evaluando regla 'hard_coded_secret' en archivo 'C:\Users\erick\OneDrive\Escritorio\New folder\secllm_terraform_integration\research_iac\integration\outputs_v2\codegemma_7b\P0\terraform\question_0153.tf'...
[*] Evaluando regla 'empty_password' en archivo 'C:\Users\erick\OneDrive\Escritorio\New folder\secllm_terraform_integration\research_iac\integration\outputs_v2\codegemma_7b\P0\terraform\question_0153.tf'...
[*] Evaluando regla 'admin_by_default' en archivo 'C:\Users\erick\OneDrive\Escritorio\New folder\secllm_terraform_integration\research_iac\integration\outputs_v2\codegemma_7b\P0\terraform\question_0153.tf'...
[*] Evaluando regla 'unrestricted_ip_address' en archivo 'C:\Users\erick\OneDrive\Escritorio\New folder\secllm_terraform_integration\research_iac\integration\outputs_v2\codegemma_7b\P0\terraform\question_0153.tf'...
[*] Evaluando regla 'use_of_http_without_tls' en archivo 'C:\Users\erick\OneDrive\Escritorio\New folder\secllm_terraform_integration\research_iac\integration\outputs_v2\codegemma_7b\P0\terraform\question_0153.tf'...
[*] Evaluando regla 'no_integrity_check' en archivo 'C:\Users\erick\OneDrive\Escritorio\New folder\secllm_terraform_integration\research_iac\integration\outputs_v2\codegemma_7b\P0\terraform\question_0153.tf'...
[*] Evaluando regla 'use_of_weak_cryptography' en archivo 'C:\Users\erick\OneDrive\Escritorio\New folder\secllm_terraform_integration\research_iac\integration\outputs_v2\codegemma_7b\P0\terraform\question_0153.tf'...
[*] Evaluando regla 'suspicious_comment' en archivo 'C:\Users\erick\OneDrive\Escritorio\New folder\secllm_terraform_integration\research_iac\integration\outputs_v2\codegemma_7b\P0\terraform\question_0153.tf'...
[Cache] Cache saved to cache.pkl (2464 entries)
[Cache] Cache saved to cache.pkl (2464 entries)
[2026-07-12 20:15:11]   auditando question_0180.tf (con qwen25-coder-audit)...
Configuration loaded from cache_config.yaml
[Cache] Cache loaded from cache.pkl with 2464 entries (saved at 2026-07-12 20:15:09)
[Cache] Cache initialized with TTL=-1s, max_entries=-1
[*] Evaluando regla 'hard_coded_secret' en archivo 'C:\Users\erick\OneDrive\Escritorio\New folder\secllm_terraform_integration\research_iac\integration\outputs_v2\codegemma_7b\P0\terraform\question_0180.tf'...
[*] Evaluando regla 'empty_password' en archivo 'C:\Users\erick\OneDrive\Escritorio\New folder\secllm_terraform_integration\research_iac\integration\outputs_v2\codegemma_7b\P0\terraform\question_0180.tf'...
[*] Evaluando regla 'admin_by_default' en archivo 'C:\Users\erick\OneDrive\Escritorio\New folder\secllm_terraform_integration\research_iac\integration\outputs_v2\codegemma_7b\P0\terraform\question_0180.tf'...
[*] Evaluando regla 'unrestricted_ip_address' en archivo 'C:\Users\erick\OneDrive\Escritorio\New folder\secllm_terraform_integration\research_iac\integration\outputs_v2\codegemma_7b\P0\terraform\question_0180.tf'...
[*] Evaluando regla 'use_of_http_without_tls' en archivo 'C:\Users\erick\OneDrive\Escritorio\New folder\secllm_terraform_integration\research_iac\integration\outputs_v2\codegemma_7b\P0\terraform\question_0180.tf'...
[*] Evaluando regla 'no_integrity_check' en archivo 'C:\Users\erick\OneDrive\Escritorio\New folder\secllm_terraform_integration\research_iac\integration\outputs_v2\codegemma_7b\P0\terraform\question_0180.tf'...
[*] Evaluando regla 'use_of_weak_cryptography' en archivo 'C:\Users\erick\OneDrive\Escritorio\New folder\secllm_terraform_integration\research_iac\integration\outputs_v2\codegemma_7b\P0\terraform\question_0180.tf'...
[*] Evaluando regla 'suspicious_comment' en archivo 'C:\Users\erick\OneDrive\Escritorio\New folder\secllm_terraform_integration\research_iac\integration\outputs_v2\codegemma_7b\P0\terraform\question_0180.tf'...
[Cache] Cache saved to cache.pkl (2472 entries)
[Cache] Cache saved to cache.pkl (2472 entries)
[2026-07-12 20:15:48]   auditando question_0186.tf (con qwen25-coder-audit)...
Configuration loaded from cache_config.yaml
[Cache] Cache loaded from cache.pkl with 2472 entries (saved at 2026-07-12 20:15:46)
[Cache] Cache initialized with TTL=-1s, max_entries=-1
[*] Evaluando regla 'hard_coded_secret' en archivo 'C:\Users\erick\OneDrive\Escritorio\New folder\secllm_terraform_integration\research_iac\integration\outputs_v2\codegemma_7b\P0\terraform\question_0186.tf'...
[*] Evaluando regla 'empty_password' en archivo 'C:\Users\erick\OneDrive\Escritorio\New folder\secllm_terraform_integration\research_iac\integration\outputs_v2\codegemma_7b\P0\terraform\question_0186.tf'...
[*] Evaluando regla 'admin_by_default' en archivo 'C:\Users\erick\OneDrive\Escritorio\New folder\secllm_terraform_integration\research_iac\integration\outputs_v2\codegemma_7b\P0\terraform\question_0186.tf'...
[*] Evaluando regla 'unrestricted_ip_address' en archivo 'C:\Users\erick\OneDrive\Escritorio\New folder\secllm_terraform_integration\research_iac\integration\outputs_v2\codegemma_7b\P0\terraform\question_0186.tf'...
[*] Evaluando regla 'use_of_http_without_tls' en archivo 'C:\Users\erick\OneDrive\Escritorio\New folder\secllm_terraform_integration\research_iac\integration\outputs_v2\codegemma_7b\P0\terraform\question_0186.tf'...
[*] Evaluando regla 'no_integrity_check' en archivo 'C:\Users\erick\OneDrive\Escritorio\New folder\secllm_terraform_integration\research_iac\integration\outputs_v2\codegemma_7b\P0\terraform\question_0186.tf'...
[*] Evaluando regla 'use_of_weak_cryptography' en archivo 'C:\Users\erick\OneDrive\Escritorio\New folder\secllm_terraform_integration\research_iac\integration\outputs_v2\codegemma_7b\P0\terraform\question_0186.tf'...
[*] Evaluando regla 'suspicious_comment' en archivo 'C:\Users\erick\OneDrive\Escritorio\New folder\secllm_terraform_integration\research_iac\integration\outputs_v2\codegemma_7b\P0\terraform\question_0186.tf'...
[Cache] Cache saved to cache.pkl (2480 entries)
[Cache] Cache saved to cache.pkl (2480 entries)
[2026-07-12 20:16:18]   auditando question_0190.tf (con qwen25-coder-audit)...
Configuration loaded from cache_config.yaml
[Cache] Cache loaded from cache.pkl with 2480 entries (saved at 2026-07-12 20:16:17)
[Cache] Cache initialized with TTL=-1s, max_entries=-1
[*] Evaluando regla 'hard_coded_secret' en archivo 'C:\Users\erick\OneDrive\Escritorio\New folder\secllm_terraform_integration\research_iac\integration\outputs_v2\codegemma_7b\P0\terraform\question_0190.tf'...
[*] Evaluando regla 'empty_password' en archivo 'C:\Users\erick\OneDrive\Escritorio\New folder\secllm_terraform_integration\research_iac\integration\outputs_v2\codegemma_7b\P0\terraform\question_0190.tf'...
[*] Evaluando regla 'admin_by_default' en archivo 'C:\Users\erick\OneDrive\Escritorio\New folder\secllm_terraform_integration\research_iac\integration\outputs_v2\codegemma_7b\P0\terraform\question_0190.tf'...
[*] Evaluando regla 'unrestricted_ip_address' en archivo 'C:\Users\erick\OneDrive\Escritorio\New folder\secllm_terraform_integration\research_iac\integration\outputs_v2\codegemma_7b\P0\terraform\question_0190.tf'...
[*] Evaluando regla 'use_of_http_without_tls' en archivo 'C:\Users\erick\OneDrive\Escritorio\New folder\secllm_terraform_integration\research_iac\integration\outputs_v2\codegemma_7b\P0\terraform\question_0190.tf'...
[*] Evaluando regla 'no_integrity_check' en archivo 'C:\Users\erick\OneDrive\Escritorio\New folder\secllm_terraform_integration\research_iac\integration\outputs_v2\codegemma_7b\P0\terraform\question_0190.tf'...
[*] Evaluando regla 'use_of_weak_cryptography' en archivo 'C:\Users\erick\OneDrive\Escritorio\New folder\secllm_terraform_integration\research_iac\integration\outputs_v2\codegemma_7b\P0\terraform\question_0190.tf'...
[*] Evaluando regla 'suspicious_comment' en archivo 'C:\Users\erick\OneDrive\Escritorio\New folder\secllm_terraform_integration\research_iac\integration\outputs_v2\codegemma_7b\P0\terraform\question_0190.tf'...
[Cache] Cache saved to cache.pkl (2488 entries)
[Cache] Cache saved to cache.pkl (2488 entries)
[2026-07-12 20:16:54]   auditando question_0201.tf (con qwen25-coder-audit)...
Configuration loaded from cache_config.yaml
[Cache] Cache loaded from cache.pkl with 2488 entries (saved at 2026-07-12 20:16:52)
[Cache] Cache initialized with TTL=-1s, max_entries=-1
[*] Evaluando regla 'hard_coded_secret' en archivo 'C:\Users\erick\OneDrive\Escritorio\New folder\secllm_terraform_integration\research_iac\integration\outputs_v2\codegemma_7b\P0\terraform\question_0201.tf'...
[*] Evaluando regla 'empty_password' en archivo 'C:\Users\erick\OneDrive\Escritorio\New folder\secllm_terraform_integration\research_iac\integration\outputs_v2\codegemma_7b\P0\terraform\question_0201.tf'...
[*] Evaluando regla 'admin_by_default' en archivo 'C:\Users\erick\OneDrive\Escritorio\New folder\secllm_terraform_integration\research_iac\integration\outputs_v2\codegemma_7b\P0\terraform\question_0201.tf'...
[*] Evaluando regla 'unrestricted_ip_address' en archivo 'C:\Users\erick\OneDrive\Escritorio\New folder\secllm_terraform_integration\research_iac\integration\outputs_v2\codegemma_7b\P0\terraform\question_0201.tf'...
[*] Evaluando regla 'use_of_http_without_tls' en archivo 'C:\Users\erick\OneDrive\Escritorio\New folder\secllm_terraform_integration\research_iac\integration\outputs_v2\codegemma_7b\P0\terraform\question_0201.tf'...
[*] Evaluando regla 'no_integrity_check' en archivo 'C:\Users\erick\OneDrive\Escritorio\New folder\secllm_terraform_integration\research_iac\integration\outputs_v2\codegemma_7b\P0\terraform\question_0201.tf'...
[*] Evaluando regla 'use_of_weak_cryptography' en archivo 'C:\Users\erick\OneDrive\Escritorio\New folder\secllm_terraform_integration\research_iac\integration\outputs_v2\codegemma_7b\P0\terraform\question_0201.tf'...
[*] Evaluando regla 'suspicious_comment' en archivo 'C:\Users\erick\OneDrive\Escritorio\New folder\secllm_terraform_integration\research_iac\integration\outputs_v2\codegemma_7b\P0\terraform\question_0201.tf'...
[Cache] Cache saved to cache.pkl (2496 entries)
[Cache] Cache saved to cache.pkl (2496 entries)
[2026-07-12 20:17:23]   auditando question_0212.tf (con qwen25-coder-audit)...
Configuration loaded from cache_config.yaml
[Cache] Cache loaded from cache.pkl with 2496 entries (saved at 2026-07-12 20:17:21)
[Cache] Cache initialized with TTL=-1s, max_entries=-1
[*] Evaluando regla 'hard_coded_secret' en archivo 'C:\Users\erick\OneDrive\Escritorio\New folder\secllm_terraform_integration\research_iac\integration\outputs_v2\codegemma_7b\P0\terraform\question_0212.tf'...
[*] Evaluando regla 'empty_password' en archivo 'C:\Users\erick\OneDrive\Escritorio\New folder\secllm_terraform_integration\research_iac\integration\outputs_v2\codegemma_7b\P0\terraform\question_0212.tf'...
[*] Evaluando regla 'admin_by_default' en archivo 'C:\Users\erick\OneDrive\Escritorio\New folder\secllm_terraform_integration\research_iac\integration\outputs_v2\codegemma_7b\P0\terraform\question_0212.tf'...
[*] Evaluando regla 'unrestricted_ip_address' en archivo 'C:\Users\erick\OneDrive\Escritorio\New folder\secllm_terraform_integration\research_iac\integration\outputs_v2\codegemma_7b\P0\terraform\question_0212.tf'...
[*] Evaluando regla 'use_of_http_without_tls' en archivo 'C:\Users\erick\OneDrive\Escritorio\New folder\secllm_terraform_integration\research_iac\integration\outputs_v2\codegemma_7b\P0\terraform\question_0212.tf'...
[*] Evaluando regla 'no_integrity_check' en archivo 'C:\Users\erick\OneDrive\Escritorio\New folder\secllm_terraform_integration\research_iac\integration\outputs_v2\codegemma_7b\P0\terraform\question_0212.tf'...
[*] Evaluando regla 'use_of_weak_cryptography' en archivo 'C:\Users\erick\OneDrive\Escritorio\New folder\secllm_terraform_integration\research_iac\integration\outputs_v2\codegemma_7b\P0\terraform\question_0212.tf'...
[*] Evaluando regla 'suspicious_comment' en archivo 'C:\Users\erick\OneDrive\Escritorio\New folder\secllm_terraform_integration\research_iac\integration\outputs_v2\codegemma_7b\P0\terraform\question_0212.tf'...
[Cache] Cache saved to cache.pkl (2504 entries)
[Cache] Cache saved to cache.pkl (2504 entries)
[2026-07-12 20:18:06]   auditando question_0215.tf (con qwen25-coder-audit)...
Configuration loaded from cache_config.yaml
[Cache] Cache loaded from cache.pkl with 2504 entries (saved at 2026-07-12 20:18:04)
[Cache] Cache initialized with TTL=-1s, max_entries=-1
[*] Evaluando regla 'hard_coded_secret' en archivo 'C:\Users\erick\OneDrive\Escritorio\New folder\secllm_terraform_integration\research_iac\integration\outputs_v2\codegemma_7b\P0\terraform\question_0215.tf'...
[*] Evaluando regla 'empty_password' en archivo 'C:\Users\erick\OneDrive\Escritorio\New folder\secllm_terraform_integration\research_iac\integration\outputs_v2\codegemma_7b\P0\terraform\question_0215.tf'...
[*] Evaluando regla 'admin_by_default' en archivo 'C:\Users\erick\OneDrive\Escritorio\New folder\secllm_terraform_integration\research_iac\integration\outputs_v2\codegemma_7b\P0\terraform\question_0215.tf'...
[*] Evaluando regla 'unrestricted_ip_address' en archivo 'C:\Users\erick\OneDrive\Escritorio\New folder\secllm_terraform_integration\research_iac\integration\outputs_v2\codegemma_7b\P0\terraform\question_0215.tf'...
[*] Evaluando regla 'use_of_http_without_tls' en archivo 'C:\Users\erick\OneDrive\Escritorio\New folder\secllm_terraform_integration\research_iac\integration\outputs_v2\codegemma_7b\P0\terraform\question_0215.tf'...
[*] Evaluando regla 'no_integrity_check' en archivo 'C:\Users\erick\OneDrive\Escritorio\New folder\secllm_terraform_integration\research_iac\integration\outputs_v2\codegemma_7b\P0\terraform\question_0215.tf'...
[*] Evaluando regla 'use_of_weak_cryptography' en archivo 'C:\Users\erick\OneDrive\Escritorio\New folder\secllm_terraform_integration\research_iac\integration\outputs_v2\codegemma_7b\P0\terraform\question_0215.tf'...
[*] Evaluando regla 'suspicious_comment' en archivo 'C:\Users\erick\OneDrive\Escritorio\New folder\secllm_terraform_integration\research_iac\integration\outputs_v2\codegemma_7b\P0\terraform\question_0215.tf'...
[Cache] Cache saved to cache.pkl (2512 entries)
[Cache] Cache saved to cache.pkl (2512 entries)
[2026-07-12 20:18:39]   auditando question_0231.tf (con qwen25-coder-audit)...
Configuration loaded from cache_config.yaml
[Cache] Cache loaded from cache.pkl with 2512 entries (saved at 2026-07-12 20:18:37)
[Cache] Cache initialized with TTL=-1s, max_entries=-1
[*] Evaluando regla 'hard_coded_secret' en archivo 'C:\Users\erick\OneDrive\Escritorio\New folder\secllm_terraform_integration\research_iac\integration\outputs_v2\codegemma_7b\P0\terraform\question_0231.tf'...
[*] Evaluando regla 'empty_password' en archivo 'C:\Users\erick\OneDrive\Escritorio\New folder\secllm_terraform_integration\research_iac\integration\outputs_v2\codegemma_7b\P0\terraform\question_0231.tf'...
[*] Evaluando regla 'admin_by_default' en archivo 'C:\Users\erick\OneDrive\Escritorio\New folder\secllm_terraform_integration\research_iac\integration\outputs_v2\codegemma_7b\P0\terraform\question_0231.tf'...
[*] Evaluando regla 'unrestricted_ip_address' en archivo 'C:\Users\erick\OneDrive\Escritorio\New folder\secllm_terraform_integration\research_iac\integration\outputs_v2\codegemma_7b\P0\terraform\question_0231.tf'...
[*] Evaluando regla 'use_of_http_without_tls' en archivo 'C:\Users\erick\OneDrive\Escritorio\New folder\secllm_terraform_integration\research_iac\integration\outputs_v2\codegemma_7b\P0\terraform\question_0231.tf'...
[*] Evaluando regla 'no_integrity_check' en archivo 'C:\Users\erick\OneDrive\Escritorio\New folder\secllm_terraform_integration\research_iac\integration\outputs_v2\codegemma_7b\P0\terraform\question_0231.tf'...
[*] Evaluando regla 'use_of_weak_cryptography' en archivo 'C:\Users\erick\OneDrive\Escritorio\New folder\secllm_terraform_integration\research_iac\integration\outputs_v2\codegemma_7b\P0\terraform\question_0231.tf'...
[*] Evaluando regla 'suspicious_comment' en archivo 'C:\Users\erick\OneDrive\Escritorio\New folder\secllm_terraform_integration\research_iac\integration\outputs_v2\codegemma_7b\P0\terraform\question_0231.tf'...
[Cache] Cache saved to cache.pkl (2520 entries)
[Cache] Cache saved to cache.pkl (2520 entries)
[2026-07-12 20:19:09]   auditando question_0234.tf (con qwen25-coder-audit)...
Configuration loaded from cache_config.yaml
[Cache] Cache loaded from cache.pkl with 2520 entries (saved at 2026-07-12 20:19:07)
[Cache] Cache initialized with TTL=-1s, max_entries=-1
[*] Evaluando regla 'hard_coded_secret' en archivo 'C:\Users\erick\OneDrive\Escritorio\New folder\secllm_terraform_integration\research_iac\integration\outputs_v2\codegemma_7b\P0\terraform\question_0234.tf'...
[*] Evaluando regla 'empty_password' en archivo 'C:\Users\erick\OneDrive\Escritorio\New folder\secllm_terraform_integration\research_iac\integration\outputs_v2\codegemma_7b\P0\terraform\question_0234.tf'...
[*] Evaluando regla 'admin_by_default' en archivo 'C:\Users\erick\OneDrive\Escritorio\New folder\secllm_terraform_integration\research_iac\integration\outputs_v2\codegemma_7b\P0\terraform\question_0234.tf'...
[*] Evaluando regla 'unrestricted_ip_address' en archivo 'C:\Users\erick\OneDrive\Escritorio\New folder\secllm_terraform_integration\research_iac\integration\outputs_v2\codegemma_7b\P0\terraform\question_0234.tf'...
[*] Evaluando regla 'use_of_http_without_tls' en archivo 'C:\Users\erick\OneDrive\Escritorio\New folder\secllm_terraform_integration\research_iac\integration\outputs_v2\codegemma_7b\P0\terraform\question_0234.tf'...
[*] Evaluando regla 'no_integrity_check' en archivo 'C:\Users\erick\OneDrive\Escritorio\New folder\secllm_terraform_integration\research_iac\integration\outputs_v2\codegemma_7b\P0\terraform\question_0234.tf'...
[*] Evaluando regla 'use_of_weak_cryptography' en archivo 'C:\Users\erick\OneDrive\Escritorio\New folder\secllm_terraform_integration\research_iac\integration\outputs_v2\codegemma_7b\P0\terraform\question_0234.tf'...
[*] Evaluando regla 'suspicious_comment' en archivo 'C:\Users\erick\OneDrive\Escritorio\New folder\secllm_terraform_integration\research_iac\integration\outputs_v2\codegemma_7b\P0\terraform\question_0234.tf'...
[Cache] Cache saved to cache.pkl (2528 entries)
[Cache] Cache saved to cache.pkl (2528 entries)
[2026-07-12 20:20:01]   auditando question_0249.tf (con qwen25-coder-audit)...
Configuration loaded from cache_config.yaml
[Cache] Cache loaded from cache.pkl with 2528 entries (saved at 2026-07-12 20:20:00)
[Cache] Cache initialized with TTL=-1s, max_entries=-1
[*] Evaluando regla 'hard_coded_secret' en archivo 'C:\Users\erick\OneDrive\Escritorio\New folder\secllm_terraform_integration\research_iac\integration\outputs_v2\codegemma_7b\P0\terraform\question_0249.tf'...
[*] Evaluando regla 'empty_password' en archivo 'C:\Users\erick\OneDrive\Escritorio\New folder\secllm_terraform_integration\research_iac\integration\outputs_v2\codegemma_7b\P0\terraform\question_0249.tf'...
[*] Evaluando regla 'admin_by_default' en archivo 'C:\Users\erick\OneDrive\Escritorio\New folder\secllm_terraform_integration\research_iac\integration\outputs_v2\codegemma_7b\P0\terraform\question_0249.tf'...
[*] Evaluando regla 'unrestricted_ip_address' en archivo 'C:\Users\erick\OneDrive\Escritorio\New folder\secllm_terraform_integration\research_iac\integration\outputs_v2\codegemma_7b\P0\terraform\question_0249.tf'...
[*] Evaluando regla 'use_of_http_without_tls' en archivo 'C:\Users\erick\OneDrive\Escritorio\New folder\secllm_terraform_integration\research_iac\integration\outputs_v2\codegemma_7b\P0\terraform\question_0249.tf'...
[*] Evaluando regla 'no_integrity_check' en archivo 'C:\Users\erick\OneDrive\Escritorio\New folder\secllm_terraform_integration\research_iac\integration\outputs_v2\codegemma_7b\P0\terraform\question_0249.tf'...
[*] Evaluando regla 'use_of_weak_cryptography' en archivo 'C:\Users\erick\OneDrive\Escritorio\New folder\secllm_terraform_integration\research_iac\integration\outputs_v2\codegemma_7b\P0\terraform\question_0249.tf'...
[*] Evaluando regla 'suspicious_comment' en archivo 'C:\Users\erick\OneDrive\Escritorio\New folder\secllm_terraform_integration\research_iac\integration\outputs_v2\codegemma_7b\P0\terraform\question_0249.tf'...
[Cache] Cache saved to cache.pkl (2536 entries)
[Cache] Cache saved to cache.pkl (2536 entries)
[2026-07-12 20:20:35]   auditando question_0255.tf (con qwen25-coder-audit)...
Configuration loaded from cache_config.yaml
[Cache] Cache loaded from cache.pkl with 2536 entries (saved at 2026-07-12 20:20:33)
[Cache] Cache initialized with TTL=-1s, max_entries=-1
[*] Evaluando regla 'hard_coded_secret' en archivo 'C:\Users\erick\OneDrive\Escritorio\New folder\secllm_terraform_integration\research_iac\integration\outputs_v2\codegemma_7b\P0\terraform\question_0255.tf'...
[*] Evaluando regla 'empty_password' en archivo 'C:\Users\erick\OneDrive\Escritorio\New folder\secllm_terraform_integration\research_iac\integration\outputs_v2\codegemma_7b\P0\terraform\question_0255.tf'...
[*] Evaluando regla 'admin_by_default' en archivo 'C:\Users\erick\OneDrive\Escritorio\New folder\secllm_terraform_integration\research_iac\integration\outputs_v2\codegemma_7b\P0\terraform\question_0255.tf'...
[*] Evaluando regla 'unrestricted_ip_address' en archivo 'C:\Users\erick\OneDrive\Escritorio\New folder\secllm_terraform_integration\research_iac\integration\outputs_v2\codegemma_7b\P0\terraform\question_0255.tf'...
[*] Evaluando regla 'use_of_http_without_tls' en archivo 'C:\Users\erick\OneDrive\Escritorio\New folder\secllm_terraform_integration\research_iac\integration\outputs_v2\codegemma_7b\P0\terraform\question_0255.tf'...
[*] Evaluando regla 'no_integrity_check' en archivo 'C:\Users\erick\OneDrive\Escritorio\New folder\secllm_terraform_integration\research_iac\integration\outputs_v2\codegemma_7b\P0\terraform\question_0255.tf'...
[*] Evaluando regla 'use_of_weak_cryptography' en archivo 'C:\Users\erick\OneDrive\Escritorio\New folder\secllm_terraform_integration\research_iac\integration\outputs_v2\codegemma_7b\P0\terraform\question_0255.tf'...
[*] Evaluando regla 'suspicious_comment' en archivo 'C:\Users\erick\OneDrive\Escritorio\New folder\secllm_terraform_integration\research_iac\integration\outputs_v2\codegemma_7b\P0\terraform\question_0255.tf'...
[Cache] Cache saved to cache.pkl (2544 entries)
[Cache] Cache saved to cache.pkl (2544 entries)
[2026-07-12 20:21:21]   auditando question_0261.tf (con qwen25-coder-audit)...
Configuration loaded from cache_config.yaml
[Cache] Cache loaded from cache.pkl with 2544 entries (saved at 2026-07-12 20:21:20)
[Cache] Cache initialized with TTL=-1s, max_entries=-1
[*] Evaluando regla 'hard_coded_secret' en archivo 'C:\Users\erick\OneDrive\Escritorio\New folder\secllm_terraform_integration\research_iac\integration\outputs_v2\codegemma_7b\P0\terraform\question_0261.tf'...
[*] Evaluando regla 'empty_password' en archivo 'C:\Users\erick\OneDrive\Escritorio\New folder\secllm_terraform_integration\research_iac\integration\outputs_v2\codegemma_7b\P0\terraform\question_0261.tf'...
[*] Evaluando regla 'admin_by_default' en archivo 'C:\Users\erick\OneDrive\Escritorio\New folder\secllm_terraform_integration\research_iac\integration\outputs_v2\codegemma_7b\P0\terraform\question_0261.tf'...
[*] Evaluando regla 'unrestricted_ip_address' en archivo 'C:\Users\erick\OneDrive\Escritorio\New folder\secllm_terraform_integration\research_iac\integration\outputs_v2\codegemma_7b\P0\terraform\question_0261.tf'...
[*] Evaluando regla 'use_of_http_without_tls' en archivo 'C:\Users\erick\OneDrive\Escritorio\New folder\secllm_terraform_integration\research_iac\integration\outputs_v2\codegemma_7b\P0\terraform\question_0261.tf'...
[*] Evaluando regla 'no_integrity_check' en archivo 'C:\Users\erick\OneDrive\Escritorio\New folder\secllm_terraform_integration\research_iac\integration\outputs_v2\codegemma_7b\P0\terraform\question_0261.tf'...
[*] Evaluando regla 'use_of_weak_cryptography' en archivo 'C:\Users\erick\OneDrive\Escritorio\New folder\secllm_terraform_integration\research_iac\integration\outputs_v2\codegemma_7b\P0\terraform\question_0261.tf'...
[*] Evaluando regla 'suspicious_comment' en archivo 'C:\Users\erick\OneDrive\Escritorio\New folder\secllm_terraform_integration\research_iac\integration\outputs_v2\codegemma_7b\P0\terraform\question_0261.tf'...
[Cache] Cache saved to cache.pkl (2552 entries)
[Cache] Cache saved to cache.pkl (2552 entries)
[2026-07-12 20:21:56]   auditando question_0262.tf (con qwen25-coder-audit)...
Configuration loaded from cache_config.yaml
[Cache] Cache loaded from cache.pkl with 2552 entries (saved at 2026-07-12 20:21:54)
[Cache] Cache initialized with TTL=-1s, max_entries=-1
[*] Evaluando regla 'hard_coded_secret' en archivo 'C:\Users\erick\OneDrive\Escritorio\New folder\secllm_terraform_integration\research_iac\integration\outputs_v2\codegemma_7b\P0\terraform\question_0262.tf'...
[*] Evaluando regla 'empty_password' en archivo 'C:\Users\erick\OneDrive\Escritorio\New folder\secllm_terraform_integration\research_iac\integration\outputs_v2\codegemma_7b\P0\terraform\question_0262.tf'...
[*] Evaluando regla 'admin_by_default' en archivo 'C:\Users\erick\OneDrive\Escritorio\New folder\secllm_terraform_integration\research_iac\integration\outputs_v2\codegemma_7b\P0\terraform\question_0262.tf'...
[*] Evaluando regla 'unrestricted_ip_address' en archivo 'C:\Users\erick\OneDrive\Escritorio\New folder\secllm_terraform_integration\research_iac\integration\outputs_v2\codegemma_7b\P0\terraform\question_0262.tf'...
[*] Evaluando regla 'use_of_http_without_tls' en archivo 'C:\Users\erick\OneDrive\Escritorio\New folder\secllm_terraform_integration\research_iac\integration\outputs_v2\codegemma_7b\P0\terraform\question_0262.tf'...
[*] Evaluando regla 'no_integrity_check' en archivo 'C:\Users\erick\OneDrive\Escritorio\New folder\secllm_terraform_integration\research_iac\integration\outputs_v2\codegemma_7b\P0\terraform\question_0262.tf'...
[*] Evaluando regla 'use_of_weak_cryptography' en archivo 'C:\Users\erick\OneDrive\Escritorio\New folder\secllm_terraform_integration\research_iac\integration\outputs_v2\codegemma_7b\P0\terraform\question_0262.tf'...
[*] Evaluando regla 'suspicious_comment' en archivo 'C:\Users\erick\OneDrive\Escritorio\New folder\secllm_terraform_integration\research_iac\integration\outputs_v2\codegemma_7b\P0\terraform\question_0262.tf'...
[Cache] Cache saved to cache.pkl (2560 entries)
[Cache] Cache saved to cache.pkl (2560 entries)
[2026-07-12 20:22:26]   auditando question_0285.tf (con qwen25-coder-audit)...
Configuration loaded from cache_config.yaml
[Cache] Cache loaded from cache.pkl with 2560 entries (saved at 2026-07-12 20:22:25)
[Cache] Cache initialized with TTL=-1s, max_entries=-1
[*] Evaluando regla 'hard_coded_secret' en archivo 'C:\Users\erick\OneDrive\Escritorio\New folder\secllm_terraform_integration\research_iac\integration\outputs_v2\codegemma_7b\P0\terraform\question_0285.tf'...
[*] Evaluando regla 'empty_password' en archivo 'C:\Users\erick\OneDrive\Escritorio\New folder\secllm_terraform_integration\research_iac\integration\outputs_v2\codegemma_7b\P0\terraform\question_0285.tf'...
[*] Evaluando regla 'admin_by_default' en archivo 'C:\Users\erick\OneDrive\Escritorio\New folder\secllm_terraform_integration\research_iac\integration\outputs_v2\codegemma_7b\P0\terraform\question_0285.tf'...
[*] Evaluando regla 'unrestricted_ip_address' en archivo 'C:\Users\erick\OneDrive\Escritorio\New folder\secllm_terraform_integration\research_iac\integration\outputs_v2\codegemma_7b\P0\terraform\question_0285.tf'...
[*] Evaluando regla 'use_of_http_without_tls' en archivo 'C:\Users\erick\OneDrive\Escritorio\New folder\secllm_terraform_integration\research_iac\integration\outputs_v2\codegemma_7b\P0\terraform\question_0285.tf'...
[*] Evaluando regla 'no_integrity_check' en archivo 'C:\Users\erick\OneDrive\Escritorio\New folder\secllm_terraform_integration\research_iac\integration\outputs_v2\codegemma_7b\P0\terraform\question_0285.tf'...
[*] Evaluando regla 'use_of_weak_cryptography' en archivo 'C:\Users\erick\OneDrive\Escritorio\New folder\secllm_terraform_integration\research_iac\integration\outputs_v2\codegemma_7b\P0\terraform\question_0285.tf'...
[*] Evaluando regla 'suspicious_comment' en archivo 'C:\Users\erick\OneDrive\Escritorio\New folder\secllm_terraform_integration\research_iac\integration\outputs_v2\codegemma_7b\P0\terraform\question_0285.tf'...
[Cache] Cache saved to cache.pkl (2568 entries)
[Cache] Cache saved to cache.pkl (2568 entries)
[2026-07-12 20:23:14]   auditando question_0289.tf (con qwen25-coder-audit)...
Configuration loaded from cache_config.yaml
[Cache] Cache loaded from cache.pkl with 2568 entries (saved at 2026-07-12 20:23:13)
[Cache] Cache initialized with TTL=-1s, max_entries=-1
[*] Evaluando regla 'hard_coded_secret' en archivo 'C:\Users\erick\OneDrive\Escritorio\New folder\secllm_terraform_integration\research_iac\integration\outputs_v2\codegemma_7b\P0\terraform\question_0289.tf'...
[*] Evaluando regla 'empty_password' en archivo 'C:\Users\erick\OneDrive\Escritorio\New folder\secllm_terraform_integration\research_iac\integration\outputs_v2\codegemma_7b\P0\terraform\question_0289.tf'...
[*] Evaluando regla 'admin_by_default' en archivo 'C:\Users\erick\OneDrive\Escritorio\New folder\secllm_terraform_integration\research_iac\integration\outputs_v2\codegemma_7b\P0\terraform\question_0289.tf'...
[*] Evaluando regla 'unrestricted_ip_address' en archivo 'C:\Users\erick\OneDrive\Escritorio\New folder\secllm_terraform_integration\research_iac\integration\outputs_v2\codegemma_7b\P0\terraform\question_0289.tf'...
[*] Evaluando regla 'use_of_http_without_tls' en archivo 'C:\Users\erick\OneDrive\Escritorio\New folder\secllm_terraform_integration\research_iac\integration\outputs_v2\codegemma_7b\P0\terraform\question_0289.tf'...
[*] Evaluando regla 'no_integrity_check' en archivo 'C:\Users\erick\OneDrive\Escritorio\New folder\secllm_terraform_integration\research_iac\integration\outputs_v2\codegemma_7b\P0\terraform\question_0289.tf'...
[*] Evaluando regla 'use_of_weak_cryptography' en archivo 'C:\Users\erick\OneDrive\Escritorio\New folder\secllm_terraform_integration\research_iac\integration\outputs_v2\codegemma_7b\P0\terraform\question_0289.tf'...
[*] Evaluando regla 'suspicious_comment' en archivo 'C:\Users\erick\OneDrive\Escritorio\New folder\secllm_terraform_integration\research_iac\integration\outputs_v2\codegemma_7b\P0\terraform\question_0289.tf'...
[Cache] Cache saved to cache.pkl (2576 entries)
[Cache] Cache saved to cache.pkl (2576 entries)
[2026-07-12 20:23:56]   auditando question_0290.tf (con qwen25-coder-audit)...
Configuration loaded from cache_config.yaml
[Cache] Cache loaded from cache.pkl with 2576 entries (saved at 2026-07-12 20:23:54)
[Cache] Cache initialized with TTL=-1s, max_entries=-1
[*] Evaluando regla 'hard_coded_secret' en archivo 'C:\Users\erick\OneDrive\Escritorio\New folder\secllm_terraform_integration\research_iac\integration\outputs_v2\codegemma_7b\P0\terraform\question_0290.tf'...
[*] Evaluando regla 'empty_password' en archivo 'C:\Users\erick\OneDrive\Escritorio\New folder\secllm_terraform_integration\research_iac\integration\outputs_v2\codegemma_7b\P0\terraform\question_0290.tf'...
[*] Evaluando regla 'admin_by_default' en archivo 'C:\Users\erick\OneDrive\Escritorio\New folder\secllm_terraform_integration\research_iac\integration\outputs_v2\codegemma_7b\P0\terraform\question_0290.tf'...
[*] Evaluando regla 'unrestricted_ip_address' en archivo 'C:\Users\erick\OneDrive\Escritorio\New folder\secllm_terraform_integration\research_iac\integration\outputs_v2\codegemma_7b\P0\terraform\question_0290.tf'...
[*] Evaluando regla 'use_of_http_without_tls' en archivo 'C:\Users\erick\OneDrive\Escritorio\New folder\secllm_terraform_integration\research_iac\integration\outputs_v2\codegemma_7b\P0\terraform\question_0290.tf'...
[*] Evaluando regla 'no_integrity_check' en archivo 'C:\Users\erick\OneDrive\Escritorio\New folder\secllm_terraform_integration\research_iac\integration\outputs_v2\codegemma_7b\P0\terraform\question_0290.tf'...
[*] Evaluando regla 'use_of_weak_cryptography' en archivo 'C:\Users\erick\OneDrive\Escritorio\New folder\secllm_terraform_integration\research_iac\integration\outputs_v2\codegemma_7b\P0\terraform\question_0290.tf'...
[*] Evaluando regla 'suspicious_comment' en archivo 'C:\Users\erick\OneDrive\Escritorio\New folder\secllm_terraform_integration\research_iac\integration\outputs_v2\codegemma_7b\P0\terraform\question_0290.tf'...
[Cache] Cache saved to cache.pkl (2584 entries)
[Cache] Cache saved to cache.pkl (2584 entries)
[2026-07-12 20:24:25]   auditando question_0336.tf (con qwen25-coder-audit)...
Configuration loaded from cache_config.yaml
[Cache] Cache loaded from cache.pkl with 2584 entries (saved at 2026-07-12 20:24:23)
[Cache] Cache initialized with TTL=-1s, max_entries=-1
[*] Evaluando regla 'hard_coded_secret' en archivo 'C:\Users\erick\OneDrive\Escritorio\New folder\secllm_terraform_integration\research_iac\integration\outputs_v2\codegemma_7b\P0\terraform\question_0336.tf'...
[*] Evaluando regla 'empty_password' en archivo 'C:\Users\erick\OneDrive\Escritorio\New folder\secllm_terraform_integration\research_iac\integration\outputs_v2\codegemma_7b\P0\terraform\question_0336.tf'...
[*] Evaluando regla 'admin_by_default' en archivo 'C:\Users\erick\OneDrive\Escritorio\New folder\secllm_terraform_integration\research_iac\integration\outputs_v2\codegemma_7b\P0\terraform\question_0336.tf'...
[*] Evaluando regla 'unrestricted_ip_address' en archivo 'C:\Users\erick\OneDrive\Escritorio\New folder\secllm_terraform_integration\research_iac\integration\outputs_v2\codegemma_7b\P0\terraform\question_0336.tf'...
[*] Evaluando regla 'use_of_http_without_tls' en archivo 'C:\Users\erick\OneDrive\Escritorio\New folder\secllm_terraform_integration\research_iac\integration\outputs_v2\codegemma_7b\P0\terraform\question_0336.tf'...
[*] Evaluando regla 'no_integrity_check' en archivo 'C:\Users\erick\OneDrive\Escritorio\New folder\secllm_terraform_integration\research_iac\integration\outputs_v2\codegemma_7b\P0\terraform\question_0336.tf'...
[*] Evaluando regla 'use_of_weak_cryptography' en archivo 'C:\Users\erick\OneDrive\Escritorio\New folder\secllm_terraform_integration\research_iac\integration\outputs_v2\codegemma_7b\P0\terraform\question_0336.tf'...
[*] Evaluando regla 'suspicious_comment' en archivo 'C:\Users\erick\OneDrive\Escritorio\New folder\secllm_terraform_integration\research_iac\integration\outputs_v2\codegemma_7b\P0\terraform\question_0336.tf'...
[Cache] Cache saved to cache.pkl (2592 entries)
[Cache] Cache saved to cache.pkl (2592 entries)
[2026-07-12 20:25:04]   auditando question_0342.tf (con qwen25-coder-audit)...
Configuration loaded from cache_config.yaml
[Cache] Cache loaded from cache.pkl with 2592 entries (saved at 2026-07-12 20:25:02)
[Cache] Cache initialized with TTL=-1s, max_entries=-1
[*] Evaluando regla 'hard_coded_secret' en archivo 'C:\Users\erick\OneDrive\Escritorio\New folder\secllm_terraform_integration\research_iac\integration\outputs_v2\codegemma_7b\P0\terraform\question_0342.tf'...
[*] Evaluando regla 'empty_password' en archivo 'C:\Users\erick\OneDrive\Escritorio\New folder\secllm_terraform_integration\research_iac\integration\outputs_v2\codegemma_7b\P0\terraform\question_0342.tf'...
[*] Evaluando regla 'admin_by_default' en archivo 'C:\Users\erick\OneDrive\Escritorio\New folder\secllm_terraform_integration\research_iac\integration\outputs_v2\codegemma_7b\P0\terraform\question_0342.tf'...
[*] Evaluando regla 'unrestricted_ip_address' en archivo 'C:\Users\erick\OneDrive\Escritorio\New folder\secllm_terraform_integration\research_iac\integration\outputs_v2\codegemma_7b\P0\terraform\question_0342.tf'...
[*] Evaluando regla 'use_of_http_without_tls' en archivo 'C:\Users\erick\OneDrive\Escritorio\New folder\secllm_terraform_integration\research_iac\integration\outputs_v2\codegemma_7b\P0\terraform\question_0342.tf'...
[*] Evaluando regla 'no_integrity_check' en archivo 'C:\Users\erick\OneDrive\Escritorio\New folder\secllm_terraform_integration\research_iac\integration\outputs_v2\codegemma_7b\P0\terraform\question_0342.tf'...
[*] Evaluando regla 'use_of_weak_cryptography' en archivo 'C:\Users\erick\OneDrive\Escritorio\New folder\secllm_terraform_integration\research_iac\integration\outputs_v2\codegemma_7b\P0\terraform\question_0342.tf'...
[*] Evaluando regla 'suspicious_comment' en archivo 'C:\Users\erick\OneDrive\Escritorio\New folder\secllm_terraform_integration\research_iac\integration\outputs_v2\codegemma_7b\P0\terraform\question_0342.tf'...
[Cache] Cache saved to cache.pkl (2600 entries)
[Cache] Cache saved to cache.pkl (2600 entries)
[2026-07-12 20:25:39]   auditando question_0353.tf (con qwen25-coder-audit)...
Configuration loaded from cache_config.yaml
[Cache] Cache loaded from cache.pkl with 2600 entries (saved at 2026-07-12 20:25:37)
[Cache] Cache initialized with TTL=-1s, max_entries=-1
[*] Evaluando regla 'hard_coded_secret' en archivo 'C:\Users\erick\OneDrive\Escritorio\New folder\secllm_terraform_integration\research_iac\integration\outputs_v2\codegemma_7b\P0\terraform\question_0353.tf'...
[*] Evaluando regla 'empty_password' en archivo 'C:\Users\erick\OneDrive\Escritorio\New folder\secllm_terraform_integration\research_iac\integration\outputs_v2\codegemma_7b\P0\terraform\question_0353.tf'...
[*] Evaluando regla 'admin_by_default' en archivo 'C:\Users\erick\OneDrive\Escritorio\New folder\secllm_terraform_integration\research_iac\integration\outputs_v2\codegemma_7b\P0\terraform\question_0353.tf'...
[*] Evaluando regla 'unrestricted_ip_address' en archivo 'C:\Users\erick\OneDrive\Escritorio\New folder\secllm_terraform_integration\research_iac\integration\outputs_v2\codegemma_7b\P0\terraform\question_0353.tf'...
[*] Evaluando regla 'use_of_http_without_tls' en archivo 'C:\Users\erick\OneDrive\Escritorio\New folder\secllm_terraform_integration\research_iac\integration\outputs_v2\codegemma_7b\P0\terraform\question_0353.tf'...
[*] Evaluando regla 'no_integrity_check' en archivo 'C:\Users\erick\OneDrive\Escritorio\New folder\secllm_terraform_integration\research_iac\integration\outputs_v2\codegemma_7b\P0\terraform\question_0353.tf'...
[*] Evaluando regla 'use_of_weak_cryptography' en archivo 'C:\Users\erick\OneDrive\Escritorio\New folder\secllm_terraform_integration\research_iac\integration\outputs_v2\codegemma_7b\P0\terraform\question_0353.tf'...
[*] Evaluando regla 'suspicious_comment' en archivo 'C:\Users\erick\OneDrive\Escritorio\New folder\secllm_terraform_integration\research_iac\integration\outputs_v2\codegemma_7b\P0\terraform\question_0353.tf'...
[Cache] Cache saved to cache.pkl (2608 entries)
[Cache] Cache saved to cache.pkl (2608 entries)
[2026-07-12 20:26:09]   auditando question_0361.tf (con qwen25-coder-audit)...
Configuration loaded from cache_config.yaml
[Cache] Cache loaded from cache.pkl with 2608 entries (saved at 2026-07-12 20:26:07)
[Cache] Cache initialized with TTL=-1s, max_entries=-1
[*] Evaluando regla 'hard_coded_secret' en archivo 'C:\Users\erick\OneDrive\Escritorio\New folder\secllm_terraform_integration\research_iac\integration\outputs_v2\codegemma_7b\P0\terraform\question_0361.tf'...
[*] Evaluando regla 'empty_password' en archivo 'C:\Users\erick\OneDrive\Escritorio\New folder\secllm_terraform_integration\research_iac\integration\outputs_v2\codegemma_7b\P0\terraform\question_0361.tf'...
[*] Evaluando regla 'admin_by_default' en archivo 'C:\Users\erick\OneDrive\Escritorio\New folder\secllm_terraform_integration\research_iac\integration\outputs_v2\codegemma_7b\P0\terraform\question_0361.tf'...
[*] Evaluando regla 'unrestricted_ip_address' en archivo 'C:\Users\erick\OneDrive\Escritorio\New folder\secllm_terraform_integration\research_iac\integration\outputs_v2\codegemma_7b\P0\terraform\question_0361.tf'...
[*] Evaluando regla 'use_of_http_without_tls' en archivo 'C:\Users\erick\OneDrive\Escritorio\New folder\secllm_terraform_integration\research_iac\integration\outputs_v2\codegemma_7b\P0\terraform\question_0361.tf'...
[*] Evaluando regla 'no_integrity_check' en archivo 'C:\Users\erick\OneDrive\Escritorio\New folder\secllm_terraform_integration\research_iac\integration\outputs_v2\codegemma_7b\P0\terraform\question_0361.tf'...
[*] Evaluando regla 'use_of_weak_cryptography' en archivo 'C:\Users\erick\OneDrive\Escritorio\New folder\secllm_terraform_integration\research_iac\integration\outputs_v2\codegemma_7b\P0\terraform\question_0361.tf'...
[*] Evaluando regla 'suspicious_comment' en archivo 'C:\Users\erick\OneDrive\Escritorio\New folder\secllm_terraform_integration\research_iac\integration\outputs_v2\codegemma_7b\P0\terraform\question_0361.tf'...
[Cache] Cache saved to cache.pkl (2616 entries)
[Cache] Cache saved to cache.pkl (2616 entries)
[2026-07-12 20:26:38]   auditando question_0362.tf (con qwen25-coder-audit)...
Configuration loaded from cache_config.yaml
[Cache] Cache loaded from cache.pkl with 2616 entries (saved at 2026-07-12 20:26:37)
[Cache] Cache initialized with TTL=-1s, max_entries=-1
[*] Evaluando regla 'hard_coded_secret' en archivo 'C:\Users\erick\OneDrive\Escritorio\New folder\secllm_terraform_integration\research_iac\integration\outputs_v2\codegemma_7b\P0\terraform\question_0362.tf'...
[*] Evaluando regla 'empty_password' en archivo 'C:\Users\erick\OneDrive\Escritorio\New folder\secllm_terraform_integration\research_iac\integration\outputs_v2\codegemma_7b\P0\terraform\question_0362.tf'...
[*] Evaluando regla 'admin_by_default' en archivo 'C:\Users\erick\OneDrive\Escritorio\New folder\secllm_terraform_integration\research_iac\integration\outputs_v2\codegemma_7b\P0\terraform\question_0362.tf'...
[*] Evaluando regla 'unrestricted_ip_address' en archivo 'C:\Users\erick\OneDrive\Escritorio\New folder\secllm_terraform_integration\research_iac\integration\outputs_v2\codegemma_7b\P0\terraform\question_0362.tf'...
[*] Evaluando regla 'use_of_http_without_tls' en archivo 'C:\Users\erick\OneDrive\Escritorio\New folder\secllm_terraform_integration\research_iac\integration\outputs_v2\codegemma_7b\P0\terraform\question_0362.tf'...
[*] Evaluando regla 'no_integrity_check' en archivo 'C:\Users\erick\OneDrive\Escritorio\New folder\secllm_terraform_integration\research_iac\integration\outputs_v2\codegemma_7b\P0\terraform\question_0362.tf'...
[*] Evaluando regla 'use_of_weak_cryptography' en archivo 'C:\Users\erick\OneDrive\Escritorio\New folder\secllm_terraform_integration\research_iac\integration\outputs_v2\codegemma_7b\P0\terraform\question_0362.tf'...
[*] Evaluando regla 'suspicious_comment' en archivo 'C:\Users\erick\OneDrive\Escritorio\New folder\secllm_terraform_integration\research_iac\integration\outputs_v2\codegemma_7b\P0\terraform\question_0362.tf'...
[Cache] Cache saved to cache.pkl (2624 entries)
[Cache] Cache saved to cache.pkl (2624 entries)
[2026-07-12 20:27:08]   auditando question_0375.tf (con qwen25-coder-audit)...
Configuration loaded from cache_config.yaml
[Cache] Cache loaded from cache.pkl with 2624 entries (saved at 2026-07-12 20:27:07)
[Cache] Cache initialized with TTL=-1s, max_entries=-1
[*] Evaluando regla 'hard_coded_secret' en archivo 'C:\Users\erick\OneDrive\Escritorio\New folder\secllm_terraform_integration\research_iac\integration\outputs_v2\codegemma_7b\P0\terraform\question_0375.tf'...
[*] Evaluando regla 'empty_password' en archivo 'C:\Users\erick\OneDrive\Escritorio\New folder\secllm_terraform_integration\research_iac\integration\outputs_v2\codegemma_7b\P0\terraform\question_0375.tf'...
[*] Evaluando regla 'admin_by_default' en archivo 'C:\Users\erick\OneDrive\Escritorio\New folder\secllm_terraform_integration\research_iac\integration\outputs_v2\codegemma_7b\P0\terraform\question_0375.tf'...
[*] Evaluando regla 'unrestricted_ip_address' en archivo 'C:\Users\erick\OneDrive\Escritorio\New folder\secllm_terraform_integration\research_iac\integration\outputs_v2\codegemma_7b\P0\terraform\question_0375.tf'...
[*] Evaluando regla 'use_of_http_without_tls' en archivo 'C:\Users\erick\OneDrive\Escritorio\New folder\secllm_terraform_integration\research_iac\integration\outputs_v2\codegemma_7b\P0\terraform\question_0375.tf'...
[*] Evaluando regla 'no_integrity_check' en archivo 'C:\Users\erick\OneDrive\Escritorio\New folder\secllm_terraform_integration\research_iac\integration\outputs_v2\codegemma_7b\P0\terraform\question_0375.tf'...
[*] Evaluando regla 'use_of_weak_cryptography' en archivo 'C:\Users\erick\OneDrive\Escritorio\New folder\secllm_terraform_integration\research_iac\integration\outputs_v2\codegemma_7b\P0\terraform\question_0375.tf'...
[*] Evaluando regla 'suspicious_comment' en archivo 'C:\Users\erick\OneDrive\Escritorio\New folder\secllm_terraform_integration\research_iac\integration\outputs_v2\codegemma_7b\P0\terraform\question_0375.tf'...
[Cache] Cache saved to cache.pkl (2632 entries)
[Cache] Cache saved to cache.pkl (2632 entries)
[2026-07-12 20:27:59]   auditando question_0400.tf (con qwen25-coder-audit)...
Configuration loaded from cache_config.yaml
[Cache] Cache loaded from cache.pkl with 2632 entries (saved at 2026-07-12 20:27:57)
[Cache] Cache initialized with TTL=-1s, max_entries=-1
[*] Evaluando regla 'hard_coded_secret' en archivo 'C:\Users\erick\OneDrive\Escritorio\New folder\secllm_terraform_integration\research_iac\integration\outputs_v2\codegemma_7b\P0\terraform\question_0400.tf'...
[*] Evaluando regla 'empty_password' en archivo 'C:\Users\erick\OneDrive\Escritorio\New folder\secllm_terraform_integration\research_iac\integration\outputs_v2\codegemma_7b\P0\terraform\question_0400.tf'...
[*] Evaluando regla 'admin_by_default' en archivo 'C:\Users\erick\OneDrive\Escritorio\New folder\secllm_terraform_integration\research_iac\integration\outputs_v2\codegemma_7b\P0\terraform\question_0400.tf'...
[*] Evaluando regla 'unrestricted_ip_address' en archivo 'C:\Users\erick\OneDrive\Escritorio\New folder\secllm_terraform_integration\research_iac\integration\outputs_v2\codegemma_7b\P0\terraform\question_0400.tf'...
[*] Evaluando regla 'use_of_http_without_tls' en archivo 'C:\Users\erick\OneDrive\Escritorio\New folder\secllm_terraform_integration\research_iac\integration\outputs_v2\codegemma_7b\P0\terraform\question_0400.tf'...
[*] Evaluando regla 'no_integrity_check' en archivo 'C:\Users\erick\OneDrive\Escritorio\New folder\secllm_terraform_integration\research_iac\integration\outputs_v2\codegemma_7b\P0\terraform\question_0400.tf'...
[*] Evaluando regla 'use_of_weak_cryptography' en archivo 'C:\Users\erick\OneDrive\Escritorio\New folder\secllm_terraform_integration\research_iac\integration\outputs_v2\codegemma_7b\P0\terraform\question_0400.tf'...
[*] Evaluando regla 'suspicious_comment' en archivo 'C:\Users\erick\OneDrive\Escritorio\New folder\secllm_terraform_integration\research_iac\integration\outputs_v2\codegemma_7b\P0\terraform\question_0400.tf'...
[Cache] Cache saved to cache.pkl (2640 entries)
[Cache] Cache saved to cache.pkl (2640 entries)
[2026-07-12 20:28:30]   auditando question_0415.tf (con qwen25-coder-audit)...
Configuration loaded from cache_config.yaml
[Cache] Cache loaded from cache.pkl with 2640 entries (saved at 2026-07-12 20:28:28)
[Cache] Cache initialized with TTL=-1s, max_entries=-1
[*] Evaluando regla 'hard_coded_secret' en archivo 'C:\Users\erick\OneDrive\Escritorio\New folder\secllm_terraform_integration\research_iac\integration\outputs_v2\codegemma_7b\P0\terraform\question_0415.tf'...
[*] Evaluando regla 'empty_password' en archivo 'C:\Users\erick\OneDrive\Escritorio\New folder\secllm_terraform_integration\research_iac\integration\outputs_v2\codegemma_7b\P0\terraform\question_0415.tf'...
[*] Evaluando regla 'admin_by_default' en archivo 'C:\Users\erick\OneDrive\Escritorio\New folder\secllm_terraform_integration\research_iac\integration\outputs_v2\codegemma_7b\P0\terraform\question_0415.tf'...
[*] Evaluando regla 'unrestricted_ip_address' en archivo 'C:\Users\erick\OneDrive\Escritorio\New folder\secllm_terraform_integration\research_iac\integration\outputs_v2\codegemma_7b\P0\terraform\question_0415.tf'...
[*] Evaluando regla 'use_of_http_without_tls' en archivo 'C:\Users\erick\OneDrive\Escritorio\New folder\secllm_terraform_integration\research_iac\integration\outputs_v2\codegemma_7b\P0\terraform\question_0415.tf'...
[*] Evaluando regla 'no_integrity_check' en archivo 'C:\Users\erick\OneDrive\Escritorio\New folder\secllm_terraform_integration\research_iac\integration\outputs_v2\codegemma_7b\P0\terraform\question_0415.tf'...
[*] Evaluando regla 'use_of_weak_cryptography' en archivo 'C:\Users\erick\OneDrive\Escritorio\New folder\secllm_terraform_integration\research_iac\integration\outputs_v2\codegemma_7b\P0\terraform\question_0415.tf'...
[*] Evaluando regla 'suspicious_comment' en archivo 'C:\Users\erick\OneDrive\Escritorio\New folder\secllm_terraform_integration\research_iac\integration\outputs_v2\codegemma_7b\P0\terraform\question_0415.tf'...
[Cache] Cache saved to cache.pkl (2648 entries)
[Cache] Cache saved to cache.pkl (2648 entries)
[2026-07-12 20:29:01]   auditando question_0422.tf (con qwen25-coder-audit)...
Configuration loaded from cache_config.yaml
[Cache] Cache loaded from cache.pkl with 2648 entries (saved at 2026-07-12 20:28:59)
[Cache] Cache initialized with TTL=-1s, max_entries=-1
[*] Evaluando regla 'hard_coded_secret' en archivo 'C:\Users\erick\OneDrive\Escritorio\New folder\secllm_terraform_integration\research_iac\integration\outputs_v2\codegemma_7b\P0\terraform\question_0422.tf'...
[*] Evaluando regla 'empty_password' en archivo 'C:\Users\erick\OneDrive\Escritorio\New folder\secllm_terraform_integration\research_iac\integration\outputs_v2\codegemma_7b\P0\terraform\question_0422.tf'...
[*] Evaluando regla 'admin_by_default' en archivo 'C:\Users\erick\OneDrive\Escritorio\New folder\secllm_terraform_integration\research_iac\integration\outputs_v2\codegemma_7b\P0\terraform\question_0422.tf'...
[*] Evaluando regla 'unrestricted_ip_address' en archivo 'C:\Users\erick\OneDrive\Escritorio\New folder\secllm_terraform_integration\research_iac\integration\outputs_v2\codegemma_7b\P0\terraform\question_0422.tf'...
[*] Evaluando regla 'use_of_http_without_tls' en archivo 'C:\Users\erick\OneDrive\Escritorio\New folder\secllm_terraform_integration\research_iac\integration\outputs_v2\codegemma_7b\P0\terraform\question_0422.tf'...
[*] Evaluando regla 'no_integrity_check' en archivo 'C:\Users\erick\OneDrive\Escritorio\New folder\secllm_terraform_integration\research_iac\integration\outputs_v2\codegemma_7b\P0\terraform\question_0422.tf'...
[*] Evaluando regla 'use_of_weak_cryptography' en archivo 'C:\Users\erick\OneDrive\Escritorio\New folder\secllm_terraform_integration\research_iac\integration\outputs_v2\codegemma_7b\P0\terraform\question_0422.tf'...
[*] Evaluando regla 'suspicious_comment' en archivo 'C:\Users\erick\OneDrive\Escritorio\New folder\secllm_terraform_integration\research_iac\integration\outputs_v2\codegemma_7b\P0\terraform\question_0422.tf'...
[Cache] Cache saved to cache.pkl (2656 entries)
[Cache] Cache saved to cache.pkl (2656 entries)
[2026-07-12 20:29:33] --- codegemma:7b [P1]: Auditor?a con auditor externo 'qwen25-coder-audit' ---
[2026-07-12 20:29:33]   auditando question_0000.tf (con qwen25-coder-audit)...
Configuration loaded from cache_config.yaml
[Cache] Cache loaded from cache.pkl with 2656 entries (saved at 2026-07-12 20:29:31)
[Cache] Cache initialized with TTL=-1s, max_entries=-1
[*] Evaluando regla 'hard_coded_secret' en archivo 'C:\Users\erick\OneDrive\Escritorio\New folder\secllm_terraform_integration\research_iac\integration\outputs_v2\codegemma_7b\P1\terraform\question_0000.tf'...
[*] Evaluando regla 'empty_password' en archivo 'C:\Users\erick\OneDrive\Escritorio\New folder\secllm_terraform_integration\research_iac\integration\outputs_v2\codegemma_7b\P1\terraform\question_0000.tf'...
[*] Evaluando regla 'admin_by_default' en archivo 'C:\Users\erick\OneDrive\Escritorio\New folder\secllm_terraform_integration\research_iac\integration\outputs_v2\codegemma_7b\P1\terraform\question_0000.tf'...
[*] Evaluando regla 'unrestricted_ip_address' en archivo 'C:\Users\erick\OneDrive\Escritorio\New folder\secllm_terraform_integration\research_iac\integration\outputs_v2\codegemma_7b\P1\terraform\question_0000.tf'...
[*] Evaluando regla 'use_of_http_without_tls' en archivo 'C:\Users\erick\OneDrive\Escritorio\New folder\secllm_terraform_integration\research_iac\integration\outputs_v2\codegemma_7b\P1\terraform\question_0000.tf'...
[*] Evaluando regla 'no_integrity_check' en archivo 'C:\Users\erick\OneDrive\Escritorio\New folder\secllm_terraform_integration\research_iac\integration\outputs_v2\codegemma_7b\P1\terraform\question_0000.tf'...
[*] Evaluando regla 'use_of_weak_cryptography' en archivo 'C:\Users\erick\OneDrive\Escritorio\New folder\secllm_terraform_integration\research_iac\integration\outputs_v2\codegemma_7b\P1\terraform\question_0000.tf'...
[*] Evaluando regla 'suspicious_comment' en archivo 'C:\Users\erick\OneDrive\Escritorio\New folder\secllm_terraform_integration\research_iac\integration\outputs_v2\codegemma_7b\P1\terraform\question_0000.tf'...
[Cache] Cache saved to cache.pkl (2664 entries)
[Cache] Cache saved to cache.pkl (2664 entries)
[2026-07-12 20:30:09]   auditando question_0003.tf (con qwen25-coder-audit)...
Configuration loaded from cache_config.yaml
[Cache] Cache loaded from cache.pkl with 2664 entries (saved at 2026-07-12 20:30:07)
[Cache] Cache initialized with TTL=-1s, max_entries=-1
[*] Evaluando regla 'hard_coded_secret' en archivo 'C:\Users\erick\OneDrive\Escritorio\New folder\secllm_terraform_integration\research_iac\integration\outputs_v2\codegemma_7b\P1\terraform\question_0003.tf'...
[*] Evaluando regla 'empty_password' en archivo 'C:\Users\erick\OneDrive\Escritorio\New folder\secllm_terraform_integration\research_iac\integration\outputs_v2\codegemma_7b\P1\terraform\question_0003.tf'...
[*] Evaluando regla 'admin_by_default' en archivo 'C:\Users\erick\OneDrive\Escritorio\New folder\secllm_terraform_integration\research_iac\integration\outputs_v2\codegemma_7b\P1\terraform\question_0003.tf'...
[*] Evaluando regla 'unrestricted_ip_address' en archivo 'C:\Users\erick\OneDrive\Escritorio\New folder\secllm_terraform_integration\research_iac\integration\outputs_v2\codegemma_7b\P1\terraform\question_0003.tf'...
[*] Evaluando regla 'use_of_http_without_tls' en archivo 'C:\Users\erick\OneDrive\Escritorio\New folder\secllm_terraform_integration\research_iac\integration\outputs_v2\codegemma_7b\P1\terraform\question_0003.tf'...
[*] Evaluando regla 'no_integrity_check' en archivo 'C:\Users\erick\OneDrive\Escritorio\New folder\secllm_terraform_integration\research_iac\integration\outputs_v2\codegemma_7b\P1\terraform\question_0003.tf'...
[*] Evaluando regla 'use_of_weak_cryptography' en archivo 'C:\Users\erick\OneDrive\Escritorio\New folder\secllm_terraform_integration\research_iac\integration\outputs_v2\codegemma_7b\P1\terraform\question_0003.tf'...
[*] Evaluando regla 'suspicious_comment' en archivo 'C:\Users\erick\OneDrive\Escritorio\New folder\secllm_terraform_integration\research_iac\integration\outputs_v2\codegemma_7b\P1\terraform\question_0003.tf'...
[Cache] Cache saved to cache.pkl (2672 entries)
[Cache] Cache saved to cache.pkl (2672 entries)
[2026-07-12 20:31:00]   auditando question_0005.tf (con qwen25-coder-audit)...
Configuration loaded from cache_config.yaml
[Cache] Cache loaded from cache.pkl with 2672 entries (saved at 2026-07-12 20:30:58)
[Cache] Cache initialized with TTL=-1s, max_entries=-1
[*] Evaluando regla 'hard_coded_secret' en archivo 'C:\Users\erick\OneDrive\Escritorio\New folder\secllm_terraform_integration\research_iac\integration\outputs_v2\codegemma_7b\P1\terraform\question_0005.tf'...
[*] Evaluando regla 'empty_password' en archivo 'C:\Users\erick\OneDrive\Escritorio\New folder\secllm_terraform_integration\research_iac\integration\outputs_v2\codegemma_7b\P1\terraform\question_0005.tf'...
[*] Evaluando regla 'admin_by_default' en archivo 'C:\Users\erick\OneDrive\Escritorio\New folder\secllm_terraform_integration\research_iac\integration\outputs_v2\codegemma_7b\P1\terraform\question_0005.tf'...
[*] Evaluando regla 'unrestricted_ip_address' en archivo 'C:\Users\erick\OneDrive\Escritorio\New folder\secllm_terraform_integration\research_iac\integration\outputs_v2\codegemma_7b\P1\terraform\question_0005.tf'...
[*] Evaluando regla 'use_of_http_without_tls' en archivo 'C:\Users\erick\OneDrive\Escritorio\New folder\secllm_terraform_integration\research_iac\integration\outputs_v2\codegemma_7b\P1\terraform\question_0005.tf'...
[*] Evaluando regla 'no_integrity_check' en archivo 'C:\Users\erick\OneDrive\Escritorio\New folder\secllm_terraform_integration\research_iac\integration\outputs_v2\codegemma_7b\P1\terraform\question_0005.tf'...
[*] Evaluando regla 'use_of_weak_cryptography' en archivo 'C:\Users\erick\OneDrive\Escritorio\New folder\secllm_terraform_integration\research_iac\integration\outputs_v2\codegemma_7b\P1\terraform\question_0005.tf'...
[*] Evaluando regla 'suspicious_comment' en archivo 'C:\Users\erick\OneDrive\Escritorio\New folder\secllm_terraform_integration\research_iac\integration\outputs_v2\codegemma_7b\P1\terraform\question_0005.tf'...
[Cache] Cache saved to cache.pkl (2680 entries)
[Cache] Cache saved to cache.pkl (2680 entries)
[2026-07-12 20:31:57]   auditando question_0012.tf (con qwen25-coder-audit)...
Configuration loaded from cache_config.yaml
[Cache] Cache loaded from cache.pkl with 2680 entries (saved at 2026-07-12 20:31:55)
[Cache] Cache initialized with TTL=-1s, max_entries=-1
[*] Evaluando regla 'hard_coded_secret' en archivo 'C:\Users\erick\OneDrive\Escritorio\New folder\secllm_terraform_integration\research_iac\integration\outputs_v2\codegemma_7b\P1\terraform\question_0012.tf'...
[*] Evaluando regla 'empty_password' en archivo 'C:\Users\erick\OneDrive\Escritorio\New folder\secllm_terraform_integration\research_iac\integration\outputs_v2\codegemma_7b\P1\terraform\question_0012.tf'...
[*] Evaluando regla 'admin_by_default' en archivo 'C:\Users\erick\OneDrive\Escritorio\New folder\secllm_terraform_integration\research_iac\integration\outputs_v2\codegemma_7b\P1\terraform\question_0012.tf'...
[*] Evaluando regla 'unrestricted_ip_address' en archivo 'C:\Users\erick\OneDrive\Escritorio\New folder\secllm_terraform_integration\research_iac\integration\outputs_v2\codegemma_7b\P1\terraform\question_0012.tf'...
[*] Evaluando regla 'use_of_http_without_tls' en archivo 'C:\Users\erick\OneDrive\Escritorio\New folder\secllm_terraform_integration\research_iac\integration\outputs_v2\codegemma_7b\P1\terraform\question_0012.tf'...
[*] Evaluando regla 'no_integrity_check' en archivo 'C:\Users\erick\OneDrive\Escritorio\New folder\secllm_terraform_integration\research_iac\integration\outputs_v2\codegemma_7b\P1\terraform\question_0012.tf'...
[*] Evaluando regla 'use_of_weak_cryptography' en archivo 'C:\Users\erick\OneDrive\Escritorio\New folder\secllm_terraform_integration\research_iac\integration\outputs_v2\codegemma_7b\P1\terraform\question_0012.tf'...
[*] Evaluando regla 'suspicious_comment' en archivo 'C:\Users\erick\OneDrive\Escritorio\New folder\secllm_terraform_integration\research_iac\integration\outputs_v2\codegemma_7b\P1\terraform\question_0012.tf'...
[Cache] Cache saved to cache.pkl (2688 entries)
[Cache] Cache saved to cache.pkl (2688 entries)
[2026-07-12 20:32:52]   auditando question_0018.tf (con qwen25-coder-audit)...
Configuration loaded from cache_config.yaml
[Cache] Cache loaded from cache.pkl with 2688 entries (saved at 2026-07-12 20:32:50)
[Cache] Cache initialized with TTL=-1s, max_entries=-1
[*] Evaluando regla 'hard_coded_secret' en archivo 'C:\Users\erick\OneDrive\Escritorio\New folder\secllm_terraform_integration\research_iac\integration\outputs_v2\codegemma_7b\P1\terraform\question_0018.tf'...
[*] Evaluando regla 'empty_password' en archivo 'C:\Users\erick\OneDrive\Escritorio\New folder\secllm_terraform_integration\research_iac\integration\outputs_v2\codegemma_7b\P1\terraform\question_0018.tf'...
[*] Evaluando regla 'admin_by_default' en archivo 'C:\Users\erick\OneDrive\Escritorio\New folder\secllm_terraform_integration\research_iac\integration\outputs_v2\codegemma_7b\P1\terraform\question_0018.tf'...
[*] Evaluando regla 'unrestricted_ip_address' en archivo 'C:\Users\erick\OneDrive\Escritorio\New folder\secllm_terraform_integration\research_iac\integration\outputs_v2\codegemma_7b\P1\terraform\question_0018.tf'...
[*] Evaluando regla 'use_of_http_without_tls' en archivo 'C:\Users\erick\OneDrive\Escritorio\New folder\secllm_terraform_integration\research_iac\integration\outputs_v2\codegemma_7b\P1\terraform\question_0018.tf'...
[*] Evaluando regla 'no_integrity_check' en archivo 'C:\Users\erick\OneDrive\Escritorio\New folder\secllm_terraform_integration\research_iac\integration\outputs_v2\codegemma_7b\P1\terraform\question_0018.tf'...
[*] Evaluando regla 'use_of_weak_cryptography' en archivo 'C:\Users\erick\OneDrive\Escritorio\New folder\secllm_terraform_integration\research_iac\integration\outputs_v2\codegemma_7b\P1\terraform\question_0018.tf'...
[*] Evaluando regla 'suspicious_comment' en archivo 'C:\Users\erick\OneDrive\Escritorio\New folder\secllm_terraform_integration\research_iac\integration\outputs_v2\codegemma_7b\P1\terraform\question_0018.tf'...
[Cache] Cache saved to cache.pkl (2696 entries)
[Cache] Cache saved to cache.pkl (2696 entries)
[2026-07-12 20:33:23]   auditando question_0020.tf (con qwen25-coder-audit)...
Configuration loaded from cache_config.yaml
[Cache] Cache loaded from cache.pkl with 2696 entries (saved at 2026-07-12 20:33:21)
[Cache] Cache initialized with TTL=-1s, max_entries=-1
[*] Evaluando regla 'hard_coded_secret' en archivo 'C:\Users\erick\OneDrive\Escritorio\New folder\secllm_terraform_integration\research_iac\integration\outputs_v2\codegemma_7b\P1\terraform\question_0020.tf'...
[*] Evaluando regla 'empty_password' en archivo 'C:\Users\erick\OneDrive\Escritorio\New folder\secllm_terraform_integration\research_iac\integration\outputs_v2\codegemma_7b\P1\terraform\question_0020.tf'...
[*] Evaluando regla 'admin_by_default' en archivo 'C:\Users\erick\OneDrive\Escritorio\New folder\secllm_terraform_integration\research_iac\integration\outputs_v2\codegemma_7b\P1\terraform\question_0020.tf'...
[*] Evaluando regla 'unrestricted_ip_address' en archivo 'C:\Users\erick\OneDrive\Escritorio\New folder\secllm_terraform_integration\research_iac\integration\outputs_v2\codegemma_7b\P1\terraform\question_0020.tf'...
[*] Evaluando regla 'use_of_http_without_tls' en archivo 'C:\Users\erick\OneDrive\Escritorio\New folder\secllm_terraform_integration\research_iac\integration\outputs_v2\codegemma_7b\P1\terraform\question_0020.tf'...
[*] Evaluando regla 'no_integrity_check' en archivo 'C:\Users\erick\OneDrive\Escritorio\New folder\secllm_terraform_integration\research_iac\integration\outputs_v2\codegemma_7b\P1\terraform\question_0020.tf'...
[*] Evaluando regla 'use_of_weak_cryptography' en archivo 'C:\Users\erick\OneDrive\Escritorio\New folder\secllm_terraform_integration\research_iac\integration\outputs_v2\codegemma_7b\P1\terraform\question_0020.tf'...
[*] Evaluando regla 'suspicious_comment' en archivo 'C:\Users\erick\OneDrive\Escritorio\New folder\secllm_terraform_integration\research_iac\integration\outputs_v2\codegemma_7b\P1\terraform\question_0020.tf'...
[Cache] Cache saved to cache.pkl (2704 entries)
[Cache] Cache saved to cache.pkl (2704 entries)
[2026-07-12 20:33:54]   auditando question_0024.tf (con qwen25-coder-audit)...
Configuration loaded from cache_config.yaml
[Cache] Cache loaded from cache.pkl with 2704 entries (saved at 2026-07-12 20:33:52)
[Cache] Cache initialized with TTL=-1s, max_entries=-1
[*] Evaluando regla 'hard_coded_secret' en archivo 'C:\Users\erick\OneDrive\Escritorio\New folder\secllm_terraform_integration\research_iac\integration\outputs_v2\codegemma_7b\P1\terraform\question_0024.tf'...
[*] Evaluando regla 'empty_password' en archivo 'C:\Users\erick\OneDrive\Escritorio\New folder\secllm_terraform_integration\research_iac\integration\outputs_v2\codegemma_7b\P1\terraform\question_0024.tf'...
[*] Evaluando regla 'admin_by_default' en archivo 'C:\Users\erick\OneDrive\Escritorio\New folder\secllm_terraform_integration\research_iac\integration\outputs_v2\codegemma_7b\P1\terraform\question_0024.tf'...
[*] Evaluando regla 'unrestricted_ip_address' en archivo 'C:\Users\erick\OneDrive\Escritorio\New folder\secllm_terraform_integration\research_iac\integration\outputs_v2\codegemma_7b\P1\terraform\question_0024.tf'...
[*] Evaluando regla 'use_of_http_without_tls' en archivo 'C:\Users\erick\OneDrive\Escritorio\New folder\secllm_terraform_integration\research_iac\integration\outputs_v2\codegemma_7b\P1\terraform\question_0024.tf'...
[*] Evaluando regla 'no_integrity_check' en archivo 'C:\Users\erick\OneDrive\Escritorio\New folder\secllm_terraform_integration\research_iac\integration\outputs_v2\codegemma_7b\P1\terraform\question_0024.tf'...
[*] Evaluando regla 'use_of_weak_cryptography' en archivo 'C:\Users\erick\OneDrive\Escritorio\New folder\secllm_terraform_integration\research_iac\integration\outputs_v2\codegemma_7b\P1\terraform\question_0024.tf'...
[*] Evaluando regla 'suspicious_comment' en archivo 'C:\Users\erick\OneDrive\Escritorio\New folder\secllm_terraform_integration\research_iac\integration\outputs_v2\codegemma_7b\P1\terraform\question_0024.tf'...
[Cache] Cache saved to cache.pkl (2712 entries)
[Cache] Cache saved to cache.pkl (2712 entries)
[2026-07-12 20:34:29]   auditando question_0038.tf (con qwen25-coder-audit)...
Configuration loaded from cache_config.yaml
[Cache] Cache loaded from cache.pkl with 2712 entries (saved at 2026-07-12 20:34:27)
[Cache] Cache initialized with TTL=-1s, max_entries=-1
[*] Evaluando regla 'hard_coded_secret' en archivo 'C:\Users\erick\OneDrive\Escritorio\New folder\secllm_terraform_integration\research_iac\integration\outputs_v2\codegemma_7b\P1\terraform\question_0038.tf'...
[*] Evaluando regla 'empty_password' en archivo 'C:\Users\erick\OneDrive\Escritorio\New folder\secllm_terraform_integration\research_iac\integration\outputs_v2\codegemma_7b\P1\terraform\question_0038.tf'...
[*] Evaluando regla 'admin_by_default' en archivo 'C:\Users\erick\OneDrive\Escritorio\New folder\secllm_terraform_integration\research_iac\integration\outputs_v2\codegemma_7b\P1\terraform\question_0038.tf'...
[*] Evaluando regla 'unrestricted_ip_address' en archivo 'C:\Users\erick\OneDrive\Escritorio\New folder\secllm_terraform_integration\research_iac\integration\outputs_v2\codegemma_7b\P1\terraform\question_0038.tf'...
[*] Evaluando regla 'use_of_http_without_tls' en archivo 'C:\Users\erick\OneDrive\Escritorio\New folder\secllm_terraform_integration\research_iac\integration\outputs_v2\codegemma_7b\P1\terraform\question_0038.tf'...
[*] Evaluando regla 'no_integrity_check' en archivo 'C:\Users\erick\OneDrive\Escritorio\New folder\secllm_terraform_integration\research_iac\integration\outputs_v2\codegemma_7b\P1\terraform\question_0038.tf'...
[*] Evaluando regla 'use_of_weak_cryptography' en archivo 'C:\Users\erick\OneDrive\Escritorio\New folder\secllm_terraform_integration\research_iac\integration\outputs_v2\codegemma_7b\P1\terraform\question_0038.tf'...
[*] Evaluando regla 'suspicious_comment' en archivo 'C:\Users\erick\OneDrive\Escritorio\New folder\secllm_terraform_integration\research_iac\integration\outputs_v2\codegemma_7b\P1\terraform\question_0038.tf'...
[Cache] Cache saved to cache.pkl (2720 entries)
[Cache] Cache saved to cache.pkl (2720 entries)
[2026-07-12 20:35:06]   auditando question_0051.tf (con qwen25-coder-audit)...
Configuration loaded from cache_config.yaml
[Cache] Cache loaded from cache.pkl with 2720 entries (saved at 2026-07-12 20:35:04)
[Cache] Cache initialized with TTL=-1s, max_entries=-1
[*] Evaluando regla 'hard_coded_secret' en archivo 'C:\Users\erick\OneDrive\Escritorio\New folder\secllm_terraform_integration\research_iac\integration\outputs_v2\codegemma_7b\P1\terraform\question_0051.tf'...
[*] Evaluando regla 'empty_password' en archivo 'C:\Users\erick\OneDrive\Escritorio\New folder\secllm_terraform_integration\research_iac\integration\outputs_v2\codegemma_7b\P1\terraform\question_0051.tf'...
[*] Evaluando regla 'admin_by_default' en archivo 'C:\Users\erick\OneDrive\Escritorio\New folder\secllm_terraform_integration\research_iac\integration\outputs_v2\codegemma_7b\P1\terraform\question_0051.tf'...
[*] Evaluando regla 'unrestricted_ip_address' en archivo 'C:\Users\erick\OneDrive\Escritorio\New folder\secllm_terraform_integration\research_iac\integration\outputs_v2\codegemma_7b\P1\terraform\question_0051.tf'...
[*] Evaluando regla 'use_of_http_without_tls' en archivo 'C:\Users\erick\OneDrive\Escritorio\New folder\secllm_terraform_integration\research_iac\integration\outputs_v2\codegemma_7b\P1\terraform\question_0051.tf'...
[*] Evaluando regla 'no_integrity_check' en archivo 'C:\Users\erick\OneDrive\Escritorio\New folder\secllm_terraform_integration\research_iac\integration\outputs_v2\codegemma_7b\P1\terraform\question_0051.tf'...
[*] Evaluando regla 'use_of_weak_cryptography' en archivo 'C:\Users\erick\OneDrive\Escritorio\New folder\secllm_terraform_integration\research_iac\integration\outputs_v2\codegemma_7b\P1\terraform\question_0051.tf'...
[*] Evaluando regla 'suspicious_comment' en archivo 'C:\Users\erick\OneDrive\Escritorio\New folder\secllm_terraform_integration\research_iac\integration\outputs_v2\codegemma_7b\P1\terraform\question_0051.tf'...
[Cache] Cache saved to cache.pkl (2728 entries)
[Cache] Cache saved to cache.pkl (2728 entries)
[2026-07-12 20:35:40]   auditando question_0064.tf (con qwen25-coder-audit)...
Configuration loaded from cache_config.yaml
[Cache] Cache loaded from cache.pkl with 2728 entries (saved at 2026-07-12 20:35:38)
[Cache] Cache initialized with TTL=-1s, max_entries=-1
[*] Evaluando regla 'hard_coded_secret' en archivo 'C:\Users\erick\OneDrive\Escritorio\New folder\secllm_terraform_integration\research_iac\integration\outputs_v2\codegemma_7b\P1\terraform\question_0064.tf'...
[*] Evaluando regla 'empty_password' en archivo 'C:\Users\erick\OneDrive\Escritorio\New folder\secllm_terraform_integration\research_iac\integration\outputs_v2\codegemma_7b\P1\terraform\question_0064.tf'...
[*] Evaluando regla 'admin_by_default' en archivo 'C:\Users\erick\OneDrive\Escritorio\New folder\secllm_terraform_integration\research_iac\integration\outputs_v2\codegemma_7b\P1\terraform\question_0064.tf'...
[*] Evaluando regla 'unrestricted_ip_address' en archivo 'C:\Users\erick\OneDrive\Escritorio\New folder\secllm_terraform_integration\research_iac\integration\outputs_v2\codegemma_7b\P1\terraform\question_0064.tf'...
[*] Evaluando regla 'use_of_http_without_tls' en archivo 'C:\Users\erick\OneDrive\Escritorio\New folder\secllm_terraform_integration\research_iac\integration\outputs_v2\codegemma_7b\P1\terraform\question_0064.tf'...
[*] Evaluando regla 'no_integrity_check' en archivo 'C:\Users\erick\OneDrive\Escritorio\New folder\secllm_terraform_integration\research_iac\integration\outputs_v2\codegemma_7b\P1\terraform\question_0064.tf'...
[*] Evaluando regla 'use_of_weak_cryptography' en archivo 'C:\Users\erick\OneDrive\Escritorio\New folder\secllm_terraform_integration\research_iac\integration\outputs_v2\codegemma_7b\P1\terraform\question_0064.tf'...
[*] Evaluando regla 'suspicious_comment' en archivo 'C:\Users\erick\OneDrive\Escritorio\New folder\secllm_terraform_integration\research_iac\integration\outputs_v2\codegemma_7b\P1\terraform\question_0064.tf'...
[Cache] Cache saved to cache.pkl (2736 entries)
[Cache] Cache saved to cache.pkl (2736 entries)
[2026-07-12 20:36:27]   auditando question_0073.tf (con qwen25-coder-audit)...
Configuration loaded from cache_config.yaml
[Cache] Cache loaded from cache.pkl with 2736 entries (saved at 2026-07-12 20:36:25)
[Cache] Cache initialized with TTL=-1s, max_entries=-1
[*] Evaluando regla 'hard_coded_secret' en archivo 'C:\Users\erick\OneDrive\Escritorio\New folder\secllm_terraform_integration\research_iac\integration\outputs_v2\codegemma_7b\P1\terraform\question_0073.tf'...
[*] Evaluando regla 'empty_password' en archivo 'C:\Users\erick\OneDrive\Escritorio\New folder\secllm_terraform_integration\research_iac\integration\outputs_v2\codegemma_7b\P1\terraform\question_0073.tf'...
[*] Evaluando regla 'admin_by_default' en archivo 'C:\Users\erick\OneDrive\Escritorio\New folder\secllm_terraform_integration\research_iac\integration\outputs_v2\codegemma_7b\P1\terraform\question_0073.tf'...
[*] Evaluando regla 'unrestricted_ip_address' en archivo 'C:\Users\erick\OneDrive\Escritorio\New folder\secllm_terraform_integration\research_iac\integration\outputs_v2\codegemma_7b\P1\terraform\question_0073.tf'...
[*] Evaluando regla 'use_of_http_without_tls' en archivo 'C:\Users\erick\OneDrive\Escritorio\New folder\secllm_terraform_integration\research_iac\integration\outputs_v2\codegemma_7b\P1\terraform\question_0073.tf'...
[*] Evaluando regla 'no_integrity_check' en archivo 'C:\Users\erick\OneDrive\Escritorio\New folder\secllm_terraform_integration\research_iac\integration\outputs_v2\codegemma_7b\P1\terraform\question_0073.tf'...
[*] Evaluando regla 'use_of_weak_cryptography' en archivo 'C:\Users\erick\OneDrive\Escritorio\New folder\secllm_terraform_integration\research_iac\integration\outputs_v2\codegemma_7b\P1\terraform\question_0073.tf'...
[*] Evaluando regla 'suspicious_comment' en archivo 'C:\Users\erick\OneDrive\Escritorio\New folder\secllm_terraform_integration\research_iac\integration\outputs_v2\codegemma_7b\P1\terraform\question_0073.tf'...
[Cache] Cache saved to cache.pkl (2744 entries)
[Cache] Cache saved to cache.pkl (2744 entries)
[2026-07-12 20:37:04]   auditando question_0075.tf (con qwen25-coder-audit)...
Configuration loaded from cache_config.yaml
[Cache] Cache loaded from cache.pkl with 2744 entries (saved at 2026-07-12 20:37:02)
[Cache] Cache initialized with TTL=-1s, max_entries=-1
[*] Evaluando regla 'hard_coded_secret' en archivo 'C:\Users\erick\OneDrive\Escritorio\New folder\secllm_terraform_integration\research_iac\integration\outputs_v2\codegemma_7b\P1\terraform\question_0075.tf'...
[*] Evaluando regla 'empty_password' en archivo 'C:\Users\erick\OneDrive\Escritorio\New folder\secllm_terraform_integration\research_iac\integration\outputs_v2\codegemma_7b\P1\terraform\question_0075.tf'...
[*] Evaluando regla 'admin_by_default' en archivo 'C:\Users\erick\OneDrive\Escritorio\New folder\secllm_terraform_integration\research_iac\integration\outputs_v2\codegemma_7b\P1\terraform\question_0075.tf'...
[*] Evaluando regla 'unrestricted_ip_address' en archivo 'C:\Users\erick\OneDrive\Escritorio\New folder\secllm_terraform_integration\research_iac\integration\outputs_v2\codegemma_7b\P1\terraform\question_0075.tf'...
[*] Evaluando regla 'use_of_http_without_tls' en archivo 'C:\Users\erick\OneDrive\Escritorio\New folder\secllm_terraform_integration\research_iac\integration\outputs_v2\codegemma_7b\P1\terraform\question_0075.tf'...
[*] Evaluando regla 'no_integrity_check' en archivo 'C:\Users\erick\OneDrive\Escritorio\New folder\secllm_terraform_integration\research_iac\integration\outputs_v2\codegemma_7b\P1\terraform\question_0075.tf'...
[*] Evaluando regla 'use_of_weak_cryptography' en archivo 'C:\Users\erick\OneDrive\Escritorio\New folder\secllm_terraform_integration\research_iac\integration\outputs_v2\codegemma_7b\P1\terraform\question_0075.tf'...
[*] Evaluando regla 'suspicious_comment' en archivo 'C:\Users\erick\OneDrive\Escritorio\New folder\secllm_terraform_integration\research_iac\integration\outputs_v2\codegemma_7b\P1\terraform\question_0075.tf'...
[Cache] Cache saved to cache.pkl (2752 entries)
[Cache] Cache saved to cache.pkl (2752 entries)
[2026-07-12 20:37:37]   auditando question_0080.tf (con qwen25-coder-audit)...
Configuration loaded from cache_config.yaml
[Cache] Cache loaded from cache.pkl with 2752 entries (saved at 2026-07-12 20:37:35)
[Cache] Cache initialized with TTL=-1s, max_entries=-1
[*] Evaluando regla 'hard_coded_secret' en archivo 'C:\Users\erick\OneDrive\Escritorio\New folder\secllm_terraform_integration\research_iac\integration\outputs_v2\codegemma_7b\P1\terraform\question_0080.tf'...
[*] Evaluando regla 'empty_password' en archivo 'C:\Users\erick\OneDrive\Escritorio\New folder\secllm_terraform_integration\research_iac\integration\outputs_v2\codegemma_7b\P1\terraform\question_0080.tf'...
[*] Evaluando regla 'admin_by_default' en archivo 'C:\Users\erick\OneDrive\Escritorio\New folder\secllm_terraform_integration\research_iac\integration\outputs_v2\codegemma_7b\P1\terraform\question_0080.tf'...
[*] Evaluando regla 'unrestricted_ip_address' en archivo 'C:\Users\erick\OneDrive\Escritorio\New folder\secllm_terraform_integration\research_iac\integration\outputs_v2\codegemma_7b\P1\terraform\question_0080.tf'...
[*] Evaluando regla 'use_of_http_without_tls' en archivo 'C:\Users\erick\OneDrive\Escritorio\New folder\secllm_terraform_integration\research_iac\integration\outputs_v2\codegemma_7b\P1\terraform\question_0080.tf'...
[*] Evaluando regla 'no_integrity_check' en archivo 'C:\Users\erick\OneDrive\Escritorio\New folder\secllm_terraform_integration\research_iac\integration\outputs_v2\codegemma_7b\P1\terraform\question_0080.tf'...
[*] Evaluando regla 'use_of_weak_cryptography' en archivo 'C:\Users\erick\OneDrive\Escritorio\New folder\secllm_terraform_integration\research_iac\integration\outputs_v2\codegemma_7b\P1\terraform\question_0080.tf'...
[*] Evaluando regla 'suspicious_comment' en archivo 'C:\Users\erick\OneDrive\Escritorio\New folder\secllm_terraform_integration\research_iac\integration\outputs_v2\codegemma_7b\P1\terraform\question_0080.tf'...
[Cache] Cache saved to cache.pkl (2760 entries)
[Cache] Cache saved to cache.pkl (2760 entries)
[2026-07-12 20:38:12]   auditando question_0132.tf (con qwen25-coder-audit)...
Configuration loaded from cache_config.yaml
[Cache] Cache loaded from cache.pkl with 2760 entries (saved at 2026-07-12 20:38:10)
[Cache] Cache initialized with TTL=-1s, max_entries=-1
[*] Evaluando regla 'hard_coded_secret' en archivo 'C:\Users\erick\OneDrive\Escritorio\New folder\secllm_terraform_integration\research_iac\integration\outputs_v2\codegemma_7b\P1\terraform\question_0132.tf'...
[*] Evaluando regla 'empty_password' en archivo 'C:\Users\erick\OneDrive\Escritorio\New folder\secllm_terraform_integration\research_iac\integration\outputs_v2\codegemma_7b\P1\terraform\question_0132.tf'...
[*] Evaluando regla 'admin_by_default' en archivo 'C:\Users\erick\OneDrive\Escritorio\New folder\secllm_terraform_integration\research_iac\integration\outputs_v2\codegemma_7b\P1\terraform\question_0132.tf'...
[*] Evaluando regla 'unrestricted_ip_address' en archivo 'C:\Users\erick\OneDrive\Escritorio\New folder\secllm_terraform_integration\research_iac\integration\outputs_v2\codegemma_7b\P1\terraform\question_0132.tf'...
[*] Evaluando regla 'use_of_http_without_tls' en archivo 'C:\Users\erick\OneDrive\Escritorio\New folder\secllm_terraform_integration\research_iac\integration\outputs_v2\codegemma_7b\P1\terraform\question_0132.tf'...
[*] Evaluando regla 'no_integrity_check' en archivo 'C:\Users\erick\OneDrive\Escritorio\New folder\secllm_terraform_integration\research_iac\integration\outputs_v2\codegemma_7b\P1\terraform\question_0132.tf'...
[*] Evaluando regla 'use_of_weak_cryptography' en archivo 'C:\Users\erick\OneDrive\Escritorio\New folder\secllm_terraform_integration\research_iac\integration\outputs_v2\codegemma_7b\P1\terraform\question_0132.tf'...
[*] Evaluando regla 'suspicious_comment' en archivo 'C:\Users\erick\OneDrive\Escritorio\New folder\secllm_terraform_integration\research_iac\integration\outputs_v2\codegemma_7b\P1\terraform\question_0132.tf'...
[Cache] Cache saved to cache.pkl (2768 entries)
[Cache] Cache saved to cache.pkl (2768 entries)
[2026-07-12 20:38:44]   auditando question_0141.tf (con qwen25-coder-audit)...
Configuration loaded from cache_config.yaml
[Cache] Cache loaded from cache.pkl with 2768 entries (saved at 2026-07-12 20:38:42)
[Cache] Cache initialized with TTL=-1s, max_entries=-1
[*] Evaluando regla 'hard_coded_secret' en archivo 'C:\Users\erick\OneDrive\Escritorio\New folder\secllm_terraform_integration\research_iac\integration\outputs_v2\codegemma_7b\P1\terraform\question_0141.tf'...
[*] Evaluando regla 'empty_password' en archivo 'C:\Users\erick\OneDrive\Escritorio\New folder\secllm_terraform_integration\research_iac\integration\outputs_v2\codegemma_7b\P1\terraform\question_0141.tf'...
[*] Evaluando regla 'admin_by_default' en archivo 'C:\Users\erick\OneDrive\Escritorio\New folder\secllm_terraform_integration\research_iac\integration\outputs_v2\codegemma_7b\P1\terraform\question_0141.tf'...
[*] Evaluando regla 'unrestricted_ip_address' en archivo 'C:\Users\erick\OneDrive\Escritorio\New folder\secllm_terraform_integration\research_iac\integration\outputs_v2\codegemma_7b\P1\terraform\question_0141.tf'...
[*] Evaluando regla 'use_of_http_without_tls' en archivo 'C:\Users\erick\OneDrive\Escritorio\New folder\secllm_terraform_integration\research_iac\integration\outputs_v2\codegemma_7b\P1\terraform\question_0141.tf'...
[*] Evaluando regla 'no_integrity_check' en archivo 'C:\Users\erick\OneDrive\Escritorio\New folder\secllm_terraform_integration\research_iac\integration\outputs_v2\codegemma_7b\P1\terraform\question_0141.tf'...
[*] Evaluando regla 'use_of_weak_cryptography' en archivo 'C:\Users\erick\OneDrive\Escritorio\New folder\secllm_terraform_integration\research_iac\integration\outputs_v2\codegemma_7b\P1\terraform\question_0141.tf'...
[*] Evaluando regla 'suspicious_comment' en archivo 'C:\Users\erick\OneDrive\Escritorio\New folder\secllm_terraform_integration\research_iac\integration\outputs_v2\codegemma_7b\P1\terraform\question_0141.tf'...
[Cache] Cache saved to cache.pkl (2776 entries)
[Cache] Cache saved to cache.pkl (2776 entries)
[2026-07-12 20:39:17]   auditando question_0153.tf (con qwen25-coder-audit)...
Configuration loaded from cache_config.yaml
[Cache] Cache loaded from cache.pkl with 2776 entries (saved at 2026-07-12 20:39:15)
[Cache] Cache initialized with TTL=-1s, max_entries=-1
[*] Evaluando regla 'hard_coded_secret' en archivo 'C:\Users\erick\OneDrive\Escritorio\New folder\secllm_terraform_integration\research_iac\integration\outputs_v2\codegemma_7b\P1\terraform\question_0153.tf'...
[*] Evaluando regla 'empty_password' en archivo 'C:\Users\erick\OneDrive\Escritorio\New folder\secllm_terraform_integration\research_iac\integration\outputs_v2\codegemma_7b\P1\terraform\question_0153.tf'...
[*] Evaluando regla 'admin_by_default' en archivo 'C:\Users\erick\OneDrive\Escritorio\New folder\secllm_terraform_integration\research_iac\integration\outputs_v2\codegemma_7b\P1\terraform\question_0153.tf'...
[*] Evaluando regla 'unrestricted_ip_address' en archivo 'C:\Users\erick\OneDrive\Escritorio\New folder\secllm_terraform_integration\research_iac\integration\outputs_v2\codegemma_7b\P1\terraform\question_0153.tf'...
[*] Evaluando regla 'use_of_http_without_tls' en archivo 'C:\Users\erick\OneDrive\Escritorio\New folder\secllm_terraform_integration\research_iac\integration\outputs_v2\codegemma_7b\P1\terraform\question_0153.tf'...
[*] Evaluando regla 'no_integrity_check' en archivo 'C:\Users\erick\OneDrive\Escritorio\New folder\secllm_terraform_integration\research_iac\integration\outputs_v2\codegemma_7b\P1\terraform\question_0153.tf'...
[*] Evaluando regla 'use_of_weak_cryptography' en archivo 'C:\Users\erick\OneDrive\Escritorio\New folder\secllm_terraform_integration\research_iac\integration\outputs_v2\codegemma_7b\P1\terraform\question_0153.tf'...
[*] Evaluando regla 'suspicious_comment' en archivo 'C:\Users\erick\OneDrive\Escritorio\New folder\secllm_terraform_integration\research_iac\integration\outputs_v2\codegemma_7b\P1\terraform\question_0153.tf'...
[Cache] Cache saved to cache.pkl (2784 entries)
[Cache] Cache saved to cache.pkl (2784 entries)
[2026-07-12 20:39:47]   auditando question_0180.tf (con qwen25-coder-audit)...
Configuration loaded from cache_config.yaml
[Cache] Cache loaded from cache.pkl with 2784 entries (saved at 2026-07-12 20:39:45)
[Cache] Cache initialized with TTL=-1s, max_entries=-1
[*] Evaluando regla 'hard_coded_secret' en archivo 'C:\Users\erick\OneDrive\Escritorio\New folder\secllm_terraform_integration\research_iac\integration\outputs_v2\codegemma_7b\P1\terraform\question_0180.tf'...
[*] Evaluando regla 'empty_password' en archivo 'C:\Users\erick\OneDrive\Escritorio\New folder\secllm_terraform_integration\research_iac\integration\outputs_v2\codegemma_7b\P1\terraform\question_0180.tf'...
[*] Evaluando regla 'admin_by_default' en archivo 'C:\Users\erick\OneDrive\Escritorio\New folder\secllm_terraform_integration\research_iac\integration\outputs_v2\codegemma_7b\P1\terraform\question_0180.tf'...
[*] Evaluando regla 'unrestricted_ip_address' en archivo 'C:\Users\erick\OneDrive\Escritorio\New folder\secllm_terraform_integration\research_iac\integration\outputs_v2\codegemma_7b\P1\terraform\question_0180.tf'...
[*] Evaluando regla 'use_of_http_without_tls' en archivo 'C:\Users\erick\OneDrive\Escritorio\New folder\secllm_terraform_integration\research_iac\integration\outputs_v2\codegemma_7b\P1\terraform\question_0180.tf'...
[*] Evaluando regla 'no_integrity_check' en archivo 'C:\Users\erick\OneDrive\Escritorio\New folder\secllm_terraform_integration\research_iac\integration\outputs_v2\codegemma_7b\P1\terraform\question_0180.tf'...
[*] Evaluando regla 'use_of_weak_cryptography' en archivo 'C:\Users\erick\OneDrive\Escritorio\New folder\secllm_terraform_integration\research_iac\integration\outputs_v2\codegemma_7b\P1\terraform\question_0180.tf'...
[*] Evaluando regla 'suspicious_comment' en archivo 'C:\Users\erick\OneDrive\Escritorio\New folder\secllm_terraform_integration\research_iac\integration\outputs_v2\codegemma_7b\P1\terraform\question_0180.tf'...
[Cache] Cache saved to cache.pkl (2792 entries)
[Cache] Cache saved to cache.pkl (2792 entries)
[2026-07-12 20:40:17]   auditando question_0186.tf (con qwen25-coder-audit)...
Configuration loaded from cache_config.yaml
[Cache] Cache loaded from cache.pkl with 2792 entries (saved at 2026-07-12 20:40:15)
[Cache] Cache initialized with TTL=-1s, max_entries=-1
[*] Evaluando regla 'hard_coded_secret' en archivo 'C:\Users\erick\OneDrive\Escritorio\New folder\secllm_terraform_integration\research_iac\integration\outputs_v2\codegemma_7b\P1\terraform\question_0186.tf'...
[*] Evaluando regla 'empty_password' en archivo 'C:\Users\erick\OneDrive\Escritorio\New folder\secllm_terraform_integration\research_iac\integration\outputs_v2\codegemma_7b\P1\terraform\question_0186.tf'...
[*] Evaluando regla 'admin_by_default' en archivo 'C:\Users\erick\OneDrive\Escritorio\New folder\secllm_terraform_integration\research_iac\integration\outputs_v2\codegemma_7b\P1\terraform\question_0186.tf'...
[*] Evaluando regla 'unrestricted_ip_address' en archivo 'C:\Users\erick\OneDrive\Escritorio\New folder\secllm_terraform_integration\research_iac\integration\outputs_v2\codegemma_7b\P1\terraform\question_0186.tf'...
[*] Evaluando regla 'use_of_http_without_tls' en archivo 'C:\Users\erick\OneDrive\Escritorio\New folder\secllm_terraform_integration\research_iac\integration\outputs_v2\codegemma_7b\P1\terraform\question_0186.tf'...
[*] Evaluando regla 'no_integrity_check' en archivo 'C:\Users\erick\OneDrive\Escritorio\New folder\secllm_terraform_integration\research_iac\integration\outputs_v2\codegemma_7b\P1\terraform\question_0186.tf'...
[*] Evaluando regla 'use_of_weak_cryptography' en archivo 'C:\Users\erick\OneDrive\Escritorio\New folder\secllm_terraform_integration\research_iac\integration\outputs_v2\codegemma_7b\P1\terraform\question_0186.tf'...
[*] Evaluando regla 'suspicious_comment' en archivo 'C:\Users\erick\OneDrive\Escritorio\New folder\secllm_terraform_integration\research_iac\integration\outputs_v2\codegemma_7b\P1\terraform\question_0186.tf'...
[Cache] Cache saved to cache.pkl (2800 entries)
[Cache] Cache saved to cache.pkl (2800 entries)
[2026-07-12 20:40:49]   auditando question_0190.tf (con qwen25-coder-audit)...
Configuration loaded from cache_config.yaml
[Cache] Cache loaded from cache.pkl with 2800 entries (saved at 2026-07-12 20:40:47)
[Cache] Cache initialized with TTL=-1s, max_entries=-1
[*] Evaluando regla 'hard_coded_secret' en archivo 'C:\Users\erick\OneDrive\Escritorio\New folder\secllm_terraform_integration\research_iac\integration\outputs_v2\codegemma_7b\P1\terraform\question_0190.tf'...
[*] Evaluando regla 'empty_password' en archivo 'C:\Users\erick\OneDrive\Escritorio\New folder\secllm_terraform_integration\research_iac\integration\outputs_v2\codegemma_7b\P1\terraform\question_0190.tf'...
[*] Evaluando regla 'admin_by_default' en archivo 'C:\Users\erick\OneDrive\Escritorio\New folder\secllm_terraform_integration\research_iac\integration\outputs_v2\codegemma_7b\P1\terraform\question_0190.tf'...
[*] Evaluando regla 'unrestricted_ip_address' en archivo 'C:\Users\erick\OneDrive\Escritorio\New folder\secllm_terraform_integration\research_iac\integration\outputs_v2\codegemma_7b\P1\terraform\question_0190.tf'...
[*] Evaluando regla 'use_of_http_without_tls' en archivo 'C:\Users\erick\OneDrive\Escritorio\New folder\secllm_terraform_integration\research_iac\integration\outputs_v2\codegemma_7b\P1\terraform\question_0190.tf'...
[*] Evaluando regla 'no_integrity_check' en archivo 'C:\Users\erick\OneDrive\Escritorio\New folder\secllm_terraform_integration\research_iac\integration\outputs_v2\codegemma_7b\P1\terraform\question_0190.tf'...
[*] Evaluando regla 'use_of_weak_cryptography' en archivo 'C:\Users\erick\OneDrive\Escritorio\New folder\secllm_terraform_integration\research_iac\integration\outputs_v2\codegemma_7b\P1\terraform\question_0190.tf'...
[*] Evaluando regla 'suspicious_comment' en archivo 'C:\Users\erick\OneDrive\Escritorio\New folder\secllm_terraform_integration\research_iac\integration\outputs_v2\codegemma_7b\P1\terraform\question_0190.tf'...
[Cache] Cache saved to cache.pkl (2808 entries)
[Cache] Cache saved to cache.pkl (2808 entries)
[2026-07-12 20:41:20]   auditando question_0201.tf (con qwen25-coder-audit)...
Configuration loaded from cache_config.yaml
[Cache] Cache loaded from cache.pkl with 2808 entries (saved at 2026-07-12 20:41:18)
[Cache] Cache initialized with TTL=-1s, max_entries=-1
[*] Evaluando regla 'hard_coded_secret' en archivo 'C:\Users\erick\OneDrive\Escritorio\New folder\secllm_terraform_integration\research_iac\integration\outputs_v2\codegemma_7b\P1\terraform\question_0201.tf'...
[*] Evaluando regla 'empty_password' en archivo 'C:\Users\erick\OneDrive\Escritorio\New folder\secllm_terraform_integration\research_iac\integration\outputs_v2\codegemma_7b\P1\terraform\question_0201.tf'...
[*] Evaluando regla 'admin_by_default' en archivo 'C:\Users\erick\OneDrive\Escritorio\New folder\secllm_terraform_integration\research_iac\integration\outputs_v2\codegemma_7b\P1\terraform\question_0201.tf'...
[*] Evaluando regla 'unrestricted_ip_address' en archivo 'C:\Users\erick\OneDrive\Escritorio\New folder\secllm_terraform_integration\research_iac\integration\outputs_v2\codegemma_7b\P1\terraform\question_0201.tf'...
[*] Evaluando regla 'use_of_http_without_tls' en archivo 'C:\Users\erick\OneDrive\Escritorio\New folder\secllm_terraform_integration\research_iac\integration\outputs_v2\codegemma_7b\P1\terraform\question_0201.tf'...
[*] Evaluando regla 'no_integrity_check' en archivo 'C:\Users\erick\OneDrive\Escritorio\New folder\secllm_terraform_integration\research_iac\integration\outputs_v2\codegemma_7b\P1\terraform\question_0201.tf'...
[*] Evaluando regla 'use_of_weak_cryptography' en archivo 'C:\Users\erick\OneDrive\Escritorio\New folder\secllm_terraform_integration\research_iac\integration\outputs_v2\codegemma_7b\P1\terraform\question_0201.tf'...
[*] Evaluando regla 'suspicious_comment' en archivo 'C:\Users\erick\OneDrive\Escritorio\New folder\secllm_terraform_integration\research_iac\integration\outputs_v2\codegemma_7b\P1\terraform\question_0201.tf'...
[Cache] Cache saved to cache.pkl (2816 entries)
[Cache] Cache saved to cache.pkl (2816 entries)
[2026-07-12 20:41:52]   auditando question_0212.tf (con qwen25-coder-audit)...
Configuration loaded from cache_config.yaml
[Cache] Cache loaded from cache.pkl with 2816 entries (saved at 2026-07-12 20:41:51)
[Cache] Cache initialized with TTL=-1s, max_entries=-1
[*] Evaluando regla 'hard_coded_secret' en archivo 'C:\Users\erick\OneDrive\Escritorio\New folder\secllm_terraform_integration\research_iac\integration\outputs_v2\codegemma_7b\P1\terraform\question_0212.tf'...
[*] Evaluando regla 'empty_password' en archivo 'C:\Users\erick\OneDrive\Escritorio\New folder\secllm_terraform_integration\research_iac\integration\outputs_v2\codegemma_7b\P1\terraform\question_0212.tf'...
[*] Evaluando regla 'admin_by_default' en archivo 'C:\Users\erick\OneDrive\Escritorio\New folder\secllm_terraform_integration\research_iac\integration\outputs_v2\codegemma_7b\P1\terraform\question_0212.tf'...
[*] Evaluando regla 'unrestricted_ip_address' en archivo 'C:\Users\erick\OneDrive\Escritorio\New folder\secllm_terraform_integration\research_iac\integration\outputs_v2\codegemma_7b\P1\terraform\question_0212.tf'...
[*] Evaluando regla 'use_of_http_without_tls' en archivo 'C:\Users\erick\OneDrive\Escritorio\New folder\secllm_terraform_integration\research_iac\integration\outputs_v2\codegemma_7b\P1\terraform\question_0212.tf'...
[*] Evaluando regla 'no_integrity_check' en archivo 'C:\Users\erick\OneDrive\Escritorio\New folder\secllm_terraform_integration\research_iac\integration\outputs_v2\codegemma_7b\P1\terraform\question_0212.tf'...
[*] Evaluando regla 'use_of_weak_cryptography' en archivo 'C:\Users\erick\OneDrive\Escritorio\New folder\secllm_terraform_integration\research_iac\integration\outputs_v2\codegemma_7b\P1\terraform\question_0212.tf'...
[*] Evaluando regla 'suspicious_comment' en archivo 'C:\Users\erick\OneDrive\Escritorio\New folder\secllm_terraform_integration\research_iac\integration\outputs_v2\codegemma_7b\P1\terraform\question_0212.tf'...
[Cache] Cache saved to cache.pkl (2824 entries)
[Cache] Cache saved to cache.pkl (2824 entries)
[2026-07-12 20:42:23]   auditando question_0215.tf (con qwen25-coder-audit)...
Configuration loaded from cache_config.yaml
[Cache] Cache loaded from cache.pkl with 2824 entries (saved at 2026-07-12 20:42:22)
[Cache] Cache initialized with TTL=-1s, max_entries=-1
[*] Evaluando regla 'hard_coded_secret' en archivo 'C:\Users\erick\OneDrive\Escritorio\New folder\secllm_terraform_integration\research_iac\integration\outputs_v2\codegemma_7b\P1\terraform\question_0215.tf'...
[*] Evaluando regla 'empty_password' en archivo 'C:\Users\erick\OneDrive\Escritorio\New folder\secllm_terraform_integration\research_iac\integration\outputs_v2\codegemma_7b\P1\terraform\question_0215.tf'...
[*] Evaluando regla 'admin_by_default' en archivo 'C:\Users\erick\OneDrive\Escritorio\New folder\secllm_terraform_integration\research_iac\integration\outputs_v2\codegemma_7b\P1\terraform\question_0215.tf'...
[*] Evaluando regla 'unrestricted_ip_address' en archivo 'C:\Users\erick\OneDrive\Escritorio\New folder\secllm_terraform_integration\research_iac\integration\outputs_v2\codegemma_7b\P1\terraform\question_0215.tf'...
[*] Evaluando regla 'use_of_http_without_tls' en archivo 'C:\Users\erick\OneDrive\Escritorio\New folder\secllm_terraform_integration\research_iac\integration\outputs_v2\codegemma_7b\P1\terraform\question_0215.tf'...
[*] Evaluando regla 'no_integrity_check' en archivo 'C:\Users\erick\OneDrive\Escritorio\New folder\secllm_terraform_integration\research_iac\integration\outputs_v2\codegemma_7b\P1\terraform\question_0215.tf'...
[*] Evaluando regla 'use_of_weak_cryptography' en archivo 'C:\Users\erick\OneDrive\Escritorio\New folder\secllm_terraform_integration\research_iac\integration\outputs_v2\codegemma_7b\P1\terraform\question_0215.tf'...
[*] Evaluando regla 'suspicious_comment' en archivo 'C:\Users\erick\OneDrive\Escritorio\New folder\secllm_terraform_integration\research_iac\integration\outputs_v2\codegemma_7b\P1\terraform\question_0215.tf'...
[Cache] Cache saved to cache.pkl (2832 entries)
[Cache] Cache saved to cache.pkl (2832 entries)
[2026-07-12 20:42:55]   auditando question_0231.tf (con qwen25-coder-audit)...
Configuration loaded from cache_config.yaml
[Cache] Cache loaded from cache.pkl with 2832 entries (saved at 2026-07-12 20:42:53)
[Cache] Cache initialized with TTL=-1s, max_entries=-1
[*] Evaluando regla 'hard_coded_secret' en archivo 'C:\Users\erick\OneDrive\Escritorio\New folder\secllm_terraform_integration\research_iac\integration\outputs_v2\codegemma_7b\P1\terraform\question_0231.tf'...
[*] Evaluando regla 'empty_password' en archivo 'C:\Users\erick\OneDrive\Escritorio\New folder\secllm_terraform_integration\research_iac\integration\outputs_v2\codegemma_7b\P1\terraform\question_0231.tf'...
[*] Evaluando regla 'admin_by_default' en archivo 'C:\Users\erick\OneDrive\Escritorio\New folder\secllm_terraform_integration\research_iac\integration\outputs_v2\codegemma_7b\P1\terraform\question_0231.tf'...
[*] Evaluando regla 'unrestricted_ip_address' en archivo 'C:\Users\erick\OneDrive\Escritorio\New folder\secllm_terraform_integration\research_iac\integration\outputs_v2\codegemma_7b\P1\terraform\question_0231.tf'...
[*] Evaluando regla 'use_of_http_without_tls' en archivo 'C:\Users\erick\OneDrive\Escritorio\New folder\secllm_terraform_integration\research_iac\integration\outputs_v2\codegemma_7b\P1\terraform\question_0231.tf'...
[*] Evaluando regla 'no_integrity_check' en archivo 'C:\Users\erick\OneDrive\Escritorio\New folder\secllm_terraform_integration\research_iac\integration\outputs_v2\codegemma_7b\P1\terraform\question_0231.tf'...
[*] Evaluando regla 'use_of_weak_cryptography' en archivo 'C:\Users\erick\OneDrive\Escritorio\New folder\secllm_terraform_integration\research_iac\integration\outputs_v2\codegemma_7b\P1\terraform\question_0231.tf'...
[*] Evaluando regla 'suspicious_comment' en archivo 'C:\Users\erick\OneDrive\Escritorio\New folder\secllm_terraform_integration\research_iac\integration\outputs_v2\codegemma_7b\P1\terraform\question_0231.tf'...
[Cache] Cache saved to cache.pkl (2840 entries)
[Cache] Cache saved to cache.pkl (2840 entries)
[2026-07-12 20:43:26]   auditando question_0234.tf (con qwen25-coder-audit)...
Configuration loaded from cache_config.yaml
[Cache] Cache loaded from cache.pkl with 2840 entries (saved at 2026-07-12 20:43:24)
[Cache] Cache initialized with TTL=-1s, max_entries=-1
[*] Evaluando regla 'hard_coded_secret' en archivo 'C:\Users\erick\OneDrive\Escritorio\New folder\secllm_terraform_integration\research_iac\integration\outputs_v2\codegemma_7b\P1\terraform\question_0234.tf'...
[*] Evaluando regla 'empty_password' en archivo 'C:\Users\erick\OneDrive\Escritorio\New folder\secllm_terraform_integration\research_iac\integration\outputs_v2\codegemma_7b\P1\terraform\question_0234.tf'...
[*] Evaluando regla 'admin_by_default' en archivo 'C:\Users\erick\OneDrive\Escritorio\New folder\secllm_terraform_integration\research_iac\integration\outputs_v2\codegemma_7b\P1\terraform\question_0234.tf'...
[*] Evaluando regla 'unrestricted_ip_address' en archivo 'C:\Users\erick\OneDrive\Escritorio\New folder\secllm_terraform_integration\research_iac\integration\outputs_v2\codegemma_7b\P1\terraform\question_0234.tf'...
[*] Evaluando regla 'use_of_http_without_tls' en archivo 'C:\Users\erick\OneDrive\Escritorio\New folder\secllm_terraform_integration\research_iac\integration\outputs_v2\codegemma_7b\P1\terraform\question_0234.tf'...
[*] Evaluando regla 'no_integrity_check' en archivo 'C:\Users\erick\OneDrive\Escritorio\New folder\secllm_terraform_integration\research_iac\integration\outputs_v2\codegemma_7b\P1\terraform\question_0234.tf'...
[*] Evaluando regla 'use_of_weak_cryptography' en archivo 'C:\Users\erick\OneDrive\Escritorio\New folder\secllm_terraform_integration\research_iac\integration\outputs_v2\codegemma_7b\P1\terraform\question_0234.tf'...
[*] Evaluando regla 'suspicious_comment' en archivo 'C:\Users\erick\OneDrive\Escritorio\New folder\secllm_terraform_integration\research_iac\integration\outputs_v2\codegemma_7b\P1\terraform\question_0234.tf'...
[Cache] Cache saved to cache.pkl (2848 entries)
[Cache] Cache saved to cache.pkl (2848 entries)
[2026-07-12 20:44:10]   auditando question_0249.tf (con qwen25-coder-audit)...
Configuration loaded from cache_config.yaml
[Cache] Cache loaded from cache.pkl with 2848 entries (saved at 2026-07-12 20:44:08)
[Cache] Cache initialized with TTL=-1s, max_entries=-1
[*] Evaluando regla 'hard_coded_secret' en archivo 'C:\Users\erick\OneDrive\Escritorio\New folder\secllm_terraform_integration\research_iac\integration\outputs_v2\codegemma_7b\P1\terraform\question_0249.tf'...
[*] Evaluando regla 'empty_password' en archivo 'C:\Users\erick\OneDrive\Escritorio\New folder\secllm_terraform_integration\research_iac\integration\outputs_v2\codegemma_7b\P1\terraform\question_0249.tf'...
[*] Evaluando regla 'admin_by_default' en archivo 'C:\Users\erick\OneDrive\Escritorio\New folder\secllm_terraform_integration\research_iac\integration\outputs_v2\codegemma_7b\P1\terraform\question_0249.tf'...
[*] Evaluando regla 'unrestricted_ip_address' en archivo 'C:\Users\erick\OneDrive\Escritorio\New folder\secllm_terraform_integration\research_iac\integration\outputs_v2\codegemma_7b\P1\terraform\question_0249.tf'...
[*] Evaluando regla 'use_of_http_without_tls' en archivo 'C:\Users\erick\OneDrive\Escritorio\New folder\secllm_terraform_integration\research_iac\integration\outputs_v2\codegemma_7b\P1\terraform\question_0249.tf'...
[*] Evaluando regla 'no_integrity_check' en archivo 'C:\Users\erick\OneDrive\Escritorio\New folder\secllm_terraform_integration\research_iac\integration\outputs_v2\codegemma_7b\P1\terraform\question_0249.tf'...
[*] Evaluando regla 'use_of_weak_cryptography' en archivo 'C:\Users\erick\OneDrive\Escritorio\New folder\secllm_terraform_integration\research_iac\integration\outputs_v2\codegemma_7b\P1\terraform\question_0249.tf'...
[*] Evaluando regla 'suspicious_comment' en archivo 'C:\Users\erick\OneDrive\Escritorio\New folder\secllm_terraform_integration\research_iac\integration\outputs_v2\codegemma_7b\P1\terraform\question_0249.tf'...
[Cache] Cache saved to cache.pkl (2856 entries)
[Cache] Cache saved to cache.pkl (2856 entries)
[2026-07-12 20:44:56]   auditando question_0255.tf (con qwen25-coder-audit)...
Configuration loaded from cache_config.yaml
[Cache] Cache loaded from cache.pkl with 2856 entries (saved at 2026-07-12 20:44:54)
[Cache] Cache initialized with TTL=-1s, max_entries=-1
[*] Evaluando regla 'hard_coded_secret' en archivo 'C:\Users\erick\OneDrive\Escritorio\New folder\secllm_terraform_integration\research_iac\integration\outputs_v2\codegemma_7b\P1\terraform\question_0255.tf'...
[*] Evaluando regla 'empty_password' en archivo 'C:\Users\erick\OneDrive\Escritorio\New folder\secllm_terraform_integration\research_iac\integration\outputs_v2\codegemma_7b\P1\terraform\question_0255.tf'...
[*] Evaluando regla 'admin_by_default' en archivo 'C:\Users\erick\OneDrive\Escritorio\New folder\secllm_terraform_integration\research_iac\integration\outputs_v2\codegemma_7b\P1\terraform\question_0255.tf'...
[*] Evaluando regla 'unrestricted_ip_address' en archivo 'C:\Users\erick\OneDrive\Escritorio\New folder\secllm_terraform_integration\research_iac\integration\outputs_v2\codegemma_7b\P1\terraform\question_0255.tf'...
[*] Evaluando regla 'use_of_http_without_tls' en archivo 'C:\Users\erick\OneDrive\Escritorio\New folder\secllm_terraform_integration\research_iac\integration\outputs_v2\codegemma_7b\P1\terraform\question_0255.tf'...
[*] Evaluando regla 'no_integrity_check' en archivo 'C:\Users\erick\OneDrive\Escritorio\New folder\secllm_terraform_integration\research_iac\integration\outputs_v2\codegemma_7b\P1\terraform\question_0255.tf'...
[*] Evaluando regla 'use_of_weak_cryptography' en archivo 'C:\Users\erick\OneDrive\Escritorio\New folder\secllm_terraform_integration\research_iac\integration\outputs_v2\codegemma_7b\P1\terraform\question_0255.tf'...
[*] Evaluando regla 'suspicious_comment' en archivo 'C:\Users\erick\OneDrive\Escritorio\New folder\secllm_terraform_integration\research_iac\integration\outputs_v2\codegemma_7b\P1\terraform\question_0255.tf'...
[Cache] Cache saved to cache.pkl (2864 entries)
[Cache] Cache saved to cache.pkl (2864 entries)
[2026-07-12 20:45:47]   auditando question_0261.tf (con qwen25-coder-audit)...
Configuration loaded from cache_config.yaml
[Cache] Cache loaded from cache.pkl with 2864 entries (saved at 2026-07-12 20:45:45)
[Cache] Cache initialized with TTL=-1s, max_entries=-1
[*] Evaluando regla 'hard_coded_secret' en archivo 'C:\Users\erick\OneDrive\Escritorio\New folder\secllm_terraform_integration\research_iac\integration\outputs_v2\codegemma_7b\P1\terraform\question_0261.tf'...
[*] Evaluando regla 'empty_password' en archivo 'C:\Users\erick\OneDrive\Escritorio\New folder\secllm_terraform_integration\research_iac\integration\outputs_v2\codegemma_7b\P1\terraform\question_0261.tf'...
[*] Evaluando regla 'admin_by_default' en archivo 'C:\Users\erick\OneDrive\Escritorio\New folder\secllm_terraform_integration\research_iac\integration\outputs_v2\codegemma_7b\P1\terraform\question_0261.tf'...
[*] Evaluando regla 'unrestricted_ip_address' en archivo 'C:\Users\erick\OneDrive\Escritorio\New folder\secllm_terraform_integration\research_iac\integration\outputs_v2\codegemma_7b\P1\terraform\question_0261.tf'...
[*] Evaluando regla 'use_of_http_without_tls' en archivo 'C:\Users\erick\OneDrive\Escritorio\New folder\secllm_terraform_integration\research_iac\integration\outputs_v2\codegemma_7b\P1\terraform\question_0261.tf'...
[*] Evaluando regla 'no_integrity_check' en archivo 'C:\Users\erick\OneDrive\Escritorio\New folder\secllm_terraform_integration\research_iac\integration\outputs_v2\codegemma_7b\P1\terraform\question_0261.tf'...
[*] Evaluando regla 'use_of_weak_cryptography' en archivo 'C:\Users\erick\OneDrive\Escritorio\New folder\secllm_terraform_integration\research_iac\integration\outputs_v2\codegemma_7b\P1\terraform\question_0261.tf'...
[*] Evaluando regla 'suspicious_comment' en archivo 'C:\Users\erick\OneDrive\Escritorio\New folder\secllm_terraform_integration\research_iac\integration\outputs_v2\codegemma_7b\P1\terraform\question_0261.tf'...
[Cache] Cache saved to cache.pkl (2864 entries)
[Cache] Cache saved to cache.pkl (2864 entries)
[2026-07-12 20:46:22]   auditando question_0262.tf (con qwen25-coder-audit)...
Configuration loaded from cache_config.yaml
[Cache] Cache loaded from cache.pkl with 2864 entries (saved at 2026-07-12 20:46:20)
[Cache] Cache initialized with TTL=-1s, max_entries=-1
[*] Evaluando regla 'hard_coded_secret' en archivo 'C:\Users\erick\OneDrive\Escritorio\New folder\secllm_terraform_integration\research_iac\integration\outputs_v2\codegemma_7b\P1\terraform\question_0262.tf'...
[*] Evaluando regla 'empty_password' en archivo 'C:\Users\erick\OneDrive\Escritorio\New folder\secllm_terraform_integration\research_iac\integration\outputs_v2\codegemma_7b\P1\terraform\question_0262.tf'...
[*] Evaluando regla 'admin_by_default' en archivo 'C:\Users\erick\OneDrive\Escritorio\New folder\secllm_terraform_integration\research_iac\integration\outputs_v2\codegemma_7b\P1\terraform\question_0262.tf'...
[*] Evaluando regla 'unrestricted_ip_address' en archivo 'C:\Users\erick\OneDrive\Escritorio\New folder\secllm_terraform_integration\research_iac\integration\outputs_v2\codegemma_7b\P1\terraform\question_0262.tf'...
[*] Evaluando regla 'use_of_http_without_tls' en archivo 'C:\Users\erick\OneDrive\Escritorio\New folder\secllm_terraform_integration\research_iac\integration\outputs_v2\codegemma_7b\P1\terraform\question_0262.tf'...
[*] Evaluando regla 'no_integrity_check' en archivo 'C:\Users\erick\OneDrive\Escritorio\New folder\secllm_terraform_integration\research_iac\integration\outputs_v2\codegemma_7b\P1\terraform\question_0262.tf'...
[*] Evaluando regla 'use_of_weak_cryptography' en archivo 'C:\Users\erick\OneDrive\Escritorio\New folder\secllm_terraform_integration\research_iac\integration\outputs_v2\codegemma_7b\P1\terraform\question_0262.tf'...
[*] Evaluando regla 'suspicious_comment' en archivo 'C:\Users\erick\OneDrive\Escritorio\New folder\secllm_terraform_integration\research_iac\integration\outputs_v2\codegemma_7b\P1\terraform\question_0262.tf'...
[Cache] Cache saved to cache.pkl (2872 entries)
[Cache] Cache saved to cache.pkl (2872 entries)
[2026-07-12 20:47:09]   auditando question_0285.tf (con qwen25-coder-audit)...
Configuration loaded from cache_config.yaml
[Cache] Cache loaded from cache.pkl with 2872 entries (saved at 2026-07-12 20:47:08)
[Cache] Cache initialized with TTL=-1s, max_entries=-1
[*] Evaluando regla 'hard_coded_secret' en archivo 'C:\Users\erick\OneDrive\Escritorio\New folder\secllm_terraform_integration\research_iac\integration\outputs_v2\codegemma_7b\P1\terraform\question_0285.tf'...
[*] Evaluando regla 'empty_password' en archivo 'C:\Users\erick\OneDrive\Escritorio\New folder\secllm_terraform_integration\research_iac\integration\outputs_v2\codegemma_7b\P1\terraform\question_0285.tf'...
[*] Evaluando regla 'admin_by_default' en archivo 'C:\Users\erick\OneDrive\Escritorio\New folder\secllm_terraform_integration\research_iac\integration\outputs_v2\codegemma_7b\P1\terraform\question_0285.tf'...
[*] Evaluando regla 'unrestricted_ip_address' en archivo 'C:\Users\erick\OneDrive\Escritorio\New folder\secllm_terraform_integration\research_iac\integration\outputs_v2\codegemma_7b\P1\terraform\question_0285.tf'...
[*] Evaluando regla 'use_of_http_without_tls' en archivo 'C:\Users\erick\OneDrive\Escritorio\New folder\secllm_terraform_integration\research_iac\integration\outputs_v2\codegemma_7b\P1\terraform\question_0285.tf'...
[*] Evaluando regla 'no_integrity_check' en archivo 'C:\Users\erick\OneDrive\Escritorio\New folder\secllm_terraform_integration\research_iac\integration\outputs_v2\codegemma_7b\P1\terraform\question_0285.tf'...
[*] Evaluando regla 'use_of_weak_cryptography' en archivo 'C:\Users\erick\OneDrive\Escritorio\New folder\secllm_terraform_integration\research_iac\integration\outputs_v2\codegemma_7b\P1\terraform\question_0285.tf'...
[*] Evaluando regla 'suspicious_comment' en archivo 'C:\Users\erick\OneDrive\Escritorio\New folder\secllm_terraform_integration\research_iac\integration\outputs_v2\codegemma_7b\P1\terraform\question_0285.tf'...
[Cache] Cache saved to cache.pkl (2880 entries)
[Cache] Cache saved to cache.pkl (2880 entries)
[2026-07-12 20:47:59]   auditando question_0289.tf (con qwen25-coder-audit)...
Configuration loaded from cache_config.yaml
[Cache] Cache loaded from cache.pkl with 2880 entries (saved at 2026-07-12 20:47:57)
[Cache] Cache initialized with TTL=-1s, max_entries=-1
[*] Evaluando regla 'hard_coded_secret' en archivo 'C:\Users\erick\OneDrive\Escritorio\New folder\secllm_terraform_integration\research_iac\integration\outputs_v2\codegemma_7b\P1\terraform\question_0289.tf'...
[*] Evaluando regla 'empty_password' en archivo 'C:\Users\erick\OneDrive\Escritorio\New folder\secllm_terraform_integration\research_iac\integration\outputs_v2\codegemma_7b\P1\terraform\question_0289.tf'...
[*] Evaluando regla 'admin_by_default' en archivo 'C:\Users\erick\OneDrive\Escritorio\New folder\secllm_terraform_integration\research_iac\integration\outputs_v2\codegemma_7b\P1\terraform\question_0289.tf'...
[*] Evaluando regla 'unrestricted_ip_address' en archivo 'C:\Users\erick\OneDrive\Escritorio\New folder\secllm_terraform_integration\research_iac\integration\outputs_v2\codegemma_7b\P1\terraform\question_0289.tf'...
[*] Evaluando regla 'use_of_http_without_tls' en archivo 'C:\Users\erick\OneDrive\Escritorio\New folder\secllm_terraform_integration\research_iac\integration\outputs_v2\codegemma_7b\P1\terraform\question_0289.tf'...
[*] Evaluando regla 'no_integrity_check' en archivo 'C:\Users\erick\OneDrive\Escritorio\New folder\secllm_terraform_integration\research_iac\integration\outputs_v2\codegemma_7b\P1\terraform\question_0289.tf'...
[*] Evaluando regla 'use_of_weak_cryptography' en archivo 'C:\Users\erick\OneDrive\Escritorio\New folder\secllm_terraform_integration\research_iac\integration\outputs_v2\codegemma_7b\P1\terraform\question_0289.tf'...
[*] Evaluando regla 'suspicious_comment' en archivo 'C:\Users\erick\OneDrive\Escritorio\New folder\secllm_terraform_integration\research_iac\integration\outputs_v2\codegemma_7b\P1\terraform\question_0289.tf'...
[Cache] Cache saved to cache.pkl (2880 entries)
[Cache] Cache saved to cache.pkl (2880 entries)
[2026-07-12 20:48:39]   auditando question_0290.tf (con qwen25-coder-audit)...
Configuration loaded from cache_config.yaml
[Cache] Cache loaded from cache.pkl with 2880 entries (saved at 2026-07-12 20:48:37)
[Cache] Cache initialized with TTL=-1s, max_entries=-1
[*] Evaluando regla 'hard_coded_secret' en archivo 'C:\Users\erick\OneDrive\Escritorio\New folder\secllm_terraform_integration\research_iac\integration\outputs_v2\codegemma_7b\P1\terraform\question_0290.tf'...
[*] Evaluando regla 'empty_password' en archivo 'C:\Users\erick\OneDrive\Escritorio\New folder\secllm_terraform_integration\research_iac\integration\outputs_v2\codegemma_7b\P1\terraform\question_0290.tf'...
[*] Evaluando regla 'admin_by_default' en archivo 'C:\Users\erick\OneDrive\Escritorio\New folder\secllm_terraform_integration\research_iac\integration\outputs_v2\codegemma_7b\P1\terraform\question_0290.tf'...
[*] Evaluando regla 'unrestricted_ip_address' en archivo 'C:\Users\erick\OneDrive\Escritorio\New folder\secllm_terraform_integration\research_iac\integration\outputs_v2\codegemma_7b\P1\terraform\question_0290.tf'...
[*] Evaluando regla 'use_of_http_without_tls' en archivo 'C:\Users\erick\OneDrive\Escritorio\New folder\secllm_terraform_integration\research_iac\integration\outputs_v2\codegemma_7b\P1\terraform\question_0290.tf'...
[*] Evaluando regla 'no_integrity_check' en archivo 'C:\Users\erick\OneDrive\Escritorio\New folder\secllm_terraform_integration\research_iac\integration\outputs_v2\codegemma_7b\P1\terraform\question_0290.tf'...
[*] Evaluando regla 'use_of_weak_cryptography' en archivo 'C:\Users\erick\OneDrive\Escritorio\New folder\secllm_terraform_integration\research_iac\integration\outputs_v2\codegemma_7b\P1\terraform\question_0290.tf'...
[*] Evaluando regla 'suspicious_comment' en archivo 'C:\Users\erick\OneDrive\Escritorio\New folder\secllm_terraform_integration\research_iac\integration\outputs_v2\codegemma_7b\P1\terraform\question_0290.tf'...
[Cache] Cache saved to cache.pkl (2880 entries)
[Cache] Cache saved to cache.pkl (2880 entries)
[2026-07-12 20:49:08]   auditando question_0336.tf (con qwen25-coder-audit)...
Configuration loaded from cache_config.yaml
[Cache] Cache loaded from cache.pkl with 2880 entries (saved at 2026-07-12 20:49:06)
[Cache] Cache initialized with TTL=-1s, max_entries=-1
[*] Evaluando regla 'hard_coded_secret' en archivo 'C:\Users\erick\OneDrive\Escritorio\New folder\secllm_terraform_integration\research_iac\integration\outputs_v2\codegemma_7b\P1\terraform\question_0336.tf'...
[*] Evaluando regla 'empty_password' en archivo 'C:\Users\erick\OneDrive\Escritorio\New folder\secllm_terraform_integration\research_iac\integration\outputs_v2\codegemma_7b\P1\terraform\question_0336.tf'...
[*] Evaluando regla 'admin_by_default' en archivo 'C:\Users\erick\OneDrive\Escritorio\New folder\secllm_terraform_integration\research_iac\integration\outputs_v2\codegemma_7b\P1\terraform\question_0336.tf'...
[*] Evaluando regla 'unrestricted_ip_address' en archivo 'C:\Users\erick\OneDrive\Escritorio\New folder\secllm_terraform_integration\research_iac\integration\outputs_v2\codegemma_7b\P1\terraform\question_0336.tf'...
[*] Evaluando regla 'use_of_http_without_tls' en archivo 'C:\Users\erick\OneDrive\Escritorio\New folder\secllm_terraform_integration\research_iac\integration\outputs_v2\codegemma_7b\P1\terraform\question_0336.tf'...
[*] Evaluando regla 'no_integrity_check' en archivo 'C:\Users\erick\OneDrive\Escritorio\New folder\secllm_terraform_integration\research_iac\integration\outputs_v2\codegemma_7b\P1\terraform\question_0336.tf'...
[*] Evaluando regla 'use_of_weak_cryptography' en archivo 'C:\Users\erick\OneDrive\Escritorio\New folder\secllm_terraform_integration\research_iac\integration\outputs_v2\codegemma_7b\P1\terraform\question_0336.tf'...
[*] Evaluando regla 'suspicious_comment' en archivo 'C:\Users\erick\OneDrive\Escritorio\New folder\secllm_terraform_integration\research_iac\integration\outputs_v2\codegemma_7b\P1\terraform\question_0336.tf'...
[Cache] Cache saved to cache.pkl (2888 entries)
[Cache] Cache saved to cache.pkl (2888 entries)
[2026-07-12 20:49:42]   auditando question_0342.tf (con qwen25-coder-audit)...
Configuration loaded from cache_config.yaml
[Cache] Cache loaded from cache.pkl with 2888 entries (saved at 2026-07-12 20:49:40)
[Cache] Cache initialized with TTL=-1s, max_entries=-1
[*] Evaluando regla 'hard_coded_secret' en archivo 'C:\Users\erick\OneDrive\Escritorio\New folder\secllm_terraform_integration\research_iac\integration\outputs_v2\codegemma_7b\P1\terraform\question_0342.tf'...
[*] Evaluando regla 'empty_password' en archivo 'C:\Users\erick\OneDrive\Escritorio\New folder\secllm_terraform_integration\research_iac\integration\outputs_v2\codegemma_7b\P1\terraform\question_0342.tf'...
[*] Evaluando regla 'admin_by_default' en archivo 'C:\Users\erick\OneDrive\Escritorio\New folder\secllm_terraform_integration\research_iac\integration\outputs_v2\codegemma_7b\P1\terraform\question_0342.tf'...
[*] Evaluando regla 'unrestricted_ip_address' en archivo 'C:\Users\erick\OneDrive\Escritorio\New folder\secllm_terraform_integration\research_iac\integration\outputs_v2\codegemma_7b\P1\terraform\question_0342.tf'...
[*] Evaluando regla 'use_of_http_without_tls' en archivo 'C:\Users\erick\OneDrive\Escritorio\New folder\secllm_terraform_integration\research_iac\integration\outputs_v2\codegemma_7b\P1\terraform\question_0342.tf'...
[*] Evaluando regla 'no_integrity_check' en archivo 'C:\Users\erick\OneDrive\Escritorio\New folder\secllm_terraform_integration\research_iac\integration\outputs_v2\codegemma_7b\P1\terraform\question_0342.tf'...
[*] Evaluando regla 'use_of_weak_cryptography' en archivo 'C:\Users\erick\OneDrive\Escritorio\New folder\secllm_terraform_integration\research_iac\integration\outputs_v2\codegemma_7b\P1\terraform\question_0342.tf'...
[*] Evaluando regla 'suspicious_comment' en archivo 'C:\Users\erick\OneDrive\Escritorio\New folder\secllm_terraform_integration\research_iac\integration\outputs_v2\codegemma_7b\P1\terraform\question_0342.tf'...
[Cache] Cache saved to cache.pkl (2896 entries)
[Cache] Cache saved to cache.pkl (2896 entries)
[2026-07-12 20:50:13]   auditando question_0353.tf (con qwen25-coder-audit)...
Configuration loaded from cache_config.yaml
[Cache] Cache loaded from cache.pkl with 2896 entries (saved at 2026-07-12 20:50:11)
[Cache] Cache initialized with TTL=-1s, max_entries=-1
[*] Evaluando regla 'hard_coded_secret' en archivo 'C:\Users\erick\OneDrive\Escritorio\New folder\secllm_terraform_integration\research_iac\integration\outputs_v2\codegemma_7b\P1\terraform\question_0353.tf'...
[*] Evaluando regla 'empty_password' en archivo 'C:\Users\erick\OneDrive\Escritorio\New folder\secllm_terraform_integration\research_iac\integration\outputs_v2\codegemma_7b\P1\terraform\question_0353.tf'...
[*] Evaluando regla 'admin_by_default' en archivo 'C:\Users\erick\OneDrive\Escritorio\New folder\secllm_terraform_integration\research_iac\integration\outputs_v2\codegemma_7b\P1\terraform\question_0353.tf'...
[*] Evaluando regla 'unrestricted_ip_address' en archivo 'C:\Users\erick\OneDrive\Escritorio\New folder\secllm_terraform_integration\research_iac\integration\outputs_v2\codegemma_7b\P1\terraform\question_0353.tf'...
[*] Evaluando regla 'use_of_http_without_tls' en archivo 'C:\Users\erick\OneDrive\Escritorio\New folder\secllm_terraform_integration\research_iac\integration\outputs_v2\codegemma_7b\P1\terraform\question_0353.tf'...
[*] Evaluando regla 'no_integrity_check' en archivo 'C:\Users\erick\OneDrive\Escritorio\New folder\secllm_terraform_integration\research_iac\integration\outputs_v2\codegemma_7b\P1\terraform\question_0353.tf'...
[*] Evaluando regla 'use_of_weak_cryptography' en archivo 'C:\Users\erick\OneDrive\Escritorio\New folder\secllm_terraform_integration\research_iac\integration\outputs_v2\codegemma_7b\P1\terraform\question_0353.tf'...
[*] Evaluando regla 'suspicious_comment' en archivo 'C:\Users\erick\OneDrive\Escritorio\New folder\secllm_terraform_integration\research_iac\integration\outputs_v2\codegemma_7b\P1\terraform\question_0353.tf'...
[Cache] Cache saved to cache.pkl (2904 entries)
[Cache] Cache saved to cache.pkl (2904 entries)
[2026-07-12 20:51:06]   auditando question_0361.tf (con qwen25-coder-audit)...
Configuration loaded from cache_config.yaml
[Cache] Cache loaded from cache.pkl with 2904 entries (saved at 2026-07-12 20:51:04)
[Cache] Cache initialized with TTL=-1s, max_entries=-1
[*] Evaluando regla 'hard_coded_secret' en archivo 'C:\Users\erick\OneDrive\Escritorio\New folder\secllm_terraform_integration\research_iac\integration\outputs_v2\codegemma_7b\P1\terraform\question_0361.tf'...
[*] Evaluando regla 'empty_password' en archivo 'C:\Users\erick\OneDrive\Escritorio\New folder\secllm_terraform_integration\research_iac\integration\outputs_v2\codegemma_7b\P1\terraform\question_0361.tf'...
[*] Evaluando regla 'admin_by_default' en archivo 'C:\Users\erick\OneDrive\Escritorio\New folder\secllm_terraform_integration\research_iac\integration\outputs_v2\codegemma_7b\P1\terraform\question_0361.tf'...
[*] Evaluando regla 'unrestricted_ip_address' en archivo 'C:\Users\erick\OneDrive\Escritorio\New folder\secllm_terraform_integration\research_iac\integration\outputs_v2\codegemma_7b\P1\terraform\question_0361.tf'...
[*] Evaluando regla 'use_of_http_without_tls' en archivo 'C:\Users\erick\OneDrive\Escritorio\New folder\secllm_terraform_integration\research_iac\integration\outputs_v2\codegemma_7b\P1\terraform\question_0361.tf'...
[*] Evaluando regla 'no_integrity_check' en archivo 'C:\Users\erick\OneDrive\Escritorio\New folder\secllm_terraform_integration\research_iac\integration\outputs_v2\codegemma_7b\P1\terraform\question_0361.tf'...
[*] Evaluando regla 'use_of_weak_cryptography' en archivo 'C:\Users\erick\OneDrive\Escritorio\New folder\secllm_terraform_integration\research_iac\integration\outputs_v2\codegemma_7b\P1\terraform\question_0361.tf'...
[*] Evaluando regla 'suspicious_comment' en archivo 'C:\Users\erick\OneDrive\Escritorio\New folder\secllm_terraform_integration\research_iac\integration\outputs_v2\codegemma_7b\P1\terraform\question_0361.tf'...
[Cache] Cache saved to cache.pkl (2912 entries)
[Cache] Cache saved to cache.pkl (2912 entries)
[2026-07-12 20:51:38]   auditando question_0362.tf (con qwen25-coder-audit)...
Configuration loaded from cache_config.yaml
[Cache] Cache loaded from cache.pkl with 2912 entries (saved at 2026-07-12 20:51:37)
[Cache] Cache initialized with TTL=-1s, max_entries=-1
[*] Evaluando regla 'hard_coded_secret' en archivo 'C:\Users\erick\OneDrive\Escritorio\New folder\secllm_terraform_integration\research_iac\integration\outputs_v2\codegemma_7b\P1\terraform\question_0362.tf'...
[*] Evaluando regla 'empty_password' en archivo 'C:\Users\erick\OneDrive\Escritorio\New folder\secllm_terraform_integration\research_iac\integration\outputs_v2\codegemma_7b\P1\terraform\question_0362.tf'...
[*] Evaluando regla 'admin_by_default' en archivo 'C:\Users\erick\OneDrive\Escritorio\New folder\secllm_terraform_integration\research_iac\integration\outputs_v2\codegemma_7b\P1\terraform\question_0362.tf'...
[*] Evaluando regla 'unrestricted_ip_address' en archivo 'C:\Users\erick\OneDrive\Escritorio\New folder\secllm_terraform_integration\research_iac\integration\outputs_v2\codegemma_7b\P1\terraform\question_0362.tf'...
[*] Evaluando regla 'use_of_http_without_tls' en archivo 'C:\Users\erick\OneDrive\Escritorio\New folder\secllm_terraform_integration\research_iac\integration\outputs_v2\codegemma_7b\P1\terraform\question_0362.tf'...
[*] Evaluando regla 'no_integrity_check' en archivo 'C:\Users\erick\OneDrive\Escritorio\New folder\secllm_terraform_integration\research_iac\integration\outputs_v2\codegemma_7b\P1\terraform\question_0362.tf'...
[*] Evaluando regla 'use_of_weak_cryptography' en archivo 'C:\Users\erick\OneDrive\Escritorio\New folder\secllm_terraform_integration\research_iac\integration\outputs_v2\codegemma_7b\P1\terraform\question_0362.tf'...
[*] Evaluando regla 'suspicious_comment' en archivo 'C:\Users\erick\OneDrive\Escritorio\New folder\secllm_terraform_integration\research_iac\integration\outputs_v2\codegemma_7b\P1\terraform\question_0362.tf'...
[Cache] Cache saved to cache.pkl (2920 entries)
[Cache] Cache saved to cache.pkl (2920 entries)
[2026-07-12 20:52:32]   auditando question_0375.tf (con qwen25-coder-audit)...
Configuration loaded from cache_config.yaml
[Cache] Cache loaded from cache.pkl with 2920 entries (saved at 2026-07-12 20:52:30)
[Cache] Cache initialized with TTL=-1s, max_entries=-1
[*] Evaluando regla 'hard_coded_secret' en archivo 'C:\Users\erick\OneDrive\Escritorio\New folder\secllm_terraform_integration\research_iac\integration\outputs_v2\codegemma_7b\P1\terraform\question_0375.tf'...
[*] Evaluando regla 'empty_password' en archivo 'C:\Users\erick\OneDrive\Escritorio\New folder\secllm_terraform_integration\research_iac\integration\outputs_v2\codegemma_7b\P1\terraform\question_0375.tf'...
[*] Evaluando regla 'admin_by_default' en archivo 'C:\Users\erick\OneDrive\Escritorio\New folder\secllm_terraform_integration\research_iac\integration\outputs_v2\codegemma_7b\P1\terraform\question_0375.tf'...
[*] Evaluando regla 'unrestricted_ip_address' en archivo 'C:\Users\erick\OneDrive\Escritorio\New folder\secllm_terraform_integration\research_iac\integration\outputs_v2\codegemma_7b\P1\terraform\question_0375.tf'...
[*] Evaluando regla 'use_of_http_without_tls' en archivo 'C:\Users\erick\OneDrive\Escritorio\New folder\secllm_terraform_integration\research_iac\integration\outputs_v2\codegemma_7b\P1\terraform\question_0375.tf'...
[*] Evaluando regla 'no_integrity_check' en archivo 'C:\Users\erick\OneDrive\Escritorio\New folder\secllm_terraform_integration\research_iac\integration\outputs_v2\codegemma_7b\P1\terraform\question_0375.tf'...
[*] Evaluando regla 'use_of_weak_cryptography' en archivo 'C:\Users\erick\OneDrive\Escritorio\New folder\secllm_terraform_integration\research_iac\integration\outputs_v2\codegemma_7b\P1\terraform\question_0375.tf'...
[*] Evaluando regla 'suspicious_comment' en archivo 'C:\Users\erick\OneDrive\Escritorio\New folder\secllm_terraform_integration\research_iac\integration\outputs_v2\codegemma_7b\P1\terraform\question_0375.tf'...
[Cache] Cache saved to cache.pkl (2928 entries)
[Cache] Cache saved to cache.pkl (2928 entries)
[2026-07-12 20:53:06]   auditando question_0400.tf (con qwen25-coder-audit)...
Configuration loaded from cache_config.yaml
[Cache] Cache loaded from cache.pkl with 2928 entries (saved at 2026-07-12 20:53:04)
[Cache] Cache initialized with TTL=-1s, max_entries=-1
[*] Evaluando regla 'hard_coded_secret' en archivo 'C:\Users\erick\OneDrive\Escritorio\New folder\secllm_terraform_integration\research_iac\integration\outputs_v2\codegemma_7b\P1\terraform\question_0400.tf'...
[*] Evaluando regla 'empty_password' en archivo 'C:\Users\erick\OneDrive\Escritorio\New folder\secllm_terraform_integration\research_iac\integration\outputs_v2\codegemma_7b\P1\terraform\question_0400.tf'...
[*] Evaluando regla 'admin_by_default' en archivo 'C:\Users\erick\OneDrive\Escritorio\New folder\secllm_terraform_integration\research_iac\integration\outputs_v2\codegemma_7b\P1\terraform\question_0400.tf'...
[*] Evaluando regla 'unrestricted_ip_address' en archivo 'C:\Users\erick\OneDrive\Escritorio\New folder\secllm_terraform_integration\research_iac\integration\outputs_v2\codegemma_7b\P1\terraform\question_0400.tf'...
[*] Evaluando regla 'use_of_http_without_tls' en archivo 'C:\Users\erick\OneDrive\Escritorio\New folder\secllm_terraform_integration\research_iac\integration\outputs_v2\codegemma_7b\P1\terraform\question_0400.tf'...
[*] Evaluando regla 'no_integrity_check' en archivo 'C:\Users\erick\OneDrive\Escritorio\New folder\secllm_terraform_integration\research_iac\integration\outputs_v2\codegemma_7b\P1\terraform\question_0400.tf'...
[*] Evaluando regla 'use_of_weak_cryptography' en archivo 'C:\Users\erick\OneDrive\Escritorio\New folder\secllm_terraform_integration\research_iac\integration\outputs_v2\codegemma_7b\P1\terraform\question_0400.tf'...
[*] Evaluando regla 'suspicious_comment' en archivo 'C:\Users\erick\OneDrive\Escritorio\New folder\secllm_terraform_integration\research_iac\integration\outputs_v2\codegemma_7b\P1\terraform\question_0400.tf'...
[Cache] Cache saved to cache.pkl (2936 entries)
[Cache] Cache saved to cache.pkl (2936 entries)
[2026-07-12 20:53:47]   auditando question_0415.tf (con qwen25-coder-audit)...
Configuration loaded from cache_config.yaml
[Cache] Cache loaded from cache.pkl with 2936 entries (saved at 2026-07-12 20:53:45)
[Cache] Cache initialized with TTL=-1s, max_entries=-1
[*] Evaluando regla 'hard_coded_secret' en archivo 'C:\Users\erick\OneDrive\Escritorio\New folder\secllm_terraform_integration\research_iac\integration\outputs_v2\codegemma_7b\P1\terraform\question_0415.tf'...
[*] Evaluando regla 'empty_password' en archivo 'C:\Users\erick\OneDrive\Escritorio\New folder\secllm_terraform_integration\research_iac\integration\outputs_v2\codegemma_7b\P1\terraform\question_0415.tf'...
[*] Evaluando regla 'admin_by_default' en archivo 'C:\Users\erick\OneDrive\Escritorio\New folder\secllm_terraform_integration\research_iac\integration\outputs_v2\codegemma_7b\P1\terraform\question_0415.tf'...
[*] Evaluando regla 'unrestricted_ip_address' en archivo 'C:\Users\erick\OneDrive\Escritorio\New folder\secllm_terraform_integration\research_iac\integration\outputs_v2\codegemma_7b\P1\terraform\question_0415.tf'...
[*] Evaluando regla 'use_of_http_without_tls' en archivo 'C:\Users\erick\OneDrive\Escritorio\New folder\secllm_terraform_integration\research_iac\integration\outputs_v2\codegemma_7b\P1\terraform\question_0415.tf'...
[*] Evaluando regla 'no_integrity_check' en archivo 'C:\Users\erick\OneDrive\Escritorio\New folder\secllm_terraform_integration\research_iac\integration\outputs_v2\codegemma_7b\P1\terraform\question_0415.tf'...
[*] Evaluando regla 'use_of_weak_cryptography' en archivo 'C:\Users\erick\OneDrive\Escritorio\New folder\secllm_terraform_integration\research_iac\integration\outputs_v2\codegemma_7b\P1\terraform\question_0415.tf'...
[*] Evaluando regla 'suspicious_comment' en archivo 'C:\Users\erick\OneDrive\Escritorio\New folder\secllm_terraform_integration\research_iac\integration\outputs_v2\codegemma_7b\P1\terraform\question_0415.tf'...
[Cache] Cache saved to cache.pkl (2944 entries)
[Cache] Cache saved to cache.pkl (2944 entries)
[2026-07-12 20:54:22]   auditando question_0422.tf (con qwen25-coder-audit)...
Configuration loaded from cache_config.yaml
[Cache] Cache loaded from cache.pkl with 2944 entries (saved at 2026-07-12 20:54:21)
[Cache] Cache initialized with TTL=-1s, max_entries=-1
[*] Evaluando regla 'hard_coded_secret' en archivo 'C:\Users\erick\OneDrive\Escritorio\New folder\secllm_terraform_integration\research_iac\integration\outputs_v2\codegemma_7b\P1\terraform\question_0422.tf'...
[*] Evaluando regla 'empty_password' en archivo 'C:\Users\erick\OneDrive\Escritorio\New folder\secllm_terraform_integration\research_iac\integration\outputs_v2\codegemma_7b\P1\terraform\question_0422.tf'...
[*] Evaluando regla 'admin_by_default' en archivo 'C:\Users\erick\OneDrive\Escritorio\New folder\secllm_terraform_integration\research_iac\integration\outputs_v2\codegemma_7b\P1\terraform\question_0422.tf'...
[*] Evaluando regla 'unrestricted_ip_address' en archivo 'C:\Users\erick\OneDrive\Escritorio\New folder\secllm_terraform_integration\research_iac\integration\outputs_v2\codegemma_7b\P1\terraform\question_0422.tf'...
[*] Evaluando regla 'use_of_http_without_tls' en archivo 'C:\Users\erick\OneDrive\Escritorio\New folder\secllm_terraform_integration\research_iac\integration\outputs_v2\codegemma_7b\P1\terraform\question_0422.tf'...
[*] Evaluando regla 'no_integrity_check' en archivo 'C:\Users\erick\OneDrive\Escritorio\New folder\secllm_terraform_integration\research_iac\integration\outputs_v2\codegemma_7b\P1\terraform\question_0422.tf'...
[*] Evaluando regla 'use_of_weak_cryptography' en archivo 'C:\Users\erick\OneDrive\Escritorio\New folder\secllm_terraform_integration\research_iac\integration\outputs_v2\codegemma_7b\P1\terraform\question_0422.tf'...
[*] Evaluando regla 'suspicious_comment' en archivo 'C:\Users\erick\OneDrive\Escritorio\New folder\secllm_terraform_integration\research_iac\integration\outputs_v2\codegemma_7b\P1\terraform\question_0422.tf'...
[Cache] Cache saved to cache.pkl (2952 entries)
[Cache] Cache saved to cache.pkl (2952 entries)
[2026-07-12 20:54:52] --- codellama:7b [P0]: Auditor?a con auditor externo 'qwen25-coder-audit' ---
[2026-07-12 20:54:52]   auditando question_0000.tf (con qwen25-coder-audit)...
Configuration loaded from cache_config.yaml
[Cache] Cache loaded from cache.pkl with 2952 entries (saved at 2026-07-12 20:54:51)
[Cache] Cache initialized with TTL=-1s, max_entries=-1
[*] Evaluando regla 'hard_coded_secret' en archivo 'C:\Users\erick\OneDrive\Escritorio\New folder\secllm_terraform_integration\research_iac\integration\outputs_v2\codellama_7b\P0\terraform\question_0000.tf'...
[*] Evaluando regla 'empty_password' en archivo 'C:\Users\erick\OneDrive\Escritorio\New folder\secllm_terraform_integration\research_iac\integration\outputs_v2\codellama_7b\P0\terraform\question_0000.tf'...
[*] Evaluando regla 'admin_by_default' en archivo 'C:\Users\erick\OneDrive\Escritorio\New folder\secllm_terraform_integration\research_iac\integration\outputs_v2\codellama_7b\P0\terraform\question_0000.tf'...
[*] Evaluando regla 'unrestricted_ip_address' en archivo 'C:\Users\erick\OneDrive\Escritorio\New folder\secllm_terraform_integration\research_iac\integration\outputs_v2\codellama_7b\P0\terraform\question_0000.tf'...
[*] Evaluando regla 'use_of_http_without_tls' en archivo 'C:\Users\erick\OneDrive\Escritorio\New folder\secllm_terraform_integration\research_iac\integration\outputs_v2\codellama_7b\P0\terraform\question_0000.tf'...
[*] Evaluando regla 'no_integrity_check' en archivo 'C:\Users\erick\OneDrive\Escritorio\New folder\secllm_terraform_integration\research_iac\integration\outputs_v2\codellama_7b\P0\terraform\question_0000.tf'...
[*] Evaluando regla 'use_of_weak_cryptography' en archivo 'C:\Users\erick\OneDrive\Escritorio\New folder\secllm_terraform_integration\research_iac\integration\outputs_v2\codellama_7b\P0\terraform\question_0000.tf'...
[*] Evaluando regla 'suspicious_comment' en archivo 'C:\Users\erick\OneDrive\Escritorio\New folder\secllm_terraform_integration\research_iac\integration\outputs_v2\codellama_7b\P0\terraform\question_0000.tf'...
[Cache] Cache saved to cache.pkl (2960 entries)
[Cache] Cache saved to cache.pkl (2960 entries)
[2026-07-12 20:55:29]   auditando question_0003.tf (con qwen25-coder-audit)...
Configuration loaded from cache_config.yaml
[Cache] Cache loaded from cache.pkl with 2960 entries (saved at 2026-07-12 20:55:27)
[Cache] Cache initialized with TTL=-1s, max_entries=-1
[*] Evaluando regla 'hard_coded_secret' en archivo 'C:\Users\erick\OneDrive\Escritorio\New folder\secllm_terraform_integration\research_iac\integration\outputs_v2\codellama_7b\P0\terraform\question_0003.tf'...
[*] Evaluando regla 'empty_password' en archivo 'C:\Users\erick\OneDrive\Escritorio\New folder\secllm_terraform_integration\research_iac\integration\outputs_v2\codellama_7b\P0\terraform\question_0003.tf'...
[*] Evaluando regla 'admin_by_default' en archivo 'C:\Users\erick\OneDrive\Escritorio\New folder\secllm_terraform_integration\research_iac\integration\outputs_v2\codellama_7b\P0\terraform\question_0003.tf'...
[*] Evaluando regla 'unrestricted_ip_address' en archivo 'C:\Users\erick\OneDrive\Escritorio\New folder\secllm_terraform_integration\research_iac\integration\outputs_v2\codellama_7b\P0\terraform\question_0003.tf'...
[*] Evaluando regla 'use_of_http_without_tls' en archivo 'C:\Users\erick\OneDrive\Escritorio\New folder\secllm_terraform_integration\research_iac\integration\outputs_v2\codellama_7b\P0\terraform\question_0003.tf'...
[*] Evaluando regla 'no_integrity_check' en archivo 'C:\Users\erick\OneDrive\Escritorio\New folder\secllm_terraform_integration\research_iac\integration\outputs_v2\codellama_7b\P0\terraform\question_0003.tf'...
[*] Evaluando regla 'use_of_weak_cryptography' en archivo 'C:\Users\erick\OneDrive\Escritorio\New folder\secllm_terraform_integration\research_iac\integration\outputs_v2\codellama_7b\P0\terraform\question_0003.tf'...
[*] Evaluando regla 'suspicious_comment' en archivo 'C:\Users\erick\OneDrive\Escritorio\New folder\secllm_terraform_integration\research_iac\integration\outputs_v2\codellama_7b\P0\terraform\question_0003.tf'...
[Cache] Cache saved to cache.pkl (2968 entries)
[Cache] Cache saved to cache.pkl (2968 entries)
[2026-07-12 20:56:02]   auditando question_0005.tf (con qwen25-coder-audit)...
Configuration loaded from cache_config.yaml
[Cache] Cache loaded from cache.pkl with 2968 entries (saved at 2026-07-12 20:56:00)
[Cache] Cache initialized with TTL=-1s, max_entries=-1
[*] Evaluando regla 'hard_coded_secret' en archivo 'C:\Users\erick\OneDrive\Escritorio\New folder\secllm_terraform_integration\research_iac\integration\outputs_v2\codellama_7b\P0\terraform\question_0005.tf'...
[*] Evaluando regla 'empty_password' en archivo 'C:\Users\erick\OneDrive\Escritorio\New folder\secllm_terraform_integration\research_iac\integration\outputs_v2\codellama_7b\P0\terraform\question_0005.tf'...
[*] Evaluando regla 'admin_by_default' en archivo 'C:\Users\erick\OneDrive\Escritorio\New folder\secllm_terraform_integration\research_iac\integration\outputs_v2\codellama_7b\P0\terraform\question_0005.tf'...
[*] Evaluando regla 'unrestricted_ip_address' en archivo 'C:\Users\erick\OneDrive\Escritorio\New folder\secllm_terraform_integration\research_iac\integration\outputs_v2\codellama_7b\P0\terraform\question_0005.tf'...
[*] Evaluando regla 'use_of_http_without_tls' en archivo 'C:\Users\erick\OneDrive\Escritorio\New folder\secllm_terraform_integration\research_iac\integration\outputs_v2\codellama_7b\P0\terraform\question_0005.tf'...
[*] Evaluando regla 'no_integrity_check' en archivo 'C:\Users\erick\OneDrive\Escritorio\New folder\secllm_terraform_integration\research_iac\integration\outputs_v2\codellama_7b\P0\terraform\question_0005.tf'...
[*] Evaluando regla 'use_of_weak_cryptography' en archivo 'C:\Users\erick\OneDrive\Escritorio\New folder\secllm_terraform_integration\research_iac\integration\outputs_v2\codellama_7b\P0\terraform\question_0005.tf'...
[*] Evaluando regla 'suspicious_comment' en archivo 'C:\Users\erick\OneDrive\Escritorio\New folder\secllm_terraform_integration\research_iac\integration\outputs_v2\codellama_7b\P0\terraform\question_0005.tf'...
[Cache] Cache saved to cache.pkl (2976 entries)
[Cache] Cache saved to cache.pkl (2976 entries)
[2026-07-12 20:56:47]   auditando question_0012.tf (con qwen25-coder-audit)...
Configuration loaded from cache_config.yaml
[Cache] Cache loaded from cache.pkl with 2976 entries (saved at 2026-07-12 20:56:45)
[Cache] Cache initialized with TTL=-1s, max_entries=-1
[*] Evaluando regla 'hard_coded_secret' en archivo 'C:\Users\erick\OneDrive\Escritorio\New folder\secllm_terraform_integration\research_iac\integration\outputs_v2\codellama_7b\P0\terraform\question_0012.tf'...
[*] Evaluando regla 'empty_password' en archivo 'C:\Users\erick\OneDrive\Escritorio\New folder\secllm_terraform_integration\research_iac\integration\outputs_v2\codellama_7b\P0\terraform\question_0012.tf'...
[*] Evaluando regla 'admin_by_default' en archivo 'C:\Users\erick\OneDrive\Escritorio\New folder\secllm_terraform_integration\research_iac\integration\outputs_v2\codellama_7b\P0\terraform\question_0012.tf'...
[*] Evaluando regla 'unrestricted_ip_address' en archivo 'C:\Users\erick\OneDrive\Escritorio\New folder\secllm_terraform_integration\research_iac\integration\outputs_v2\codellama_7b\P0\terraform\question_0012.tf'...
[*] Evaluando regla 'use_of_http_without_tls' en archivo 'C:\Users\erick\OneDrive\Escritorio\New folder\secllm_terraform_integration\research_iac\integration\outputs_v2\codellama_7b\P0\terraform\question_0012.tf'...
[*] Evaluando regla 'no_integrity_check' en archivo 'C:\Users\erick\OneDrive\Escritorio\New folder\secllm_terraform_integration\research_iac\integration\outputs_v2\codellama_7b\P0\terraform\question_0012.tf'...
[*] Evaluando regla 'use_of_weak_cryptography' en archivo 'C:\Users\erick\OneDrive\Escritorio\New folder\secllm_terraform_integration\research_iac\integration\outputs_v2\codellama_7b\P0\terraform\question_0012.tf'...
[*] Evaluando regla 'suspicious_comment' en archivo 'C:\Users\erick\OneDrive\Escritorio\New folder\secllm_terraform_integration\research_iac\integration\outputs_v2\codellama_7b\P0\terraform\question_0012.tf'...
[Cache] Cache saved to cache.pkl (2984 entries)
[Cache] Cache saved to cache.pkl (2984 entries)
[2026-07-12 20:57:19]   auditando question_0018.tf (con qwen25-coder-audit)...
Configuration loaded from cache_config.yaml
[Cache] Cache loaded from cache.pkl with 2984 entries (saved at 2026-07-12 20:57:17)
[Cache] Cache initialized with TTL=-1s, max_entries=-1
[*] Evaluando regla 'hard_coded_secret' en archivo 'C:\Users\erick\OneDrive\Escritorio\New folder\secllm_terraform_integration\research_iac\integration\outputs_v2\codellama_7b\P0\terraform\question_0018.tf'...
[*] Evaluando regla 'empty_password' en archivo 'C:\Users\erick\OneDrive\Escritorio\New folder\secllm_terraform_integration\research_iac\integration\outputs_v2\codellama_7b\P0\terraform\question_0018.tf'...
[*] Evaluando regla 'admin_by_default' en archivo 'C:\Users\erick\OneDrive\Escritorio\New folder\secllm_terraform_integration\research_iac\integration\outputs_v2\codellama_7b\P0\terraform\question_0018.tf'...
[*] Evaluando regla 'unrestricted_ip_address' en archivo 'C:\Users\erick\OneDrive\Escritorio\New folder\secllm_terraform_integration\research_iac\integration\outputs_v2\codellama_7b\P0\terraform\question_0018.tf'...
[*] Evaluando regla 'use_of_http_without_tls' en archivo 'C:\Users\erick\OneDrive\Escritorio\New folder\secllm_terraform_integration\research_iac\integration\outputs_v2\codellama_7b\P0\terraform\question_0018.tf'...
[*] Evaluando regla 'no_integrity_check' en archivo 'C:\Users\erick\OneDrive\Escritorio\New folder\secllm_terraform_integration\research_iac\integration\outputs_v2\codellama_7b\P0\terraform\question_0018.tf'...
[*] Evaluando regla 'use_of_weak_cryptography' en archivo 'C:\Users\erick\OneDrive\Escritorio\New folder\secllm_terraform_integration\research_iac\integration\outputs_v2\codellama_7b\P0\terraform\question_0018.tf'...
[*] Evaluando regla 'suspicious_comment' en archivo 'C:\Users\erick\OneDrive\Escritorio\New folder\secllm_terraform_integration\research_iac\integration\outputs_v2\codellama_7b\P0\terraform\question_0018.tf'...
[Cache] Cache saved to cache.pkl (2992 entries)
[Cache] Cache saved to cache.pkl (2992 entries)
[2026-07-12 20:57:49]   auditando question_0020.tf (con qwen25-coder-audit)...
Configuration loaded from cache_config.yaml
[Cache] Cache loaded from cache.pkl with 2992 entries (saved at 2026-07-12 20:57:47)
[Cache] Cache initialized with TTL=-1s, max_entries=-1
[*] Evaluando regla 'hard_coded_secret' en archivo 'C:\Users\erick\OneDrive\Escritorio\New folder\secllm_terraform_integration\research_iac\integration\outputs_v2\codellama_7b\P0\terraform\question_0020.tf'...
[*] Evaluando regla 'empty_password' en archivo 'C:\Users\erick\OneDrive\Escritorio\New folder\secllm_terraform_integration\research_iac\integration\outputs_v2\codellama_7b\P0\terraform\question_0020.tf'...
[*] Evaluando regla 'admin_by_default' en archivo 'C:\Users\erick\OneDrive\Escritorio\New folder\secllm_terraform_integration\research_iac\integration\outputs_v2\codellama_7b\P0\terraform\question_0020.tf'...
[*] Evaluando regla 'unrestricted_ip_address' en archivo 'C:\Users\erick\OneDrive\Escritorio\New folder\secllm_terraform_integration\research_iac\integration\outputs_v2\codellama_7b\P0\terraform\question_0020.tf'...
[*] Evaluando regla 'use_of_http_without_tls' en archivo 'C:\Users\erick\OneDrive\Escritorio\New folder\secllm_terraform_integration\research_iac\integration\outputs_v2\codellama_7b\P0\terraform\question_0020.tf'...
[*] Evaluando regla 'no_integrity_check' en archivo 'C:\Users\erick\OneDrive\Escritorio\New folder\secllm_terraform_integration\research_iac\integration\outputs_v2\codellama_7b\P0\terraform\question_0020.tf'...
[*] Evaluando regla 'use_of_weak_cryptography' en archivo 'C:\Users\erick\OneDrive\Escritorio\New folder\secllm_terraform_integration\research_iac\integration\outputs_v2\codellama_7b\P0\terraform\question_0020.tf'...
[*] Evaluando regla 'suspicious_comment' en archivo 'C:\Users\erick\OneDrive\Escritorio\New folder\secllm_terraform_integration\research_iac\integration\outputs_v2\codellama_7b\P0\terraform\question_0020.tf'...
[Cache] Cache saved to cache.pkl (3000 entries)
[Cache] Cache saved to cache.pkl (3000 entries)
[2026-07-12 20:58:19]   auditando question_0024.tf (con qwen25-coder-audit)...
Configuration loaded from cache_config.yaml
[Cache] Cache loaded from cache.pkl with 3000 entries (saved at 2026-07-12 20:58:17)
[Cache] Cache initialized with TTL=-1s, max_entries=-1
[*] Evaluando regla 'hard_coded_secret' en archivo 'C:\Users\erick\OneDrive\Escritorio\New folder\secllm_terraform_integration\research_iac\integration\outputs_v2\codellama_7b\P0\terraform\question_0024.tf'...
[*] Evaluando regla 'empty_password' en archivo 'C:\Users\erick\OneDrive\Escritorio\New folder\secllm_terraform_integration\research_iac\integration\outputs_v2\codellama_7b\P0\terraform\question_0024.tf'...
[*] Evaluando regla 'admin_by_default' en archivo 'C:\Users\erick\OneDrive\Escritorio\New folder\secllm_terraform_integration\research_iac\integration\outputs_v2\codellama_7b\P0\terraform\question_0024.tf'...
[*] Evaluando regla 'unrestricted_ip_address' en archivo 'C:\Users\erick\OneDrive\Escritorio\New folder\secllm_terraform_integration\research_iac\integration\outputs_v2\codellama_7b\P0\terraform\question_0024.tf'...
[*] Evaluando regla 'use_of_http_without_tls' en archivo 'C:\Users\erick\OneDrive\Escritorio\New folder\secllm_terraform_integration\research_iac\integration\outputs_v2\codellama_7b\P0\terraform\question_0024.tf'...
[*] Evaluando regla 'no_integrity_check' en archivo 'C:\Users\erick\OneDrive\Escritorio\New folder\secllm_terraform_integration\research_iac\integration\outputs_v2\codellama_7b\P0\terraform\question_0024.tf'...
[*] Evaluando regla 'use_of_weak_cryptography' en archivo 'C:\Users\erick\OneDrive\Escritorio\New folder\secllm_terraform_integration\research_iac\integration\outputs_v2\codellama_7b\P0\terraform\question_0024.tf'...
[*] Evaluando regla 'suspicious_comment' en archivo 'C:\Users\erick\OneDrive\Escritorio\New folder\secllm_terraform_integration\research_iac\integration\outputs_v2\codellama_7b\P0\terraform\question_0024.tf'...
[Cache] Cache saved to cache.pkl (3008 entries)
[Cache] Cache saved to cache.pkl (3008 entries)
[2026-07-12 20:59:14]   auditando question_0038.tf (con qwen25-coder-audit)...
Configuration loaded from cache_config.yaml
[Cache] Cache loaded from cache.pkl with 3008 entries (saved at 2026-07-12 20:59:13)
[Cache] Cache initialized with TTL=-1s, max_entries=-1
[*] Evaluando regla 'hard_coded_secret' en archivo 'C:\Users\erick\OneDrive\Escritorio\New folder\secllm_terraform_integration\research_iac\integration\outputs_v2\codellama_7b\P0\terraform\question_0038.tf'...
[*] Evaluando regla 'empty_password' en archivo 'C:\Users\erick\OneDrive\Escritorio\New folder\secllm_terraform_integration\research_iac\integration\outputs_v2\codellama_7b\P0\terraform\question_0038.tf'...
[*] Evaluando regla 'admin_by_default' en archivo 'C:\Users\erick\OneDrive\Escritorio\New folder\secllm_terraform_integration\research_iac\integration\outputs_v2\codellama_7b\P0\terraform\question_0038.tf'...
[*] Evaluando regla 'unrestricted_ip_address' en archivo 'C:\Users\erick\OneDrive\Escritorio\New folder\secllm_terraform_integration\research_iac\integration\outputs_v2\codellama_7b\P0\terraform\question_0038.tf'...
[*] Evaluando regla 'use_of_http_without_tls' en archivo 'C:\Users\erick\OneDrive\Escritorio\New folder\secllm_terraform_integration\research_iac\integration\outputs_v2\codellama_7b\P0\terraform\question_0038.tf'...
[*] Evaluando regla 'no_integrity_check' en archivo 'C:\Users\erick\OneDrive\Escritorio\New folder\secllm_terraform_integration\research_iac\integration\outputs_v2\codellama_7b\P0\terraform\question_0038.tf'...
[*] Evaluando regla 'use_of_weak_cryptography' en archivo 'C:\Users\erick\OneDrive\Escritorio\New folder\secllm_terraform_integration\research_iac\integration\outputs_v2\codellama_7b\P0\terraform\question_0038.tf'...
[*] Evaluando regla 'suspicious_comment' en archivo 'C:\Users\erick\OneDrive\Escritorio\New folder\secllm_terraform_integration\research_iac\integration\outputs_v2\codellama_7b\P0\terraform\question_0038.tf'...
[Cache] Cache saved to cache.pkl (3016 entries)
[Cache] Cache saved to cache.pkl (3016 entries)
[2026-07-12 20:59:52]   auditando question_0051.tf (con qwen25-coder-audit)...
Configuration loaded from cache_config.yaml
[Cache] Cache loaded from cache.pkl with 3016 entries (saved at 2026-07-12 20:59:50)
[Cache] Cache initialized with TTL=-1s, max_entries=-1
[*] Evaluando regla 'hard_coded_secret' en archivo 'C:\Users\erick\OneDrive\Escritorio\New folder\secllm_terraform_integration\research_iac\integration\outputs_v2\codellama_7b\P0\terraform\question_0051.tf'...
[*] Evaluando regla 'empty_password' en archivo 'C:\Users\erick\OneDrive\Escritorio\New folder\secllm_terraform_integration\research_iac\integration\outputs_v2\codellama_7b\P0\terraform\question_0051.tf'...
[*] Evaluando regla 'admin_by_default' en archivo 'C:\Users\erick\OneDrive\Escritorio\New folder\secllm_terraform_integration\research_iac\integration\outputs_v2\codellama_7b\P0\terraform\question_0051.tf'...
[*] Evaluando regla 'unrestricted_ip_address' en archivo 'C:\Users\erick\OneDrive\Escritorio\New folder\secllm_terraform_integration\research_iac\integration\outputs_v2\codellama_7b\P0\terraform\question_0051.tf'...
[*] Evaluando regla 'use_of_http_without_tls' en archivo 'C:\Users\erick\OneDrive\Escritorio\New folder\secllm_terraform_integration\research_iac\integration\outputs_v2\codellama_7b\P0\terraform\question_0051.tf'...
[*] Evaluando regla 'no_integrity_check' en archivo 'C:\Users\erick\OneDrive\Escritorio\New folder\secllm_terraform_integration\research_iac\integration\outputs_v2\codellama_7b\P0\terraform\question_0051.tf'...
[*] Evaluando regla 'use_of_weak_cryptography' en archivo 'C:\Users\erick\OneDrive\Escritorio\New folder\secllm_terraform_integration\research_iac\integration\outputs_v2\codellama_7b\P0\terraform\question_0051.tf'...
[*] Evaluando regla 'suspicious_comment' en archivo 'C:\Users\erick\OneDrive\Escritorio\New folder\secllm_terraform_integration\research_iac\integration\outputs_v2\codellama_7b\P0\terraform\question_0051.tf'...
[Cache] Cache saved to cache.pkl (3024 entries)
[Cache] Cache saved to cache.pkl (3024 entries)
[2026-07-12 21:00:26]   auditando question_0064.tf (con qwen25-coder-audit)...
Configuration loaded from cache_config.yaml
[Cache] Cache loaded from cache.pkl with 3024 entries (saved at 2026-07-12 21:00:24)
[Cache] Cache initialized with TTL=-1s, max_entries=-1
[*] Evaluando regla 'hard_coded_secret' en archivo 'C:\Users\erick\OneDrive\Escritorio\New folder\secllm_terraform_integration\research_iac\integration\outputs_v2\codellama_7b\P0\terraform\question_0064.tf'...
[*] Evaluando regla 'empty_password' en archivo 'C:\Users\erick\OneDrive\Escritorio\New folder\secllm_terraform_integration\research_iac\integration\outputs_v2\codellama_7b\P0\terraform\question_0064.tf'...
[*] Evaluando regla 'admin_by_default' en archivo 'C:\Users\erick\OneDrive\Escritorio\New folder\secllm_terraform_integration\research_iac\integration\outputs_v2\codellama_7b\P0\terraform\question_0064.tf'...
[*] Evaluando regla 'unrestricted_ip_address' en archivo 'C:\Users\erick\OneDrive\Escritorio\New folder\secllm_terraform_integration\research_iac\integration\outputs_v2\codellama_7b\P0\terraform\question_0064.tf'...
[*] Evaluando regla 'use_of_http_without_tls' en archivo 'C:\Users\erick\OneDrive\Escritorio\New folder\secllm_terraform_integration\research_iac\integration\outputs_v2\codellama_7b\P0\terraform\question_0064.tf'...
[*] Evaluando regla 'no_integrity_check' en archivo 'C:\Users\erick\OneDrive\Escritorio\New folder\secllm_terraform_integration\research_iac\integration\outputs_v2\codellama_7b\P0\terraform\question_0064.tf'...
[*] Evaluando regla 'use_of_weak_cryptography' en archivo 'C:\Users\erick\OneDrive\Escritorio\New folder\secllm_terraform_integration\research_iac\integration\outputs_v2\codellama_7b\P0\terraform\question_0064.tf'...
[*] Evaluando regla 'suspicious_comment' en archivo 'C:\Users\erick\OneDrive\Escritorio\New folder\secllm_terraform_integration\research_iac\integration\outputs_v2\codellama_7b\P0\terraform\question_0064.tf'...
[Cache] Cache saved to cache.pkl (3032 entries)
[Cache] Cache saved to cache.pkl (3032 entries)
[2026-07-12 21:00:58]   auditando question_0073.tf (con qwen25-coder-audit)...
Configuration loaded from cache_config.yaml
[Cache] Cache loaded from cache.pkl with 3032 entries (saved at 2026-07-12 21:00:57)
[Cache] Cache initialized with TTL=-1s, max_entries=-1
[*] Evaluando regla 'hard_coded_secret' en archivo 'C:\Users\erick\OneDrive\Escritorio\New folder\secllm_terraform_integration\research_iac\integration\outputs_v2\codellama_7b\P0\terraform\question_0073.tf'...
[*] Evaluando regla 'empty_password' en archivo 'C:\Users\erick\OneDrive\Escritorio\New folder\secllm_terraform_integration\research_iac\integration\outputs_v2\codellama_7b\P0\terraform\question_0073.tf'...
[*] Evaluando regla 'admin_by_default' en archivo 'C:\Users\erick\OneDrive\Escritorio\New folder\secllm_terraform_integration\research_iac\integration\outputs_v2\codellama_7b\P0\terraform\question_0073.tf'...
[*] Evaluando regla 'unrestricted_ip_address' en archivo 'C:\Users\erick\OneDrive\Escritorio\New folder\secllm_terraform_integration\research_iac\integration\outputs_v2\codellama_7b\P0\terraform\question_0073.tf'...
[*] Evaluando regla 'use_of_http_without_tls' en archivo 'C:\Users\erick\OneDrive\Escritorio\New folder\secllm_terraform_integration\research_iac\integration\outputs_v2\codellama_7b\P0\terraform\question_0073.tf'...
[*] Evaluando regla 'no_integrity_check' en archivo 'C:\Users\erick\OneDrive\Escritorio\New folder\secllm_terraform_integration\research_iac\integration\outputs_v2\codellama_7b\P0\terraform\question_0073.tf'...
[*] Evaluando regla 'use_of_weak_cryptography' en archivo 'C:\Users\erick\OneDrive\Escritorio\New folder\secllm_terraform_integration\research_iac\integration\outputs_v2\codellama_7b\P0\terraform\question_0073.tf'...
[*] Evaluando regla 'suspicious_comment' en archivo 'C:\Users\erick\OneDrive\Escritorio\New folder\secllm_terraform_integration\research_iac\integration\outputs_v2\codellama_7b\P0\terraform\question_0073.tf'...
[Cache] Cache saved to cache.pkl (3040 entries)
[Cache] Cache saved to cache.pkl (3040 entries)
[2026-07-12 21:01:36]   auditando question_0075.tf (con qwen25-coder-audit)...
Configuration loaded from cache_config.yaml
[Cache] Cache loaded from cache.pkl with 3040 entries (saved at 2026-07-12 21:01:34)
[Cache] Cache initialized with TTL=-1s, max_entries=-1
[*] Evaluando regla 'hard_coded_secret' en archivo 'C:\Users\erick\OneDrive\Escritorio\New folder\secllm_terraform_integration\research_iac\integration\outputs_v2\codellama_7b\P0\terraform\question_0075.tf'...
[*] Evaluando regla 'empty_password' en archivo 'C:\Users\erick\OneDrive\Escritorio\New folder\secllm_terraform_integration\research_iac\integration\outputs_v2\codellama_7b\P0\terraform\question_0075.tf'...
[*] Evaluando regla 'admin_by_default' en archivo 'C:\Users\erick\OneDrive\Escritorio\New folder\secllm_terraform_integration\research_iac\integration\outputs_v2\codellama_7b\P0\terraform\question_0075.tf'...
[*] Evaluando regla 'unrestricted_ip_address' en archivo 'C:\Users\erick\OneDrive\Escritorio\New folder\secllm_terraform_integration\research_iac\integration\outputs_v2\codellama_7b\P0\terraform\question_0075.tf'...
[*] Evaluando regla 'use_of_http_without_tls' en archivo 'C:\Users\erick\OneDrive\Escritorio\New folder\secllm_terraform_integration\research_iac\integration\outputs_v2\codellama_7b\P0\terraform\question_0075.tf'...
[*] Evaluando regla 'no_integrity_check' en archivo 'C:\Users\erick\OneDrive\Escritorio\New folder\secllm_terraform_integration\research_iac\integration\outputs_v2\codellama_7b\P0\terraform\question_0075.tf'...
[*] Evaluando regla 'use_of_weak_cryptography' en archivo 'C:\Users\erick\OneDrive\Escritorio\New folder\secllm_terraform_integration\research_iac\integration\outputs_v2\codellama_7b\P0\terraform\question_0075.tf'...
[*] Evaluando regla 'suspicious_comment' en archivo 'C:\Users\erick\OneDrive\Escritorio\New folder\secllm_terraform_integration\research_iac\integration\outputs_v2\codellama_7b\P0\terraform\question_0075.tf'...
[Cache] Cache saved to cache.pkl (3048 entries)
[Cache] Cache saved to cache.pkl (3048 entries)
[2026-07-12 21:02:06]   auditando question_0080.tf (con qwen25-coder-audit)...
Configuration loaded from cache_config.yaml
[Cache] Cache loaded from cache.pkl with 3048 entries (saved at 2026-07-12 21:02:04)
[Cache] Cache initialized with TTL=-1s, max_entries=-1
[*] Evaluando regla 'hard_coded_secret' en archivo 'C:\Users\erick\OneDrive\Escritorio\New folder\secllm_terraform_integration\research_iac\integration\outputs_v2\codellama_7b\P0\terraform\question_0080.tf'...
[*] Evaluando regla 'empty_password' en archivo 'C:\Users\erick\OneDrive\Escritorio\New folder\secllm_terraform_integration\research_iac\integration\outputs_v2\codellama_7b\P0\terraform\question_0080.tf'...
[*] Evaluando regla 'admin_by_default' en archivo 'C:\Users\erick\OneDrive\Escritorio\New folder\secllm_terraform_integration\research_iac\integration\outputs_v2\codellama_7b\P0\terraform\question_0080.tf'...
[*] Evaluando regla 'unrestricted_ip_address' en archivo 'C:\Users\erick\OneDrive\Escritorio\New folder\secllm_terraform_integration\research_iac\integration\outputs_v2\codellama_7b\P0\terraform\question_0080.tf'...
[*] Evaluando regla 'use_of_http_without_tls' en archivo 'C:\Users\erick\OneDrive\Escritorio\New folder\secllm_terraform_integration\research_iac\integration\outputs_v2\codellama_7b\P0\terraform\question_0080.tf'...
[*] Evaluando regla 'no_integrity_check' en archivo 'C:\Users\erick\OneDrive\Escritorio\New folder\secllm_terraform_integration\research_iac\integration\outputs_v2\codellama_7b\P0\terraform\question_0080.tf'...
[*] Evaluando regla 'use_of_weak_cryptography' en archivo 'C:\Users\erick\OneDrive\Escritorio\New folder\secllm_terraform_integration\research_iac\integration\outputs_v2\codellama_7b\P0\terraform\question_0080.tf'...
[*] Evaluando regla 'suspicious_comment' en archivo 'C:\Users\erick\OneDrive\Escritorio\New folder\secllm_terraform_integration\research_iac\integration\outputs_v2\codellama_7b\P0\terraform\question_0080.tf'...
[Cache] Cache saved to cache.pkl (3056 entries)
[Cache] Cache saved to cache.pkl (3056 entries)
[2026-07-12 21:02:37]   auditando question_0132.tf (con qwen25-coder-audit)...
Configuration loaded from cache_config.yaml
[Cache] Cache loaded from cache.pkl with 3056 entries (saved at 2026-07-12 21:02:35)
[Cache] Cache initialized with TTL=-1s, max_entries=-1
[*] Evaluando regla 'hard_coded_secret' en archivo 'C:\Users\erick\OneDrive\Escritorio\New folder\secllm_terraform_integration\research_iac\integration\outputs_v2\codellama_7b\P0\terraform\question_0132.tf'...
[*] Evaluando regla 'empty_password' en archivo 'C:\Users\erick\OneDrive\Escritorio\New folder\secllm_terraform_integration\research_iac\integration\outputs_v2\codellama_7b\P0\terraform\question_0132.tf'...
[*] Evaluando regla 'admin_by_default' en archivo 'C:\Users\erick\OneDrive\Escritorio\New folder\secllm_terraform_integration\research_iac\integration\outputs_v2\codellama_7b\P0\terraform\question_0132.tf'...
[*] Evaluando regla 'unrestricted_ip_address' en archivo 'C:\Users\erick\OneDrive\Escritorio\New folder\secllm_terraform_integration\research_iac\integration\outputs_v2\codellama_7b\P0\terraform\question_0132.tf'...
[*] Evaluando regla 'use_of_http_without_tls' en archivo 'C:\Users\erick\OneDrive\Escritorio\New folder\secllm_terraform_integration\research_iac\integration\outputs_v2\codellama_7b\P0\terraform\question_0132.tf'...
[*] Evaluando regla 'no_integrity_check' en archivo 'C:\Users\erick\OneDrive\Escritorio\New folder\secllm_terraform_integration\research_iac\integration\outputs_v2\codellama_7b\P0\terraform\question_0132.tf'...
[*] Evaluando regla 'use_of_weak_cryptography' en archivo 'C:\Users\erick\OneDrive\Escritorio\New folder\secllm_terraform_integration\research_iac\integration\outputs_v2\codellama_7b\P0\terraform\question_0132.tf'...
[*] Evaluando regla 'suspicious_comment' en archivo 'C:\Users\erick\OneDrive\Escritorio\New folder\secllm_terraform_integration\research_iac\integration\outputs_v2\codellama_7b\P0\terraform\question_0132.tf'...
[Cache] Cache saved to cache.pkl (3064 entries)
[Cache] Cache saved to cache.pkl (3064 entries)
[2026-07-12 21:03:24]   auditando question_0141.tf (con qwen25-coder-audit)...
Configuration loaded from cache_config.yaml
[Cache] Cache loaded from cache.pkl with 3064 entries (saved at 2026-07-12 21:03:23)
[Cache] Cache initialized with TTL=-1s, max_entries=-1
[*] Evaluando regla 'hard_coded_secret' en archivo 'C:\Users\erick\OneDrive\Escritorio\New folder\secllm_terraform_integration\research_iac\integration\outputs_v2\codellama_7b\P0\terraform\question_0141.tf'...
[*] Evaluando regla 'empty_password' en archivo 'C:\Users\erick\OneDrive\Escritorio\New folder\secllm_terraform_integration\research_iac\integration\outputs_v2\codellama_7b\P0\terraform\question_0141.tf'...
[*] Evaluando regla 'admin_by_default' en archivo 'C:\Users\erick\OneDrive\Escritorio\New folder\secllm_terraform_integration\research_iac\integration\outputs_v2\codellama_7b\P0\terraform\question_0141.tf'...
[*] Evaluando regla 'unrestricted_ip_address' en archivo 'C:\Users\erick\OneDrive\Escritorio\New folder\secllm_terraform_integration\research_iac\integration\outputs_v2\codellama_7b\P0\terraform\question_0141.tf'...
[*] Evaluando regla 'use_of_http_without_tls' en archivo 'C:\Users\erick\OneDrive\Escritorio\New folder\secllm_terraform_integration\research_iac\integration\outputs_v2\codellama_7b\P0\terraform\question_0141.tf'...
[*] Evaluando regla 'no_integrity_check' en archivo 'C:\Users\erick\OneDrive\Escritorio\New folder\secllm_terraform_integration\research_iac\integration\outputs_v2\codellama_7b\P0\terraform\question_0141.tf'...
[*] Evaluando regla 'use_of_weak_cryptography' en archivo 'C:\Users\erick\OneDrive\Escritorio\New folder\secllm_terraform_integration\research_iac\integration\outputs_v2\codellama_7b\P0\terraform\question_0141.tf'...
[*] Evaluando regla 'suspicious_comment' en archivo 'C:\Users\erick\OneDrive\Escritorio\New folder\secllm_terraform_integration\research_iac\integration\outputs_v2\codellama_7b\P0\terraform\question_0141.tf'...
[Cache] Cache saved to cache.pkl (3072 entries)
[Cache] Cache saved to cache.pkl (3072 entries)
[2026-07-12 21:04:00]   auditando question_0153.tf (con qwen25-coder-audit)...
Configuration loaded from cache_config.yaml
[Cache] Cache loaded from cache.pkl with 3072 entries (saved at 2026-07-12 21:03:58)
[Cache] Cache initialized with TTL=-1s, max_entries=-1
[*] Evaluando regla 'hard_coded_secret' en archivo 'C:\Users\erick\OneDrive\Escritorio\New folder\secllm_terraform_integration\research_iac\integration\outputs_v2\codellama_7b\P0\terraform\question_0153.tf'...
[*] Evaluando regla 'empty_password' en archivo 'C:\Users\erick\OneDrive\Escritorio\New folder\secllm_terraform_integration\research_iac\integration\outputs_v2\codellama_7b\P0\terraform\question_0153.tf'...
[*] Evaluando regla 'admin_by_default' en archivo 'C:\Users\erick\OneDrive\Escritorio\New folder\secllm_terraform_integration\research_iac\integration\outputs_v2\codellama_7b\P0\terraform\question_0153.tf'...
[*] Evaluando regla 'unrestricted_ip_address' en archivo 'C:\Users\erick\OneDrive\Escritorio\New folder\secllm_terraform_integration\research_iac\integration\outputs_v2\codellama_7b\P0\terraform\question_0153.tf'...
[*] Evaluando regla 'use_of_http_without_tls' en archivo 'C:\Users\erick\OneDrive\Escritorio\New folder\secllm_terraform_integration\research_iac\integration\outputs_v2\codellama_7b\P0\terraform\question_0153.tf'...
[*] Evaluando regla 'no_integrity_check' en archivo 'C:\Users\erick\OneDrive\Escritorio\New folder\secllm_terraform_integration\research_iac\integration\outputs_v2\codellama_7b\P0\terraform\question_0153.tf'...
[*] Evaluando regla 'use_of_weak_cryptography' en archivo 'C:\Users\erick\OneDrive\Escritorio\New folder\secllm_terraform_integration\research_iac\integration\outputs_v2\codellama_7b\P0\terraform\question_0153.tf'...
[*] Evaluando regla 'suspicious_comment' en archivo 'C:\Users\erick\OneDrive\Escritorio\New folder\secllm_terraform_integration\research_iac\integration\outputs_v2\codellama_7b\P0\terraform\question_0153.tf'...
[Cache] Cache saved to cache.pkl (3080 entries)
[Cache] Cache saved to cache.pkl (3080 entries)
[2026-07-12 21:04:30]   auditando question_0180.tf (con qwen25-coder-audit)...
Configuration loaded from cache_config.yaml
[Cache] Cache loaded from cache.pkl with 3080 entries (saved at 2026-07-12 21:04:28)
[Cache] Cache initialized with TTL=-1s, max_entries=-1
[*] Evaluando regla 'hard_coded_secret' en archivo 'C:\Users\erick\OneDrive\Escritorio\New folder\secllm_terraform_integration\research_iac\integration\outputs_v2\codellama_7b\P0\terraform\question_0180.tf'...
[*] Evaluando regla 'empty_password' en archivo 'C:\Users\erick\OneDrive\Escritorio\New folder\secllm_terraform_integration\research_iac\integration\outputs_v2\codellama_7b\P0\terraform\question_0180.tf'...
[*] Evaluando regla 'admin_by_default' en archivo 'C:\Users\erick\OneDrive\Escritorio\New folder\secllm_terraform_integration\research_iac\integration\outputs_v2\codellama_7b\P0\terraform\question_0180.tf'...
[*] Evaluando regla 'unrestricted_ip_address' en archivo 'C:\Users\erick\OneDrive\Escritorio\New folder\secllm_terraform_integration\research_iac\integration\outputs_v2\codellama_7b\P0\terraform\question_0180.tf'...
[*] Evaluando regla 'use_of_http_without_tls' en archivo 'C:\Users\erick\OneDrive\Escritorio\New folder\secllm_terraform_integration\research_iac\integration\outputs_v2\codellama_7b\P0\terraform\question_0180.tf'...
[*] Evaluando regla 'no_integrity_check' en archivo 'C:\Users\erick\OneDrive\Escritorio\New folder\secllm_terraform_integration\research_iac\integration\outputs_v2\codellama_7b\P0\terraform\question_0180.tf'...
[*] Evaluando regla 'use_of_weak_cryptography' en archivo 'C:\Users\erick\OneDrive\Escritorio\New folder\secllm_terraform_integration\research_iac\integration\outputs_v2\codellama_7b\P0\terraform\question_0180.tf'...
[*] Evaluando regla 'suspicious_comment' en archivo 'C:\Users\erick\OneDrive\Escritorio\New folder\secllm_terraform_integration\research_iac\integration\outputs_v2\codellama_7b\P0\terraform\question_0180.tf'...
[Cache] Cache saved to cache.pkl (3088 entries)
[Cache] Cache saved to cache.pkl (3088 entries)
[2026-07-12 21:05:00]   auditando question_0186.tf (con qwen25-coder-audit)...
Configuration loaded from cache_config.yaml
[Cache] Cache loaded from cache.pkl with 3088 entries (saved at 2026-07-12 21:04:58)
[Cache] Cache initialized with TTL=-1s, max_entries=-1
[*] Evaluando regla 'hard_coded_secret' en archivo 'C:\Users\erick\OneDrive\Escritorio\New folder\secllm_terraform_integration\research_iac\integration\outputs_v2\codellama_7b\P0\terraform\question_0186.tf'...
[*] Evaluando regla 'empty_password' en archivo 'C:\Users\erick\OneDrive\Escritorio\New folder\secllm_terraform_integration\research_iac\integration\outputs_v2\codellama_7b\P0\terraform\question_0186.tf'...
[*] Evaluando regla 'admin_by_default' en archivo 'C:\Users\erick\OneDrive\Escritorio\New folder\secllm_terraform_integration\research_iac\integration\outputs_v2\codellama_7b\P0\terraform\question_0186.tf'...
[*] Evaluando regla 'unrestricted_ip_address' en archivo 'C:\Users\erick\OneDrive\Escritorio\New folder\secllm_terraform_integration\research_iac\integration\outputs_v2\codellama_7b\P0\terraform\question_0186.tf'...
[*] Evaluando regla 'use_of_http_without_tls' en archivo 'C:\Users\erick\OneDrive\Escritorio\New folder\secllm_terraform_integration\research_iac\integration\outputs_v2\codellama_7b\P0\terraform\question_0186.tf'...
[*] Evaluando regla 'no_integrity_check' en archivo 'C:\Users\erick\OneDrive\Escritorio\New folder\secllm_terraform_integration\research_iac\integration\outputs_v2\codellama_7b\P0\terraform\question_0186.tf'...
[*] Evaluando regla 'use_of_weak_cryptography' en archivo 'C:\Users\erick\OneDrive\Escritorio\New folder\secllm_terraform_integration\research_iac\integration\outputs_v2\codellama_7b\P0\terraform\question_0186.tf'...
[*] Evaluando regla 'suspicious_comment' en archivo 'C:\Users\erick\OneDrive\Escritorio\New folder\secllm_terraform_integration\research_iac\integration\outputs_v2\codellama_7b\P0\terraform\question_0186.tf'...
[Cache] Cache saved to cache.pkl (3096 entries)
[Cache] Cache saved to cache.pkl (3096 entries)
[2026-07-12 21:05:31]   auditando question_0190.tf (con qwen25-coder-audit)...
Configuration loaded from cache_config.yaml
[Cache] Cache loaded from cache.pkl with 3096 entries (saved at 2026-07-12 21:05:29)
[Cache] Cache initialized with TTL=-1s, max_entries=-1
[*] Evaluando regla 'hard_coded_secret' en archivo 'C:\Users\erick\OneDrive\Escritorio\New folder\secllm_terraform_integration\research_iac\integration\outputs_v2\codellama_7b\P0\terraform\question_0190.tf'...
[*] Evaluando regla 'empty_password' en archivo 'C:\Users\erick\OneDrive\Escritorio\New folder\secllm_terraform_integration\research_iac\integration\outputs_v2\codellama_7b\P0\terraform\question_0190.tf'...
[*] Evaluando regla 'admin_by_default' en archivo 'C:\Users\erick\OneDrive\Escritorio\New folder\secllm_terraform_integration\research_iac\integration\outputs_v2\codellama_7b\P0\terraform\question_0190.tf'...
[*] Evaluando regla 'unrestricted_ip_address' en archivo 'C:\Users\erick\OneDrive\Escritorio\New folder\secllm_terraform_integration\research_iac\integration\outputs_v2\codellama_7b\P0\terraform\question_0190.tf'...
[*] Evaluando regla 'use_of_http_without_tls' en archivo 'C:\Users\erick\OneDrive\Escritorio\New folder\secllm_terraform_integration\research_iac\integration\outputs_v2\codellama_7b\P0\terraform\question_0190.tf'...
[*] Evaluando regla 'no_integrity_check' en archivo 'C:\Users\erick\OneDrive\Escritorio\New folder\secllm_terraform_integration\research_iac\integration\outputs_v2\codellama_7b\P0\terraform\question_0190.tf'...
[*] Evaluando regla 'use_of_weak_cryptography' en archivo 'C:\Users\erick\OneDrive\Escritorio\New folder\secllm_terraform_integration\research_iac\integration\outputs_v2\codellama_7b\P0\terraform\question_0190.tf'...
[*] Evaluando regla 'suspicious_comment' en archivo 'C:\Users\erick\OneDrive\Escritorio\New folder\secllm_terraform_integration\research_iac\integration\outputs_v2\codellama_7b\P0\terraform\question_0190.tf'...
[Cache] Cache saved to cache.pkl (3104 entries)
[Cache] Cache saved to cache.pkl (3104 entries)
[2026-07-12 21:06:07]   auditando question_0201.tf (con qwen25-coder-audit)...
Configuration loaded from cache_config.yaml
[Cache] Cache loaded from cache.pkl with 3104 entries (saved at 2026-07-12 21:06:05)
[Cache] Cache initialized with TTL=-1s, max_entries=-1
[*] Evaluando regla 'hard_coded_secret' en archivo 'C:\Users\erick\OneDrive\Escritorio\New folder\secllm_terraform_integration\research_iac\integration\outputs_v2\codellama_7b\P0\terraform\question_0201.tf'...
[*] Evaluando regla 'empty_password' en archivo 'C:\Users\erick\OneDrive\Escritorio\New folder\secllm_terraform_integration\research_iac\integration\outputs_v2\codellama_7b\P0\terraform\question_0201.tf'...
[*] Evaluando regla 'admin_by_default' en archivo 'C:\Users\erick\OneDrive\Escritorio\New folder\secllm_terraform_integration\research_iac\integration\outputs_v2\codellama_7b\P0\terraform\question_0201.tf'...
[*] Evaluando regla 'unrestricted_ip_address' en archivo 'C:\Users\erick\OneDrive\Escritorio\New folder\secllm_terraform_integration\research_iac\integration\outputs_v2\codellama_7b\P0\terraform\question_0201.tf'...
[*] Evaluando regla 'use_of_http_without_tls' en archivo 'C:\Users\erick\OneDrive\Escritorio\New folder\secllm_terraform_integration\research_iac\integration\outputs_v2\codellama_7b\P0\terraform\question_0201.tf'...
[*] Evaluando regla 'no_integrity_check' en archivo 'C:\Users\erick\OneDrive\Escritorio\New folder\secllm_terraform_integration\research_iac\integration\outputs_v2\codellama_7b\P0\terraform\question_0201.tf'...
[*] Evaluando regla 'use_of_weak_cryptography' en archivo 'C:\Users\erick\OneDrive\Escritorio\New folder\secllm_terraform_integration\research_iac\integration\outputs_v2\codellama_7b\P0\terraform\question_0201.tf'...
[*] Evaluando regla 'suspicious_comment' en archivo 'C:\Users\erick\OneDrive\Escritorio\New folder\secllm_terraform_integration\research_iac\integration\outputs_v2\codellama_7b\P0\terraform\question_0201.tf'...
[Cache] Cache saved to cache.pkl (3112 entries)
[Cache] Cache saved to cache.pkl (3112 entries)
[2026-07-12 21:06:26]   auditando question_0212.tf (con qwen25-coder-audit)...
Configuration loaded from cache_config.yaml
[Cache] Cache loaded from cache.pkl with 3112 entries (saved at 2026-07-12 21:06:25)
[Cache] Cache initialized with TTL=-1s, max_entries=-1
[*] Evaluando regla 'hard_coded_secret' en archivo 'C:\Users\erick\OneDrive\Escritorio\New folder\secllm_terraform_integration\research_iac\integration\outputs_v2\codellama_7b\P0\terraform\question_0212.tf'...
[*] Evaluando regla 'empty_password' en archivo 'C:\Users\erick\OneDrive\Escritorio\New folder\secllm_terraform_integration\research_iac\integration\outputs_v2\codellama_7b\P0\terraform\question_0212.tf'...
[*] Evaluando regla 'admin_by_default' en archivo 'C:\Users\erick\OneDrive\Escritorio\New folder\secllm_terraform_integration\research_iac\integration\outputs_v2\codellama_7b\P0\terraform\question_0212.tf'...
[*] Evaluando regla 'unrestricted_ip_address' en archivo 'C:\Users\erick\OneDrive\Escritorio\New folder\secllm_terraform_integration\research_iac\integration\outputs_v2\codellama_7b\P0\terraform\question_0212.tf'...
[*] Evaluando regla 'use_of_http_without_tls' en archivo 'C:\Users\erick\OneDrive\Escritorio\New folder\secllm_terraform_integration\research_iac\integration\outputs_v2\codellama_7b\P0\terraform\question_0212.tf'...
[*] Evaluando regla 'no_integrity_check' en archivo 'C:\Users\erick\OneDrive\Escritorio\New folder\secllm_terraform_integration\research_iac\integration\outputs_v2\codellama_7b\P0\terraform\question_0212.tf'...
[*] Evaluando regla 'use_of_weak_cryptography' en archivo 'C:\Users\erick\OneDrive\Escritorio\New folder\secllm_terraform_integration\research_iac\integration\outputs_v2\codellama_7b\P0\terraform\question_0212.tf'...
[*] Evaluando regla 'suspicious_comment' en archivo 'C:\Users\erick\OneDrive\Escritorio\New folder\secllm_terraform_integration\research_iac\integration\outputs_v2\codellama_7b\P0\terraform\question_0212.tf'...
[Cache] Cache saved to cache.pkl (3120 entries)
[Cache] Cache saved to cache.pkl (3120 entries)
[2026-07-12 21:06:50]   auditando question_0215.tf (con qwen25-coder-audit)...
Configuration loaded from cache_config.yaml
[Cache] Cache loaded from cache.pkl with 3120 entries (saved at 2026-07-12 21:06:49)
[Cache] Cache initialized with TTL=-1s, max_entries=-1
[*] Evaluando regla 'hard_coded_secret' en archivo 'C:\Users\erick\OneDrive\Escritorio\New folder\secllm_terraform_integration\research_iac\integration\outputs_v2\codellama_7b\P0\terraform\question_0215.tf'...
[*] Evaluando regla 'empty_password' en archivo 'C:\Users\erick\OneDrive\Escritorio\New folder\secllm_terraform_integration\research_iac\integration\outputs_v2\codellama_7b\P0\terraform\question_0215.tf'...
[*] Evaluando regla 'admin_by_default' en archivo 'C:\Users\erick\OneDrive\Escritorio\New folder\secllm_terraform_integration\research_iac\integration\outputs_v2\codellama_7b\P0\terraform\question_0215.tf'...
[*] Evaluando regla 'unrestricted_ip_address' en archivo 'C:\Users\erick\OneDrive\Escritorio\New folder\secllm_terraform_integration\research_iac\integration\outputs_v2\codellama_7b\P0\terraform\question_0215.tf'...
[*] Evaluando regla 'use_of_http_without_tls' en archivo 'C:\Users\erick\OneDrive\Escritorio\New folder\secllm_terraform_integration\research_iac\integration\outputs_v2\codellama_7b\P0\terraform\question_0215.tf'...
[*] Evaluando regla 'no_integrity_check' en archivo 'C:\Users\erick\OneDrive\Escritorio\New folder\secllm_terraform_integration\research_iac\integration\outputs_v2\codellama_7b\P0\terraform\question_0215.tf'...
[*] Evaluando regla 'use_of_weak_cryptography' en archivo 'C:\Users\erick\OneDrive\Escritorio\New folder\secllm_terraform_integration\research_iac\integration\outputs_v2\codellama_7b\P0\terraform\question_0215.tf'...
[*] Evaluando regla 'suspicious_comment' en archivo 'C:\Users\erick\OneDrive\Escritorio\New folder\secllm_terraform_integration\research_iac\integration\outputs_v2\codellama_7b\P0\terraform\question_0215.tf'...
[Cache] Cache saved to cache.pkl (3128 entries)
[Cache] Cache saved to cache.pkl (3128 entries)
[2026-07-12 21:07:11]   auditando question_0231.tf (con qwen25-coder-audit)...
Configuration loaded from cache_config.yaml
[Cache] Cache loaded from cache.pkl with 3128 entries (saved at 2026-07-12 21:07:11)
[Cache] Cache initialized with TTL=-1s, max_entries=-1
[*] Evaluando regla 'hard_coded_secret' en archivo 'C:\Users\erick\OneDrive\Escritorio\New folder\secllm_terraform_integration\research_iac\integration\outputs_v2\codellama_7b\P0\terraform\question_0231.tf'...
[*] Evaluando regla 'empty_password' en archivo 'C:\Users\erick\OneDrive\Escritorio\New folder\secllm_terraform_integration\research_iac\integration\outputs_v2\codellama_7b\P0\terraform\question_0231.tf'...
[*] Evaluando regla 'admin_by_default' en archivo 'C:\Users\erick\OneDrive\Escritorio\New folder\secllm_terraform_integration\research_iac\integration\outputs_v2\codellama_7b\P0\terraform\question_0231.tf'...
[*] Evaluando regla 'unrestricted_ip_address' en archivo 'C:\Users\erick\OneDrive\Escritorio\New folder\secllm_terraform_integration\research_iac\integration\outputs_v2\codellama_7b\P0\terraform\question_0231.tf'...
[*] Evaluando regla 'use_of_http_without_tls' en archivo 'C:\Users\erick\OneDrive\Escritorio\New folder\secllm_terraform_integration\research_iac\integration\outputs_v2\codellama_7b\P0\terraform\question_0231.tf'...
[*] Evaluando regla 'no_integrity_check' en archivo 'C:\Users\erick\OneDrive\Escritorio\New folder\secllm_terraform_integration\research_iac\integration\outputs_v2\codellama_7b\P0\terraform\question_0231.tf'...
[*] Evaluando regla 'use_of_weak_cryptography' en archivo 'C:\Users\erick\OneDrive\Escritorio\New folder\secllm_terraform_integration\research_iac\integration\outputs_v2\codellama_7b\P0\terraform\question_0231.tf'...
[*] Evaluando regla 'suspicious_comment' en archivo 'C:\Users\erick\OneDrive\Escritorio\New folder\secllm_terraform_integration\research_iac\integration\outputs_v2\codellama_7b\P0\terraform\question_0231.tf'...
[Cache] Cache saved to cache.pkl (3136 entries)
[Cache] Cache saved to cache.pkl (3136 entries)
[2026-07-12 21:07:30]   auditando question_0234.tf (con qwen25-coder-audit)...
Configuration loaded from cache_config.yaml
[Cache] Cache loaded from cache.pkl with 3136 entries (saved at 2026-07-12 21:07:29)
[Cache] Cache initialized with TTL=-1s, max_entries=-1
[*] Evaluando regla 'hard_coded_secret' en archivo 'C:\Users\erick\OneDrive\Escritorio\New folder\secllm_terraform_integration\research_iac\integration\outputs_v2\codellama_7b\P0\terraform\question_0234.tf'...
[*] Evaluando regla 'empty_password' en archivo 'C:\Users\erick\OneDrive\Escritorio\New folder\secllm_terraform_integration\research_iac\integration\outputs_v2\codellama_7b\P0\terraform\question_0234.tf'...
[*] Evaluando regla 'admin_by_default' en archivo 'C:\Users\erick\OneDrive\Escritorio\New folder\secllm_terraform_integration\research_iac\integration\outputs_v2\codellama_7b\P0\terraform\question_0234.tf'...
[*] Evaluando regla 'unrestricted_ip_address' en archivo 'C:\Users\erick\OneDrive\Escritorio\New folder\secllm_terraform_integration\research_iac\integration\outputs_v2\codellama_7b\P0\terraform\question_0234.tf'...
[*] Evaluando regla 'use_of_http_without_tls' en archivo 'C:\Users\erick\OneDrive\Escritorio\New folder\secllm_terraform_integration\research_iac\integration\outputs_v2\codellama_7b\P0\terraform\question_0234.tf'...
[*] Evaluando regla 'no_integrity_check' en archivo 'C:\Users\erick\OneDrive\Escritorio\New folder\secllm_terraform_integration\research_iac\integration\outputs_v2\codellama_7b\P0\terraform\question_0234.tf'...
[*] Evaluando regla 'use_of_weak_cryptography' en archivo 'C:\Users\erick\OneDrive\Escritorio\New folder\secllm_terraform_integration\research_iac\integration\outputs_v2\codellama_7b\P0\terraform\question_0234.tf'...
[*] Evaluando regla 'suspicious_comment' en archivo 'C:\Users\erick\OneDrive\Escritorio\New folder\secllm_terraform_integration\research_iac\integration\outputs_v2\codellama_7b\P0\terraform\question_0234.tf'...
[Cache] Cache saved to cache.pkl (3144 entries)
[Cache] Cache saved to cache.pkl (3144 entries)
[2026-07-12 21:07:56]   auditando question_0249.tf (con qwen25-coder-audit)...
Configuration loaded from cache_config.yaml
[Cache] Cache loaded from cache.pkl with 3144 entries (saved at 2026-07-12 21:07:55)
[Cache] Cache initialized with TTL=-1s, max_entries=-1
[*] Evaluando regla 'hard_coded_secret' en archivo 'C:\Users\erick\OneDrive\Escritorio\New folder\secllm_terraform_integration\research_iac\integration\outputs_v2\codellama_7b\P0\terraform\question_0249.tf'...
[*] Evaluando regla 'empty_password' en archivo 'C:\Users\erick\OneDrive\Escritorio\New folder\secllm_terraform_integration\research_iac\integration\outputs_v2\codellama_7b\P0\terraform\question_0249.tf'...
[*] Evaluando regla 'admin_by_default' en archivo 'C:\Users\erick\OneDrive\Escritorio\New folder\secllm_terraform_integration\research_iac\integration\outputs_v2\codellama_7b\P0\terraform\question_0249.tf'...
[*] Evaluando regla 'unrestricted_ip_address' en archivo 'C:\Users\erick\OneDrive\Escritorio\New folder\secllm_terraform_integration\research_iac\integration\outputs_v2\codellama_7b\P0\terraform\question_0249.tf'...
[*] Evaluando regla 'use_of_http_without_tls' en archivo 'C:\Users\erick\OneDrive\Escritorio\New folder\secllm_terraform_integration\research_iac\integration\outputs_v2\codellama_7b\P0\terraform\question_0249.tf'...
[*] Evaluando regla 'no_integrity_check' en archivo 'C:\Users\erick\OneDrive\Escritorio\New folder\secllm_terraform_integration\research_iac\integration\outputs_v2\codellama_7b\P0\terraform\question_0249.tf'...
[*] Evaluando regla 'use_of_weak_cryptography' en archivo 'C:\Users\erick\OneDrive\Escritorio\New folder\secllm_terraform_integration\research_iac\integration\outputs_v2\codellama_7b\P0\terraform\question_0249.tf'...
[*] Evaluando regla 'suspicious_comment' en archivo 'C:\Users\erick\OneDrive\Escritorio\New folder\secllm_terraform_integration\research_iac\integration\outputs_v2\codellama_7b\P0\terraform\question_0249.tf'...
[Cache] Cache saved to cache.pkl (3152 entries)
[Cache] Cache saved to cache.pkl (3152 entries)
[2026-07-12 21:08:18]   auditando question_0255.tf (con qwen25-coder-audit)...
Configuration loaded from cache_config.yaml
[Cache] Cache loaded from cache.pkl with 3152 entries (saved at 2026-07-12 21:08:17)
[Cache] Cache initialized with TTL=-1s, max_entries=-1
[*] Evaluando regla 'hard_coded_secret' en archivo 'C:\Users\erick\OneDrive\Escritorio\New folder\secllm_terraform_integration\research_iac\integration\outputs_v2\codellama_7b\P0\terraform\question_0255.tf'...
[*] Evaluando regla 'empty_password' en archivo 'C:\Users\erick\OneDrive\Escritorio\New folder\secllm_terraform_integration\research_iac\integration\outputs_v2\codellama_7b\P0\terraform\question_0255.tf'...
[*] Evaluando regla 'admin_by_default' en archivo 'C:\Users\erick\OneDrive\Escritorio\New folder\secllm_terraform_integration\research_iac\integration\outputs_v2\codellama_7b\P0\terraform\question_0255.tf'...
[*] Evaluando regla 'unrestricted_ip_address' en archivo 'C:\Users\erick\OneDrive\Escritorio\New folder\secllm_terraform_integration\research_iac\integration\outputs_v2\codellama_7b\P0\terraform\question_0255.tf'...
[*] Evaluando regla 'use_of_http_without_tls' en archivo 'C:\Users\erick\OneDrive\Escritorio\New folder\secllm_terraform_integration\research_iac\integration\outputs_v2\codellama_7b\P0\terraform\question_0255.tf'...
[*] Evaluando regla 'no_integrity_check' en archivo 'C:\Users\erick\OneDrive\Escritorio\New folder\secllm_terraform_integration\research_iac\integration\outputs_v2\codellama_7b\P0\terraform\question_0255.tf'...
[*] Evaluando regla 'use_of_weak_cryptography' en archivo 'C:\Users\erick\OneDrive\Escritorio\New folder\secllm_terraform_integration\research_iac\integration\outputs_v2\codellama_7b\P0\terraform\question_0255.tf'...
[*] Evaluando regla 'suspicious_comment' en archivo 'C:\Users\erick\OneDrive\Escritorio\New folder\secllm_terraform_integration\research_iac\integration\outputs_v2\codellama_7b\P0\terraform\question_0255.tf'...
[Cache] Cache saved to cache.pkl (3160 entries)
[Cache] Cache saved to cache.pkl (3160 entries)
[2026-07-12 21:08:39]   auditando question_0261.tf (con qwen25-coder-audit)...
Configuration loaded from cache_config.yaml
[Cache] Cache loaded from cache.pkl with 3160 entries (saved at 2026-07-12 21:08:39)
[Cache] Cache initialized with TTL=-1s, max_entries=-1
[*] Evaluando regla 'hard_coded_secret' en archivo 'C:\Users\erick\OneDrive\Escritorio\New folder\secllm_terraform_integration\research_iac\integration\outputs_v2\codellama_7b\P0\terraform\question_0261.tf'...
[*] Evaluando regla 'empty_password' en archivo 'C:\Users\erick\OneDrive\Escritorio\New folder\secllm_terraform_integration\research_iac\integration\outputs_v2\codellama_7b\P0\terraform\question_0261.tf'...
[*] Evaluando regla 'admin_by_default' en archivo 'C:\Users\erick\OneDrive\Escritorio\New folder\secllm_terraform_integration\research_iac\integration\outputs_v2\codellama_7b\P0\terraform\question_0261.tf'...
[*] Evaluando regla 'unrestricted_ip_address' en archivo 'C:\Users\erick\OneDrive\Escritorio\New folder\secllm_terraform_integration\research_iac\integration\outputs_v2\codellama_7b\P0\terraform\question_0261.tf'...
[*] Evaluando regla 'use_of_http_without_tls' en archivo 'C:\Users\erick\OneDrive\Escritorio\New folder\secllm_terraform_integration\research_iac\integration\outputs_v2\codellama_7b\P0\terraform\question_0261.tf'...
[*] Evaluando regla 'no_integrity_check' en archivo 'C:\Users\erick\OneDrive\Escritorio\New folder\secllm_terraform_integration\research_iac\integration\outputs_v2\codellama_7b\P0\terraform\question_0261.tf'...
[*] Evaluando regla 'use_of_weak_cryptography' en archivo 'C:\Users\erick\OneDrive\Escritorio\New folder\secllm_terraform_integration\research_iac\integration\outputs_v2\codellama_7b\P0\terraform\question_0261.tf'...
[*] Evaluando regla 'suspicious_comment' en archivo 'C:\Users\erick\OneDrive\Escritorio\New folder\secllm_terraform_integration\research_iac\integration\outputs_v2\codellama_7b\P0\terraform\question_0261.tf'...
[Cache] Cache saved to cache.pkl (3168 entries)
[Cache] Cache saved to cache.pkl (3168 entries)
[2026-07-12 21:09:16]   auditando question_0262.tf (con qwen25-coder-audit)...
Configuration loaded from cache_config.yaml
[Cache] Cache loaded from cache.pkl with 3168 entries (saved at 2026-07-12 21:09:15)
[Cache] Cache initialized with TTL=-1s, max_entries=-1
[*] Evaluando regla 'hard_coded_secret' en archivo 'C:\Users\erick\OneDrive\Escritorio\New folder\secllm_terraform_integration\research_iac\integration\outputs_v2\codellama_7b\P0\terraform\question_0262.tf'...
[*] Evaluando regla 'empty_password' en archivo 'C:\Users\erick\OneDrive\Escritorio\New folder\secllm_terraform_integration\research_iac\integration\outputs_v2\codellama_7b\P0\terraform\question_0262.tf'...
[*] Evaluando regla 'admin_by_default' en archivo 'C:\Users\erick\OneDrive\Escritorio\New folder\secllm_terraform_integration\research_iac\integration\outputs_v2\codellama_7b\P0\terraform\question_0262.tf'...
[*] Evaluando regla 'unrestricted_ip_address' en archivo 'C:\Users\erick\OneDrive\Escritorio\New folder\secllm_terraform_integration\research_iac\integration\outputs_v2\codellama_7b\P0\terraform\question_0262.tf'...
[*] Evaluando regla 'use_of_http_without_tls' en archivo 'C:\Users\erick\OneDrive\Escritorio\New folder\secllm_terraform_integration\research_iac\integration\outputs_v2\codellama_7b\P0\terraform\question_0262.tf'...
[*] Evaluando regla 'no_integrity_check' en archivo 'C:\Users\erick\OneDrive\Escritorio\New folder\secllm_terraform_integration\research_iac\integration\outputs_v2\codellama_7b\P0\terraform\question_0262.tf'...
[*] Evaluando regla 'use_of_weak_cryptography' en archivo 'C:\Users\erick\OneDrive\Escritorio\New folder\secllm_terraform_integration\research_iac\integration\outputs_v2\codellama_7b\P0\terraform\question_0262.tf'...
[*] Evaluando regla 'suspicious_comment' en archivo 'C:\Users\erick\OneDrive\Escritorio\New folder\secllm_terraform_integration\research_iac\integration\outputs_v2\codellama_7b\P0\terraform\question_0262.tf'...
[Cache] Cache saved to cache.pkl (3176 entries)
[Cache] Cache saved to cache.pkl (3176 entries)
[2026-07-12 21:09:55]   auditando question_0285.tf (con qwen25-coder-audit)...
Configuration loaded from cache_config.yaml
[Cache] Cache loaded from cache.pkl with 3176 entries (saved at 2026-07-12 21:09:54)
[Cache] Cache initialized with TTL=-1s, max_entries=-1
[*] Evaluando regla 'hard_coded_secret' en archivo 'C:\Users\erick\OneDrive\Escritorio\New folder\secllm_terraform_integration\research_iac\integration\outputs_v2\codellama_7b\P0\terraform\question_0285.tf'...
[*] Evaluando regla 'empty_password' en archivo 'C:\Users\erick\OneDrive\Escritorio\New folder\secllm_terraform_integration\research_iac\integration\outputs_v2\codellama_7b\P0\terraform\question_0285.tf'...
[*] Evaluando regla 'admin_by_default' en archivo 'C:\Users\erick\OneDrive\Escritorio\New folder\secllm_terraform_integration\research_iac\integration\outputs_v2\codellama_7b\P0\terraform\question_0285.tf'...
[*] Evaluando regla 'unrestricted_ip_address' en archivo 'C:\Users\erick\OneDrive\Escritorio\New folder\secllm_terraform_integration\research_iac\integration\outputs_v2\codellama_7b\P0\terraform\question_0285.tf'...
[*] Evaluando regla 'use_of_http_without_tls' en archivo 'C:\Users\erick\OneDrive\Escritorio\New folder\secllm_terraform_integration\research_iac\integration\outputs_v2\codellama_7b\P0\terraform\question_0285.tf'...
[*] Evaluando regla 'no_integrity_check' en archivo 'C:\Users\erick\OneDrive\Escritorio\New folder\secllm_terraform_integration\research_iac\integration\outputs_v2\codellama_7b\P0\terraform\question_0285.tf'...
[*] Evaluando regla 'use_of_weak_cryptography' en archivo 'C:\Users\erick\OneDrive\Escritorio\New folder\secllm_terraform_integration\research_iac\integration\outputs_v2\codellama_7b\P0\terraform\question_0285.tf'...
[*] Evaluando regla 'suspicious_comment' en archivo 'C:\Users\erick\OneDrive\Escritorio\New folder\secllm_terraform_integration\research_iac\integration\outputs_v2\codellama_7b\P0\terraform\question_0285.tf'...
[Cache] Cache saved to cache.pkl (3184 entries)
[Cache] Cache saved to cache.pkl (3184 entries)
[2026-07-12 21:10:23]   auditando question_0289.tf (con qwen25-coder-audit)...
Configuration loaded from cache_config.yaml
[Cache] Cache loaded from cache.pkl with 3184 entries (saved at 2026-07-12 21:10:21)
[Cache] Cache initialized with TTL=-1s, max_entries=-1
[*] Evaluando regla 'hard_coded_secret' en archivo 'C:\Users\erick\OneDrive\Escritorio\New folder\secllm_terraform_integration\research_iac\integration\outputs_v2\codellama_7b\P0\terraform\question_0289.tf'...
[*] Evaluando regla 'empty_password' en archivo 'C:\Users\erick\OneDrive\Escritorio\New folder\secllm_terraform_integration\research_iac\integration\outputs_v2\codellama_7b\P0\terraform\question_0289.tf'...
[*] Evaluando regla 'admin_by_default' en archivo 'C:\Users\erick\OneDrive\Escritorio\New folder\secllm_terraform_integration\research_iac\integration\outputs_v2\codellama_7b\P0\terraform\question_0289.tf'...
[*] Evaluando regla 'unrestricted_ip_address' en archivo 'C:\Users\erick\OneDrive\Escritorio\New folder\secllm_terraform_integration\research_iac\integration\outputs_v2\codellama_7b\P0\terraform\question_0289.tf'...
[*] Evaluando regla 'use_of_http_without_tls' en archivo 'C:\Users\erick\OneDrive\Escritorio\New folder\secllm_terraform_integration\research_iac\integration\outputs_v2\codellama_7b\P0\terraform\question_0289.tf'...
[*] Evaluando regla 'no_integrity_check' en archivo 'C:\Users\erick\OneDrive\Escritorio\New folder\secllm_terraform_integration\research_iac\integration\outputs_v2\codellama_7b\P0\terraform\question_0289.tf'...
[*] Evaluando regla 'use_of_weak_cryptography' en archivo 'C:\Users\erick\OneDrive\Escritorio\New folder\secllm_terraform_integration\research_iac\integration\outputs_v2\codellama_7b\P0\terraform\question_0289.tf'...
[*] Evaluando regla 'suspicious_comment' en archivo 'C:\Users\erick\OneDrive\Escritorio\New folder\secllm_terraform_integration\research_iac\integration\outputs_v2\codellama_7b\P0\terraform\question_0289.tf'...
[Cache] Cache saved to cache.pkl (3192 entries)
[Cache] Cache saved to cache.pkl (3192 entries)
[2026-07-12 21:10:46]   auditando question_0290.tf (con qwen25-coder-audit)...
Configuration loaded from cache_config.yaml
[Cache] Cache loaded from cache.pkl with 3192 entries (saved at 2026-07-12 21:10:46)
[Cache] Cache initialized with TTL=-1s, max_entries=-1
[*] Evaluando regla 'hard_coded_secret' en archivo 'C:\Users\erick\OneDrive\Escritorio\New folder\secllm_terraform_integration\research_iac\integration\outputs_v2\codellama_7b\P0\terraform\question_0290.tf'...
[*] Evaluando regla 'empty_password' en archivo 'C:\Users\erick\OneDrive\Escritorio\New folder\secllm_terraform_integration\research_iac\integration\outputs_v2\codellama_7b\P0\terraform\question_0290.tf'...
[*] Evaluando regla 'admin_by_default' en archivo 'C:\Users\erick\OneDrive\Escritorio\New folder\secllm_terraform_integration\research_iac\integration\outputs_v2\codellama_7b\P0\terraform\question_0290.tf'...
[*] Evaluando regla 'unrestricted_ip_address' en archivo 'C:\Users\erick\OneDrive\Escritorio\New folder\secllm_terraform_integration\research_iac\integration\outputs_v2\codellama_7b\P0\terraform\question_0290.tf'...
[*] Evaluando regla 'use_of_http_without_tls' en archivo 'C:\Users\erick\OneDrive\Escritorio\New folder\secllm_terraform_integration\research_iac\integration\outputs_v2\codellama_7b\P0\terraform\question_0290.tf'...
[*] Evaluando regla 'no_integrity_check' en archivo 'C:\Users\erick\OneDrive\Escritorio\New folder\secllm_terraform_integration\research_iac\integration\outputs_v2\codellama_7b\P0\terraform\question_0290.tf'...
[*] Evaluando regla 'use_of_weak_cryptography' en archivo 'C:\Users\erick\OneDrive\Escritorio\New folder\secllm_terraform_integration\research_iac\integration\outputs_v2\codellama_7b\P0\terraform\question_0290.tf'...
[*] Evaluando regla 'suspicious_comment' en archivo 'C:\Users\erick\OneDrive\Escritorio\New folder\secllm_terraform_integration\research_iac\integration\outputs_v2\codellama_7b\P0\terraform\question_0290.tf'...
[Cache] Cache saved to cache.pkl (3200 entries)
[Cache] Cache saved to cache.pkl (3200 entries)
[2026-07-12 21:11:13]   auditando question_0336.tf (con qwen25-coder-audit)...
Configuration loaded from cache_config.yaml
[Cache] Cache loaded from cache.pkl with 3200 entries (saved at 2026-07-12 21:11:13)
[Cache] Cache initialized with TTL=-1s, max_entries=-1
[*] Evaluando regla 'hard_coded_secret' en archivo 'C:\Users\erick\OneDrive\Escritorio\New folder\secllm_terraform_integration\research_iac\integration\outputs_v2\codellama_7b\P0\terraform\question_0336.tf'...
[*] Evaluando regla 'empty_password' en archivo 'C:\Users\erick\OneDrive\Escritorio\New folder\secllm_terraform_integration\research_iac\integration\outputs_v2\codellama_7b\P0\terraform\question_0336.tf'...
[*] Evaluando regla 'admin_by_default' en archivo 'C:\Users\erick\OneDrive\Escritorio\New folder\secllm_terraform_integration\research_iac\integration\outputs_v2\codellama_7b\P0\terraform\question_0336.tf'...
[*] Evaluando regla 'unrestricted_ip_address' en archivo 'C:\Users\erick\OneDrive\Escritorio\New folder\secllm_terraform_integration\research_iac\integration\outputs_v2\codellama_7b\P0\terraform\question_0336.tf'...
[*] Evaluando regla 'use_of_http_without_tls' en archivo 'C:\Users\erick\OneDrive\Escritorio\New folder\secllm_terraform_integration\research_iac\integration\outputs_v2\codellama_7b\P0\terraform\question_0336.tf'...
[*] Evaluando regla 'no_integrity_check' en archivo 'C:\Users\erick\OneDrive\Escritorio\New folder\secllm_terraform_integration\research_iac\integration\outputs_v2\codellama_7b\P0\terraform\question_0336.tf'...
[*] Evaluando regla 'use_of_weak_cryptography' en archivo 'C:\Users\erick\OneDrive\Escritorio\New folder\secllm_terraform_integration\research_iac\integration\outputs_v2\codellama_7b\P0\terraform\question_0336.tf'...
[*] Evaluando regla 'suspicious_comment' en archivo 'C:\Users\erick\OneDrive\Escritorio\New folder\secllm_terraform_integration\research_iac\integration\outputs_v2\codellama_7b\P0\terraform\question_0336.tf'...
[Cache] Cache saved to cache.pkl (3208 entries)
[Cache] Cache saved to cache.pkl (3208 entries)
[2026-07-12 21:11:43]   auditando question_0342.tf (con qwen25-coder-audit)...
Configuration loaded from cache_config.yaml
[Cache] Cache loaded from cache.pkl with 3208 entries (saved at 2026-07-12 21:11:42)
[Cache] Cache initialized with TTL=-1s, max_entries=-1
[*] Evaluando regla 'hard_coded_secret' en archivo 'C:\Users\erick\OneDrive\Escritorio\New folder\secllm_terraform_integration\research_iac\integration\outputs_v2\codellama_7b\P0\terraform\question_0342.tf'...
[*] Evaluando regla 'empty_password' en archivo 'C:\Users\erick\OneDrive\Escritorio\New folder\secllm_terraform_integration\research_iac\integration\outputs_v2\codellama_7b\P0\terraform\question_0342.tf'...
[*] Evaluando regla 'admin_by_default' en archivo 'C:\Users\erick\OneDrive\Escritorio\New folder\secllm_terraform_integration\research_iac\integration\outputs_v2\codellama_7b\P0\terraform\question_0342.tf'...
[*] Evaluando regla 'unrestricted_ip_address' en archivo 'C:\Users\erick\OneDrive\Escritorio\New folder\secllm_terraform_integration\research_iac\integration\outputs_v2\codellama_7b\P0\terraform\question_0342.tf'...
[*] Evaluando regla 'use_of_http_without_tls' en archivo 'C:\Users\erick\OneDrive\Escritorio\New folder\secllm_terraform_integration\research_iac\integration\outputs_v2\codellama_7b\P0\terraform\question_0342.tf'...
[*] Evaluando regla 'no_integrity_check' en archivo 'C:\Users\erick\OneDrive\Escritorio\New folder\secllm_terraform_integration\research_iac\integration\outputs_v2\codellama_7b\P0\terraform\question_0342.tf'...
[*] Evaluando regla 'use_of_weak_cryptography' en archivo 'C:\Users\erick\OneDrive\Escritorio\New folder\secllm_terraform_integration\research_iac\integration\outputs_v2\codellama_7b\P0\terraform\question_0342.tf'...
[*] Evaluando regla 'suspicious_comment' en archivo 'C:\Users\erick\OneDrive\Escritorio\New folder\secllm_terraform_integration\research_iac\integration\outputs_v2\codellama_7b\P0\terraform\question_0342.tf'...
[Cache] Cache saved to cache.pkl (3216 entries)
[Cache] Cache saved to cache.pkl (3216 entries)
[2026-07-12 21:12:02]   auditando question_0353.tf (con qwen25-coder-audit)...
Configuration loaded from cache_config.yaml
[Cache] Cache loaded from cache.pkl with 3216 entries (saved at 2026-07-12 21:12:02)
[Cache] Cache initialized with TTL=-1s, max_entries=-1
[*] Evaluando regla 'hard_coded_secret' en archivo 'C:\Users\erick\OneDrive\Escritorio\New folder\secllm_terraform_integration\research_iac\integration\outputs_v2\codellama_7b\P0\terraform\question_0353.tf'...
[*] Evaluando regla 'empty_password' en archivo 'C:\Users\erick\OneDrive\Escritorio\New folder\secllm_terraform_integration\research_iac\integration\outputs_v2\codellama_7b\P0\terraform\question_0353.tf'...
[*] Evaluando regla 'admin_by_default' en archivo 'C:\Users\erick\OneDrive\Escritorio\New folder\secllm_terraform_integration\research_iac\integration\outputs_v2\codellama_7b\P0\terraform\question_0353.tf'...
[*] Evaluando regla 'unrestricted_ip_address' en archivo 'C:\Users\erick\OneDrive\Escritorio\New folder\secllm_terraform_integration\research_iac\integration\outputs_v2\codellama_7b\P0\terraform\question_0353.tf'...
[*] Evaluando regla 'use_of_http_without_tls' en archivo 'C:\Users\erick\OneDrive\Escritorio\New folder\secllm_terraform_integration\research_iac\integration\outputs_v2\codellama_7b\P0\terraform\question_0353.tf'...
[*] Evaluando regla 'no_integrity_check' en archivo 'C:\Users\erick\OneDrive\Escritorio\New folder\secllm_terraform_integration\research_iac\integration\outputs_v2\codellama_7b\P0\terraform\question_0353.tf'...
[*] Evaluando regla 'use_of_weak_cryptography' en archivo 'C:\Users\erick\OneDrive\Escritorio\New folder\secllm_terraform_integration\research_iac\integration\outputs_v2\codellama_7b\P0\terraform\question_0353.tf'...
[*] Evaluando regla 'suspicious_comment' en archivo 'C:\Users\erick\OneDrive\Escritorio\New folder\secllm_terraform_integration\research_iac\integration\outputs_v2\codellama_7b\P0\terraform\question_0353.tf'...
[Cache] Cache saved to cache.pkl (3224 entries)
[Cache] Cache saved to cache.pkl (3224 entries)
[2026-07-12 21:12:54]   auditando question_0361.tf (con qwen25-coder-audit)...
Configuration loaded from cache_config.yaml
[Cache] Cache loaded from cache.pkl with 3224 entries (saved at 2026-07-12 21:12:52)
[Cache] Cache initialized with TTL=-1s, max_entries=-1
[*] Evaluando regla 'hard_coded_secret' en archivo 'C:\Users\erick\OneDrive\Escritorio\New folder\secllm_terraform_integration\research_iac\integration\outputs_v2\codellama_7b\P0\terraform\question_0361.tf'...
[*] Evaluando regla 'empty_password' en archivo 'C:\Users\erick\OneDrive\Escritorio\New folder\secllm_terraform_integration\research_iac\integration\outputs_v2\codellama_7b\P0\terraform\question_0361.tf'...
[*] Evaluando regla 'admin_by_default' en archivo 'C:\Users\erick\OneDrive\Escritorio\New folder\secllm_terraform_integration\research_iac\integration\outputs_v2\codellama_7b\P0\terraform\question_0361.tf'...
[*] Evaluando regla 'unrestricted_ip_address' en archivo 'C:\Users\erick\OneDrive\Escritorio\New folder\secllm_terraform_integration\research_iac\integration\outputs_v2\codellama_7b\P0\terraform\question_0361.tf'...
[*] Evaluando regla 'use_of_http_without_tls' en archivo 'C:\Users\erick\OneDrive\Escritorio\New folder\secllm_terraform_integration\research_iac\integration\outputs_v2\codellama_7b\P0\terraform\question_0361.tf'...
[*] Evaluando regla 'no_integrity_check' en archivo 'C:\Users\erick\OneDrive\Escritorio\New folder\secllm_terraform_integration\research_iac\integration\outputs_v2\codellama_7b\P0\terraform\question_0361.tf'...
[*] Evaluando regla 'use_of_weak_cryptography' en archivo 'C:\Users\erick\OneDrive\Escritorio\New folder\secllm_terraform_integration\research_iac\integration\outputs_v2\codellama_7b\P0\terraform\question_0361.tf'...
[*] Evaluando regla 'suspicious_comment' en archivo 'C:\Users\erick\OneDrive\Escritorio\New folder\secllm_terraform_integration\research_iac\integration\outputs_v2\codellama_7b\P0\terraform\question_0361.tf'...
[Cache] Cache saved to cache.pkl (3232 entries)
[Cache] Cache saved to cache.pkl (3232 entries)
[2026-07-12 21:13:23]   auditando question_0362.tf (con qwen25-coder-audit)...
Configuration loaded from cache_config.yaml
[Cache] Cache loaded from cache.pkl with 3232 entries (saved at 2026-07-12 21:13:21)
[Cache] Cache initialized with TTL=-1s, max_entries=-1
[*] Evaluando regla 'hard_coded_secret' en archivo 'C:\Users\erick\OneDrive\Escritorio\New folder\secllm_terraform_integration\research_iac\integration\outputs_v2\codellama_7b\P0\terraform\question_0362.tf'...
[*] Evaluando regla 'empty_password' en archivo 'C:\Users\erick\OneDrive\Escritorio\New folder\secllm_terraform_integration\research_iac\integration\outputs_v2\codellama_7b\P0\terraform\question_0362.tf'...
[*] Evaluando regla 'admin_by_default' en archivo 'C:\Users\erick\OneDrive\Escritorio\New folder\secllm_terraform_integration\research_iac\integration\outputs_v2\codellama_7b\P0\terraform\question_0362.tf'...
[*] Evaluando regla 'unrestricted_ip_address' en archivo 'C:\Users\erick\OneDrive\Escritorio\New folder\secllm_terraform_integration\research_iac\integration\outputs_v2\codellama_7b\P0\terraform\question_0362.tf'...
[*] Evaluando regla 'use_of_http_without_tls' en archivo 'C:\Users\erick\OneDrive\Escritorio\New folder\secllm_terraform_integration\research_iac\integration\outputs_v2\codellama_7b\P0\terraform\question_0362.tf'...
[*] Evaluando regla 'no_integrity_check' en archivo 'C:\Users\erick\OneDrive\Escritorio\New folder\secllm_terraform_integration\research_iac\integration\outputs_v2\codellama_7b\P0\terraform\question_0362.tf'...
[*] Evaluando regla 'use_of_weak_cryptography' en archivo 'C:\Users\erick\OneDrive\Escritorio\New folder\secllm_terraform_integration\research_iac\integration\outputs_v2\codellama_7b\P0\terraform\question_0362.tf'...
[*] Evaluando regla 'suspicious_comment' en archivo 'C:\Users\erick\OneDrive\Escritorio\New folder\secllm_terraform_integration\research_iac\integration\outputs_v2\codellama_7b\P0\terraform\question_0362.tf'...
[Cache] Cache saved to cache.pkl (3240 entries)
[Cache] Cache saved to cache.pkl (3240 entries)
[2026-07-12 21:13:52]   auditando question_0375.tf (con qwen25-coder-audit)...
Configuration loaded from cache_config.yaml
[Cache] Cache loaded from cache.pkl with 3240 entries (saved at 2026-07-12 21:13:50)
[Cache] Cache initialized with TTL=-1s, max_entries=-1
[*] Evaluando regla 'hard_coded_secret' en archivo 'C:\Users\erick\OneDrive\Escritorio\New folder\secllm_terraform_integration\research_iac\integration\outputs_v2\codellama_7b\P0\terraform\question_0375.tf'...
[*] Evaluando regla 'empty_password' en archivo 'C:\Users\erick\OneDrive\Escritorio\New folder\secllm_terraform_integration\research_iac\integration\outputs_v2\codellama_7b\P0\terraform\question_0375.tf'...
[*] Evaluando regla 'admin_by_default' en archivo 'C:\Users\erick\OneDrive\Escritorio\New folder\secllm_terraform_integration\research_iac\integration\outputs_v2\codellama_7b\P0\terraform\question_0375.tf'...
[*] Evaluando regla 'unrestricted_ip_address' en archivo 'C:\Users\erick\OneDrive\Escritorio\New folder\secllm_terraform_integration\research_iac\integration\outputs_v2\codellama_7b\P0\terraform\question_0375.tf'...
[*] Evaluando regla 'use_of_http_without_tls' en archivo 'C:\Users\erick\OneDrive\Escritorio\New folder\secllm_terraform_integration\research_iac\integration\outputs_v2\codellama_7b\P0\terraform\question_0375.tf'...
[*] Evaluando regla 'no_integrity_check' en archivo 'C:\Users\erick\OneDrive\Escritorio\New folder\secllm_terraform_integration\research_iac\integration\outputs_v2\codellama_7b\P0\terraform\question_0375.tf'...
[*] Evaluando regla 'use_of_weak_cryptography' en archivo 'C:\Users\erick\OneDrive\Escritorio\New folder\secllm_terraform_integration\research_iac\integration\outputs_v2\codellama_7b\P0\terraform\question_0375.tf'...
[*] Evaluando regla 'suspicious_comment' en archivo 'C:\Users\erick\OneDrive\Escritorio\New folder\secllm_terraform_integration\research_iac\integration\outputs_v2\codellama_7b\P0\terraform\question_0375.tf'...
[Cache] Cache saved to cache.pkl (3248 entries)
[Cache] Cache saved to cache.pkl (3248 entries)
[2026-07-12 21:14:33]   auditando question_0400.tf (con qwen25-coder-audit)...
Configuration loaded from cache_config.yaml
[Cache] Cache loaded from cache.pkl with 3248 entries (saved at 2026-07-12 21:14:31)
[Cache] Cache initialized with TTL=-1s, max_entries=-1
[*] Evaluando regla 'hard_coded_secret' en archivo 'C:\Users\erick\OneDrive\Escritorio\New folder\secllm_terraform_integration\research_iac\integration\outputs_v2\codellama_7b\P0\terraform\question_0400.tf'...
[*] Evaluando regla 'empty_password' en archivo 'C:\Users\erick\OneDrive\Escritorio\New folder\secllm_terraform_integration\research_iac\integration\outputs_v2\codellama_7b\P0\terraform\question_0400.tf'...
[*] Evaluando regla 'admin_by_default' en archivo 'C:\Users\erick\OneDrive\Escritorio\New folder\secllm_terraform_integration\research_iac\integration\outputs_v2\codellama_7b\P0\terraform\question_0400.tf'...
[*] Evaluando regla 'unrestricted_ip_address' en archivo 'C:\Users\erick\OneDrive\Escritorio\New folder\secllm_terraform_integration\research_iac\integration\outputs_v2\codellama_7b\P0\terraform\question_0400.tf'...
[*] Evaluando regla 'use_of_http_without_tls' en archivo 'C:\Users\erick\OneDrive\Escritorio\New folder\secllm_terraform_integration\research_iac\integration\outputs_v2\codellama_7b\P0\terraform\question_0400.tf'...
[*] Evaluando regla 'no_integrity_check' en archivo 'C:\Users\erick\OneDrive\Escritorio\New folder\secllm_terraform_integration\research_iac\integration\outputs_v2\codellama_7b\P0\terraform\question_0400.tf'...
[*] Evaluando regla 'use_of_weak_cryptography' en archivo 'C:\Users\erick\OneDrive\Escritorio\New folder\secllm_terraform_integration\research_iac\integration\outputs_v2\codellama_7b\P0\terraform\question_0400.tf'...
[*] Evaluando regla 'suspicious_comment' en archivo 'C:\Users\erick\OneDrive\Escritorio\New folder\secllm_terraform_integration\research_iac\integration\outputs_v2\codellama_7b\P0\terraform\question_0400.tf'...
[Cache] Cache saved to cache.pkl (3256 entries)
[Cache] Cache saved to cache.pkl (3256 entries)
[2026-07-12 21:15:05]   auditando question_0415.tf (con qwen25-coder-audit)...
Configuration loaded from cache_config.yaml
[Cache] Cache loaded from cache.pkl with 3256 entries (saved at 2026-07-12 21:15:03)
[Cache] Cache initialized with TTL=-1s, max_entries=-1
[*] Evaluando regla 'hard_coded_secret' en archivo 'C:\Users\erick\OneDrive\Escritorio\New folder\secllm_terraform_integration\research_iac\integration\outputs_v2\codellama_7b\P0\terraform\question_0415.tf'...
[*] Evaluando regla 'empty_password' en archivo 'C:\Users\erick\OneDrive\Escritorio\New folder\secllm_terraform_integration\research_iac\integration\outputs_v2\codellama_7b\P0\terraform\question_0415.tf'...
[*] Evaluando regla 'admin_by_default' en archivo 'C:\Users\erick\OneDrive\Escritorio\New folder\secllm_terraform_integration\research_iac\integration\outputs_v2\codellama_7b\P0\terraform\question_0415.tf'...
[*] Evaluando regla 'unrestricted_ip_address' en archivo 'C:\Users\erick\OneDrive\Escritorio\New folder\secllm_terraform_integration\research_iac\integration\outputs_v2\codellama_7b\P0\terraform\question_0415.tf'...
[*] Evaluando regla 'use_of_http_without_tls' en archivo 'C:\Users\erick\OneDrive\Escritorio\New folder\secllm_terraform_integration\research_iac\integration\outputs_v2\codellama_7b\P0\terraform\question_0415.tf'...
[*] Evaluando regla 'no_integrity_check' en archivo 'C:\Users\erick\OneDrive\Escritorio\New folder\secllm_terraform_integration\research_iac\integration\outputs_v2\codellama_7b\P0\terraform\question_0415.tf'...
[*] Evaluando regla 'use_of_weak_cryptography' en archivo 'C:\Users\erick\OneDrive\Escritorio\New folder\secllm_terraform_integration\research_iac\integration\outputs_v2\codellama_7b\P0\terraform\question_0415.tf'...
[*] Evaluando regla 'suspicious_comment' en archivo 'C:\Users\erick\OneDrive\Escritorio\New folder\secllm_terraform_integration\research_iac\integration\outputs_v2\codellama_7b\P0\terraform\question_0415.tf'...
[Cache] Cache saved to cache.pkl (3264 entries)
[Cache] Cache saved to cache.pkl (3264 entries)
[2026-07-12 21:15:28]   auditando question_0422.tf (con qwen25-coder-audit)...
Configuration loaded from cache_config.yaml
[Cache] Cache loaded from cache.pkl with 3264 entries (saved at 2026-07-12 21:15:27)
[Cache] Cache initialized with TTL=-1s, max_entries=-1
[*] Evaluando regla 'hard_coded_secret' en archivo 'C:\Users\erick\OneDrive\Escritorio\New folder\secllm_terraform_integration\research_iac\integration\outputs_v2\codellama_7b\P0\terraform\question_0422.tf'...
[*] Evaluando regla 'empty_password' en archivo 'C:\Users\erick\OneDrive\Escritorio\New folder\secllm_terraform_integration\research_iac\integration\outputs_v2\codellama_7b\P0\terraform\question_0422.tf'...
[*] Evaluando regla 'admin_by_default' en archivo 'C:\Users\erick\OneDrive\Escritorio\New folder\secllm_terraform_integration\research_iac\integration\outputs_v2\codellama_7b\P0\terraform\question_0422.tf'...
[*] Evaluando regla 'unrestricted_ip_address' en archivo 'C:\Users\erick\OneDrive\Escritorio\New folder\secllm_terraform_integration\research_iac\integration\outputs_v2\codellama_7b\P0\terraform\question_0422.tf'...
[*] Evaluando regla 'use_of_http_without_tls' en archivo 'C:\Users\erick\OneDrive\Escritorio\New folder\secllm_terraform_integration\research_iac\integration\outputs_v2\codellama_7b\P0\terraform\question_0422.tf'...
[*] Evaluando regla 'no_integrity_check' en archivo 'C:\Users\erick\OneDrive\Escritorio\New folder\secllm_terraform_integration\research_iac\integration\outputs_v2\codellama_7b\P0\terraform\question_0422.tf'...
[*] Evaluando regla 'use_of_weak_cryptography' en archivo 'C:\Users\erick\OneDrive\Escritorio\New folder\secllm_terraform_integration\research_iac\integration\outputs_v2\codellama_7b\P0\terraform\question_0422.tf'...
[*] Evaluando regla 'suspicious_comment' en archivo 'C:\Users\erick\OneDrive\Escritorio\New folder\secllm_terraform_integration\research_iac\integration\outputs_v2\codellama_7b\P0\terraform\question_0422.tf'...
[Cache] Cache saved to cache.pkl (3272 entries)
[Cache] Cache saved to cache.pkl (3272 entries)
[2026-07-12 21:15:52] --- codellama:7b [P1]: Auditor?a con auditor externo 'qwen25-coder-audit' ---
[2026-07-12 21:15:52]   auditando question_0000.tf (con qwen25-coder-audit)...
Configuration loaded from cache_config.yaml
[Cache] Cache loaded from cache.pkl with 3272 entries (saved at 2026-07-12 21:15:50)
[Cache] Cache initialized with TTL=-1s, max_entries=-1
[*] Evaluando regla 'hard_coded_secret' en archivo 'C:\Users\erick\OneDrive\Escritorio\New folder\secllm_terraform_integration\research_iac\integration\outputs_v2\codellama_7b\P1\terraform\question_0000.tf'...
[*] Evaluando regla 'empty_password' en archivo 'C:\Users\erick\OneDrive\Escritorio\New folder\secllm_terraform_integration\research_iac\integration\outputs_v2\codellama_7b\P1\terraform\question_0000.tf'...
[*] Evaluando regla 'admin_by_default' en archivo 'C:\Users\erick\OneDrive\Escritorio\New folder\secllm_terraform_integration\research_iac\integration\outputs_v2\codellama_7b\P1\terraform\question_0000.tf'...
[*] Evaluando regla 'unrestricted_ip_address' en archivo 'C:\Users\erick\OneDrive\Escritorio\New folder\secllm_terraform_integration\research_iac\integration\outputs_v2\codellama_7b\P1\terraform\question_0000.tf'...
[*] Evaluando regla 'use_of_http_without_tls' en archivo 'C:\Users\erick\OneDrive\Escritorio\New folder\secllm_terraform_integration\research_iac\integration\outputs_v2\codellama_7b\P1\terraform\question_0000.tf'...
[*] Evaluando regla 'no_integrity_check' en archivo 'C:\Users\erick\OneDrive\Escritorio\New folder\secllm_terraform_integration\research_iac\integration\outputs_v2\codellama_7b\P1\terraform\question_0000.tf'...
[*] Evaluando regla 'use_of_weak_cryptography' en archivo 'C:\Users\erick\OneDrive\Escritorio\New folder\secllm_terraform_integration\research_iac\integration\outputs_v2\codellama_7b\P1\terraform\question_0000.tf'...
[*] Evaluando regla 'suspicious_comment' en archivo 'C:\Users\erick\OneDrive\Escritorio\New folder\secllm_terraform_integration\research_iac\integration\outputs_v2\codellama_7b\P1\terraform\question_0000.tf'...
[Cache] Cache saved to cache.pkl (3280 entries)
[Cache] Cache saved to cache.pkl (3280 entries)
[2026-07-12 21:16:28]   auditando question_0003.tf (con qwen25-coder-audit)...
Configuration loaded from cache_config.yaml
[Cache] Cache loaded from cache.pkl with 3280 entries (saved at 2026-07-12 21:16:27)
[Cache] Cache initialized with TTL=-1s, max_entries=-1
[*] Evaluando regla 'hard_coded_secret' en archivo 'C:\Users\erick\OneDrive\Escritorio\New folder\secllm_terraform_integration\research_iac\integration\outputs_v2\codellama_7b\P1\terraform\question_0003.tf'...
[*] Evaluando regla 'empty_password' en archivo 'C:\Users\erick\OneDrive\Escritorio\New folder\secllm_terraform_integration\research_iac\integration\outputs_v2\codellama_7b\P1\terraform\question_0003.tf'...
[*] Evaluando regla 'admin_by_default' en archivo 'C:\Users\erick\OneDrive\Escritorio\New folder\secllm_terraform_integration\research_iac\integration\outputs_v2\codellama_7b\P1\terraform\question_0003.tf'...
[*] Evaluando regla 'unrestricted_ip_address' en archivo 'C:\Users\erick\OneDrive\Escritorio\New folder\secllm_terraform_integration\research_iac\integration\outputs_v2\codellama_7b\P1\terraform\question_0003.tf'...
[*] Evaluando regla 'use_of_http_without_tls' en archivo 'C:\Users\erick\OneDrive\Escritorio\New folder\secllm_terraform_integration\research_iac\integration\outputs_v2\codellama_7b\P1\terraform\question_0003.tf'...
[*] Evaluando regla 'no_integrity_check' en archivo 'C:\Users\erick\OneDrive\Escritorio\New folder\secllm_terraform_integration\research_iac\integration\outputs_v2\codellama_7b\P1\terraform\question_0003.tf'...
[*] Evaluando regla 'use_of_weak_cryptography' en archivo 'C:\Users\erick\OneDrive\Escritorio\New folder\secllm_terraform_integration\research_iac\integration\outputs_v2\codellama_7b\P1\terraform\question_0003.tf'...
[*] Evaluando regla 'suspicious_comment' en archivo 'C:\Users\erick\OneDrive\Escritorio\New folder\secllm_terraform_integration\research_iac\integration\outputs_v2\codellama_7b\P1\terraform\question_0003.tf'...
[Cache] Cache saved to cache.pkl (3288 entries)
[Cache] Cache saved to cache.pkl (3288 entries)
[2026-07-12 21:17:24]   auditando question_0005.tf (con qwen25-coder-audit)...
Configuration loaded from cache_config.yaml
[Cache] Cache loaded from cache.pkl with 3288 entries (saved at 2026-07-12 21:17:22)
[Cache] Cache initialized with TTL=-1s, max_entries=-1
[*] Evaluando regla 'hard_coded_secret' en archivo 'C:\Users\erick\OneDrive\Escritorio\New folder\secllm_terraform_integration\research_iac\integration\outputs_v2\codellama_7b\P1\terraform\question_0005.tf'...
[*] Evaluando regla 'empty_password' en archivo 'C:\Users\erick\OneDrive\Escritorio\New folder\secllm_terraform_integration\research_iac\integration\outputs_v2\codellama_7b\P1\terraform\question_0005.tf'...
[*] Evaluando regla 'admin_by_default' en archivo 'C:\Users\erick\OneDrive\Escritorio\New folder\secllm_terraform_integration\research_iac\integration\outputs_v2\codellama_7b\P1\terraform\question_0005.tf'...
[*] Evaluando regla 'unrestricted_ip_address' en archivo 'C:\Users\erick\OneDrive\Escritorio\New folder\secllm_terraform_integration\research_iac\integration\outputs_v2\codellama_7b\P1\terraform\question_0005.tf'...
[*] Evaluando regla 'use_of_http_without_tls' en archivo 'C:\Users\erick\OneDrive\Escritorio\New folder\secllm_terraform_integration\research_iac\integration\outputs_v2\codellama_7b\P1\terraform\question_0005.tf'...
[*] Evaluando regla 'no_integrity_check' en archivo 'C:\Users\erick\OneDrive\Escritorio\New folder\secllm_terraform_integration\research_iac\integration\outputs_v2\codellama_7b\P1\terraform\question_0005.tf'...
[*] Evaluando regla 'use_of_weak_cryptography' en archivo 'C:\Users\erick\OneDrive\Escritorio\New folder\secllm_terraform_integration\research_iac\integration\outputs_v2\codellama_7b\P1\terraform\question_0005.tf'...
[*] Evaluando regla 'suspicious_comment' en archivo 'C:\Users\erick\OneDrive\Escritorio\New folder\secllm_terraform_integration\research_iac\integration\outputs_v2\codellama_7b\P1\terraform\question_0005.tf'...
[Cache] Cache saved to cache.pkl (3296 entries)
[Cache] Cache saved to cache.pkl (3296 entries)
[2026-07-12 21:17:55]   auditando question_0012.tf (con qwen25-coder-audit)...
Configuration loaded from cache_config.yaml
[Cache] Cache loaded from cache.pkl with 3296 entries (saved at 2026-07-12 21:17:53)
[Cache] Cache initialized with TTL=-1s, max_entries=-1
[*] Evaluando regla 'hard_coded_secret' en archivo 'C:\Users\erick\OneDrive\Escritorio\New folder\secllm_terraform_integration\research_iac\integration\outputs_v2\codellama_7b\P1\terraform\question_0012.tf'...
[*] Evaluando regla 'empty_password' en archivo 'C:\Users\erick\OneDrive\Escritorio\New folder\secllm_terraform_integration\research_iac\integration\outputs_v2\codellama_7b\P1\terraform\question_0012.tf'...
[*] Evaluando regla 'admin_by_default' en archivo 'C:\Users\erick\OneDrive\Escritorio\New folder\secllm_terraform_integration\research_iac\integration\outputs_v2\codellama_7b\P1\terraform\question_0012.tf'...
[*] Evaluando regla 'unrestricted_ip_address' en archivo 'C:\Users\erick\OneDrive\Escritorio\New folder\secllm_terraform_integration\research_iac\integration\outputs_v2\codellama_7b\P1\terraform\question_0012.tf'...
[*] Evaluando regla 'use_of_http_without_tls' en archivo 'C:\Users\erick\OneDrive\Escritorio\New folder\secllm_terraform_integration\research_iac\integration\outputs_v2\codellama_7b\P1\terraform\question_0012.tf'...
[*] Evaluando regla 'no_integrity_check' en archivo 'C:\Users\erick\OneDrive\Escritorio\New folder\secllm_terraform_integration\research_iac\integration\outputs_v2\codellama_7b\P1\terraform\question_0012.tf'...
[*] Evaluando regla 'use_of_weak_cryptography' en archivo 'C:\Users\erick\OneDrive\Escritorio\New folder\secllm_terraform_integration\research_iac\integration\outputs_v2\codellama_7b\P1\terraform\question_0012.tf'...
[*] Evaluando regla 'suspicious_comment' en archivo 'C:\Users\erick\OneDrive\Escritorio\New folder\secllm_terraform_integration\research_iac\integration\outputs_v2\codellama_7b\P1\terraform\question_0012.tf'...
[Cache] Cache saved to cache.pkl (3304 entries)
[Cache] Cache saved to cache.pkl (3304 entries)
[2026-07-12 21:18:49]   auditando question_0018.tf (con qwen25-coder-audit)...
Configuration loaded from cache_config.yaml
[Cache] Cache loaded from cache.pkl with 3304 entries (saved at 2026-07-12 21:18:47)
[Cache] Cache initialized with TTL=-1s, max_entries=-1
[*] Evaluando regla 'hard_coded_secret' en archivo 'C:\Users\erick\OneDrive\Escritorio\New folder\secllm_terraform_integration\research_iac\integration\outputs_v2\codellama_7b\P1\terraform\question_0018.tf'...
[*] Evaluando regla 'empty_password' en archivo 'C:\Users\erick\OneDrive\Escritorio\New folder\secllm_terraform_integration\research_iac\integration\outputs_v2\codellama_7b\P1\terraform\question_0018.tf'...
[*] Evaluando regla 'admin_by_default' en archivo 'C:\Users\erick\OneDrive\Escritorio\New folder\secllm_terraform_integration\research_iac\integration\outputs_v2\codellama_7b\P1\terraform\question_0018.tf'...
[*] Evaluando regla 'unrestricted_ip_address' en archivo 'C:\Users\erick\OneDrive\Escritorio\New folder\secllm_terraform_integration\research_iac\integration\outputs_v2\codellama_7b\P1\terraform\question_0018.tf'...
[*] Evaluando regla 'use_of_http_without_tls' en archivo 'C:\Users\erick\OneDrive\Escritorio\New folder\secllm_terraform_integration\research_iac\integration\outputs_v2\codellama_7b\P1\terraform\question_0018.tf'...
[*] Evaluando regla 'no_integrity_check' en archivo 'C:\Users\erick\OneDrive\Escritorio\New folder\secllm_terraform_integration\research_iac\integration\outputs_v2\codellama_7b\P1\terraform\question_0018.tf'...
[*] Evaluando regla 'use_of_weak_cryptography' en archivo 'C:\Users\erick\OneDrive\Escritorio\New folder\secllm_terraform_integration\research_iac\integration\outputs_v2\codellama_7b\P1\terraform\question_0018.tf'...
[*] Evaluando regla 'suspicious_comment' en archivo 'C:\Users\erick\OneDrive\Escritorio\New folder\secllm_terraform_integration\research_iac\integration\outputs_v2\codellama_7b\P1\terraform\question_0018.tf'...
[Cache] Cache saved to cache.pkl (3312 entries)
[Cache] Cache saved to cache.pkl (3312 entries)
[2026-07-12 21:19:21]   auditando question_0020.tf (con qwen25-coder-audit)...
Configuration loaded from cache_config.yaml
[Cache] Cache loaded from cache.pkl with 3312 entries (saved at 2026-07-12 21:19:19)
[Cache] Cache initialized with TTL=-1s, max_entries=-1
[*] Evaluando regla 'hard_coded_secret' en archivo 'C:\Users\erick\OneDrive\Escritorio\New folder\secllm_terraform_integration\research_iac\integration\outputs_v2\codellama_7b\P1\terraform\question_0020.tf'...
[*] Evaluando regla 'empty_password' en archivo 'C:\Users\erick\OneDrive\Escritorio\New folder\secllm_terraform_integration\research_iac\integration\outputs_v2\codellama_7b\P1\terraform\question_0020.tf'...
[*] Evaluando regla 'admin_by_default' en archivo 'C:\Users\erick\OneDrive\Escritorio\New folder\secllm_terraform_integration\research_iac\integration\outputs_v2\codellama_7b\P1\terraform\question_0020.tf'...
[*] Evaluando regla 'unrestricted_ip_address' en archivo 'C:\Users\erick\OneDrive\Escritorio\New folder\secllm_terraform_integration\research_iac\integration\outputs_v2\codellama_7b\P1\terraform\question_0020.tf'...
[*] Evaluando regla 'use_of_http_without_tls' en archivo 'C:\Users\erick\OneDrive\Escritorio\New folder\secllm_terraform_integration\research_iac\integration\outputs_v2\codellama_7b\P1\terraform\question_0020.tf'...
[*] Evaluando regla 'no_integrity_check' en archivo 'C:\Users\erick\OneDrive\Escritorio\New folder\secllm_terraform_integration\research_iac\integration\outputs_v2\codellama_7b\P1\terraform\question_0020.tf'...
[*] Evaluando regla 'use_of_weak_cryptography' en archivo 'C:\Users\erick\OneDrive\Escritorio\New folder\secllm_terraform_integration\research_iac\integration\outputs_v2\codellama_7b\P1\terraform\question_0020.tf'...
[*] Evaluando regla 'suspicious_comment' en archivo 'C:\Users\erick\OneDrive\Escritorio\New folder\secllm_terraform_integration\research_iac\integration\outputs_v2\codellama_7b\P1\terraform\question_0020.tf'...
[Cache] Cache saved to cache.pkl (3320 entries)
[Cache] Cache saved to cache.pkl (3320 entries)
[2026-07-12 21:19:49]   auditando question_0024.tf (con qwen25-coder-audit)...
Configuration loaded from cache_config.yaml
[Cache] Cache loaded from cache.pkl with 3320 entries (saved at 2026-07-12 21:19:47)
[Cache] Cache initialized with TTL=-1s, max_entries=-1
[*] Evaluando regla 'hard_coded_secret' en archivo 'C:\Users\erick\OneDrive\Escritorio\New folder\secllm_terraform_integration\research_iac\integration\outputs_v2\codellama_7b\P1\terraform\question_0024.tf'...
[*] Evaluando regla 'empty_password' en archivo 'C:\Users\erick\OneDrive\Escritorio\New folder\secllm_terraform_integration\research_iac\integration\outputs_v2\codellama_7b\P1\terraform\question_0024.tf'...
[*] Evaluando regla 'admin_by_default' en archivo 'C:\Users\erick\OneDrive\Escritorio\New folder\secllm_terraform_integration\research_iac\integration\outputs_v2\codellama_7b\P1\terraform\question_0024.tf'...
[*] Evaluando regla 'unrestricted_ip_address' en archivo 'C:\Users\erick\OneDrive\Escritorio\New folder\secllm_terraform_integration\research_iac\integration\outputs_v2\codellama_7b\P1\terraform\question_0024.tf'...
[*] Evaluando regla 'use_of_http_without_tls' en archivo 'C:\Users\erick\OneDrive\Escritorio\New folder\secllm_terraform_integration\research_iac\integration\outputs_v2\codellama_7b\P1\terraform\question_0024.tf'...
[*] Evaluando regla 'no_integrity_check' en archivo 'C:\Users\erick\OneDrive\Escritorio\New folder\secllm_terraform_integration\research_iac\integration\outputs_v2\codellama_7b\P1\terraform\question_0024.tf'...
[*] Evaluando regla 'use_of_weak_cryptography' en archivo 'C:\Users\erick\OneDrive\Escritorio\New folder\secllm_terraform_integration\research_iac\integration\outputs_v2\codellama_7b\P1\terraform\question_0024.tf'...
[*] Evaluando regla 'suspicious_comment' en archivo 'C:\Users\erick\OneDrive\Escritorio\New folder\secllm_terraform_integration\research_iac\integration\outputs_v2\codellama_7b\P1\terraform\question_0024.tf'...
[Cache] Cache saved to cache.pkl (3328 entries)
[Cache] Cache saved to cache.pkl (3328 entries)
[2026-07-12 21:20:34]   auditando question_0038.tf (con qwen25-coder-audit)...
Configuration loaded from cache_config.yaml
[Cache] Cache loaded from cache.pkl with 3328 entries (saved at 2026-07-12 21:20:33)
[Cache] Cache initialized with TTL=-1s, max_entries=-1
[*] Evaluando regla 'hard_coded_secret' en archivo 'C:\Users\erick\OneDrive\Escritorio\New folder\secllm_terraform_integration\research_iac\integration\outputs_v2\codellama_7b\P1\terraform\question_0038.tf'...
[*] Evaluando regla 'empty_password' en archivo 'C:\Users\erick\OneDrive\Escritorio\New folder\secllm_terraform_integration\research_iac\integration\outputs_v2\codellama_7b\P1\terraform\question_0038.tf'...
[*] Evaluando regla 'admin_by_default' en archivo 'C:\Users\erick\OneDrive\Escritorio\New folder\secllm_terraform_integration\research_iac\integration\outputs_v2\codellama_7b\P1\terraform\question_0038.tf'...
[*] Evaluando regla 'unrestricted_ip_address' en archivo 'C:\Users\erick\OneDrive\Escritorio\New folder\secllm_terraform_integration\research_iac\integration\outputs_v2\codellama_7b\P1\terraform\question_0038.tf'...
[*] Evaluando regla 'use_of_http_without_tls' en archivo 'C:\Users\erick\OneDrive\Escritorio\New folder\secllm_terraform_integration\research_iac\integration\outputs_v2\codellama_7b\P1\terraform\question_0038.tf'...
[*] Evaluando regla 'no_integrity_check' en archivo 'C:\Users\erick\OneDrive\Escritorio\New folder\secllm_terraform_integration\research_iac\integration\outputs_v2\codellama_7b\P1\terraform\question_0038.tf'...
[*] Evaluando regla 'use_of_weak_cryptography' en archivo 'C:\Users\erick\OneDrive\Escritorio\New folder\secllm_terraform_integration\research_iac\integration\outputs_v2\codellama_7b\P1\terraform\question_0038.tf'...
[*] Evaluando regla 'suspicious_comment' en archivo 'C:\Users\erick\OneDrive\Escritorio\New folder\secllm_terraform_integration\research_iac\integration\outputs_v2\codellama_7b\P1\terraform\question_0038.tf'...
[Cache] Cache saved to cache.pkl (3336 entries)
[Cache] Cache saved to cache.pkl (3336 entries)
[2026-07-12 21:20:57]   auditando question_0051.tf (con qwen25-coder-audit)...
Configuration loaded from cache_config.yaml
[Cache] Cache loaded from cache.pkl with 3336 entries (saved at 2026-07-12 21:20:57)
[Cache] Cache initialized with TTL=-1s, max_entries=-1
[*] Evaluando regla 'hard_coded_secret' en archivo 'C:\Users\erick\OneDrive\Escritorio\New folder\secllm_terraform_integration\research_iac\integration\outputs_v2\codellama_7b\P1\terraform\question_0051.tf'...
[*] Evaluando regla 'empty_password' en archivo 'C:\Users\erick\OneDrive\Escritorio\New folder\secllm_terraform_integration\research_iac\integration\outputs_v2\codellama_7b\P1\terraform\question_0051.tf'...
[*] Evaluando regla 'admin_by_default' en archivo 'C:\Users\erick\OneDrive\Escritorio\New folder\secllm_terraform_integration\research_iac\integration\outputs_v2\codellama_7b\P1\terraform\question_0051.tf'...
[*] Evaluando regla 'unrestricted_ip_address' en archivo 'C:\Users\erick\OneDrive\Escritorio\New folder\secllm_terraform_integration\research_iac\integration\outputs_v2\codellama_7b\P1\terraform\question_0051.tf'...
[*] Evaluando regla 'use_of_http_without_tls' en archivo 'C:\Users\erick\OneDrive\Escritorio\New folder\secllm_terraform_integration\research_iac\integration\outputs_v2\codellama_7b\P1\terraform\question_0051.tf'...
[*] Evaluando regla 'no_integrity_check' en archivo 'C:\Users\erick\OneDrive\Escritorio\New folder\secllm_terraform_integration\research_iac\integration\outputs_v2\codellama_7b\P1\terraform\question_0051.tf'...
[*] Evaluando regla 'use_of_weak_cryptography' en archivo 'C:\Users\erick\OneDrive\Escritorio\New folder\secllm_terraform_integration\research_iac\integration\outputs_v2\codellama_7b\P1\terraform\question_0051.tf'...
[*] Evaluando regla 'suspicious_comment' en archivo 'C:\Users\erick\OneDrive\Escritorio\New folder\secllm_terraform_integration\research_iac\integration\outputs_v2\codellama_7b\P1\terraform\question_0051.tf'...
[Cache] Cache saved to cache.pkl (3344 entries)
[Cache] Cache saved to cache.pkl (3344 entries)
[2026-07-12 21:21:20]   auditando question_0064.tf (con qwen25-coder-audit)...
Configuration loaded from cache_config.yaml
[Cache] Cache loaded from cache.pkl with 3344 entries (saved at 2026-07-12 21:21:19)
[Cache] Cache initialized with TTL=-1s, max_entries=-1
[*] Evaluando regla 'hard_coded_secret' en archivo 'C:\Users\erick\OneDrive\Escritorio\New folder\secllm_terraform_integration\research_iac\integration\outputs_v2\codellama_7b\P1\terraform\question_0064.tf'...
[*] Evaluando regla 'empty_password' en archivo 'C:\Users\erick\OneDrive\Escritorio\New folder\secllm_terraform_integration\research_iac\integration\outputs_v2\codellama_7b\P1\terraform\question_0064.tf'...
[*] Evaluando regla 'admin_by_default' en archivo 'C:\Users\erick\OneDrive\Escritorio\New folder\secllm_terraform_integration\research_iac\integration\outputs_v2\codellama_7b\P1\terraform\question_0064.tf'...
[*] Evaluando regla 'unrestricted_ip_address' en archivo 'C:\Users\erick\OneDrive\Escritorio\New folder\secllm_terraform_integration\research_iac\integration\outputs_v2\codellama_7b\P1\terraform\question_0064.tf'...
[*] Evaluando regla 'use_of_http_without_tls' en archivo 'C:\Users\erick\OneDrive\Escritorio\New folder\secllm_terraform_integration\research_iac\integration\outputs_v2\codellama_7b\P1\terraform\question_0064.tf'...
[*] Evaluando regla 'no_integrity_check' en archivo 'C:\Users\erick\OneDrive\Escritorio\New folder\secllm_terraform_integration\research_iac\integration\outputs_v2\codellama_7b\P1\terraform\question_0064.tf'...
[*] Evaluando regla 'use_of_weak_cryptography' en archivo 'C:\Users\erick\OneDrive\Escritorio\New folder\secllm_terraform_integration\research_iac\integration\outputs_v2\codellama_7b\P1\terraform\question_0064.tf'...
[*] Evaluando regla 'suspicious_comment' en archivo 'C:\Users\erick\OneDrive\Escritorio\New folder\secllm_terraform_integration\research_iac\integration\outputs_v2\codellama_7b\P1\terraform\question_0064.tf'...
[Cache] Cache saved to cache.pkl (3352 entries)
[Cache] Cache saved to cache.pkl (3352 entries)
[2026-07-12 21:21:41]   auditando question_0073.tf (con qwen25-coder-audit)...
Configuration loaded from cache_config.yaml
[Cache] Cache loaded from cache.pkl with 3352 entries (saved at 2026-07-12 21:21:41)
[Cache] Cache initialized with TTL=-1s, max_entries=-1
[*] Evaluando regla 'hard_coded_secret' en archivo 'C:\Users\erick\OneDrive\Escritorio\New folder\secllm_terraform_integration\research_iac\integration\outputs_v2\codellama_7b\P1\terraform\question_0073.tf'...
[*] Evaluando regla 'empty_password' en archivo 'C:\Users\erick\OneDrive\Escritorio\New folder\secllm_terraform_integration\research_iac\integration\outputs_v2\codellama_7b\P1\terraform\question_0073.tf'...
[*] Evaluando regla 'admin_by_default' en archivo 'C:\Users\erick\OneDrive\Escritorio\New folder\secllm_terraform_integration\research_iac\integration\outputs_v2\codellama_7b\P1\terraform\question_0073.tf'...
[*] Evaluando regla 'unrestricted_ip_address' en archivo 'C:\Users\erick\OneDrive\Escritorio\New folder\secllm_terraform_integration\research_iac\integration\outputs_v2\codellama_7b\P1\terraform\question_0073.tf'...
[*] Evaluando regla 'use_of_http_without_tls' en archivo 'C:\Users\erick\OneDrive\Escritorio\New folder\secllm_terraform_integration\research_iac\integration\outputs_v2\codellama_7b\P1\terraform\question_0073.tf'...
[*] Evaluando regla 'no_integrity_check' en archivo 'C:\Users\erick\OneDrive\Escritorio\New folder\secllm_terraform_integration\research_iac\integration\outputs_v2\codellama_7b\P1\terraform\question_0073.tf'...
[*] Evaluando regla 'use_of_weak_cryptography' en archivo 'C:\Users\erick\OneDrive\Escritorio\New folder\secllm_terraform_integration\research_iac\integration\outputs_v2\codellama_7b\P1\terraform\question_0073.tf'...
[*] Evaluando regla 'suspicious_comment' en archivo 'C:\Users\erick\OneDrive\Escritorio\New folder\secllm_terraform_integration\research_iac\integration\outputs_v2\codellama_7b\P1\terraform\question_0073.tf'...
[Cache] Cache saved to cache.pkl (3360 entries)
[Cache] Cache saved to cache.pkl (3360 entries)
[2026-07-12 21:22:15]   auditando question_0075.tf (con qwen25-coder-audit)...
Configuration loaded from cache_config.yaml
[Cache] Cache loaded from cache.pkl with 3360 entries (saved at 2026-07-12 21:22:15)
[Cache] Cache initialized with TTL=-1s, max_entries=-1
[*] Evaluando regla 'hard_coded_secret' en archivo 'C:\Users\erick\OneDrive\Escritorio\New folder\secllm_terraform_integration\research_iac\integration\outputs_v2\codellama_7b\P1\terraform\question_0075.tf'...
[*] Evaluando regla 'empty_password' en archivo 'C:\Users\erick\OneDrive\Escritorio\New folder\secllm_terraform_integration\research_iac\integration\outputs_v2\codellama_7b\P1\terraform\question_0075.tf'...
[*] Evaluando regla 'admin_by_default' en archivo 'C:\Users\erick\OneDrive\Escritorio\New folder\secllm_terraform_integration\research_iac\integration\outputs_v2\codellama_7b\P1\terraform\question_0075.tf'...
[*] Evaluando regla 'unrestricted_ip_address' en archivo 'C:\Users\erick\OneDrive\Escritorio\New folder\secllm_terraform_integration\research_iac\integration\outputs_v2\codellama_7b\P1\terraform\question_0075.tf'...
[*] Evaluando regla 'use_of_http_without_tls' en archivo 'C:\Users\erick\OneDrive\Escritorio\New folder\secllm_terraform_integration\research_iac\integration\outputs_v2\codellama_7b\P1\terraform\question_0075.tf'...
[*] Evaluando regla 'no_integrity_check' en archivo 'C:\Users\erick\OneDrive\Escritorio\New folder\secllm_terraform_integration\research_iac\integration\outputs_v2\codellama_7b\P1\terraform\question_0075.tf'...
[*] Evaluando regla 'use_of_weak_cryptography' en archivo 'C:\Users\erick\OneDrive\Escritorio\New folder\secllm_terraform_integration\research_iac\integration\outputs_v2\codellama_7b\P1\terraform\question_0075.tf'...
[*] Evaluando regla 'suspicious_comment' en archivo 'C:\Users\erick\OneDrive\Escritorio\New folder\secllm_terraform_integration\research_iac\integration\outputs_v2\codellama_7b\P1\terraform\question_0075.tf'...
[Cache] Cache saved to cache.pkl (3368 entries)
[Cache] Cache saved to cache.pkl (3368 entries)
[2026-07-12 21:22:33]   auditando question_0080.tf (con qwen25-coder-audit)...
Configuration loaded from cache_config.yaml
[Cache] Cache loaded from cache.pkl with 3368 entries (saved at 2026-07-12 21:22:33)
[Cache] Cache initialized with TTL=-1s, max_entries=-1
[*] Evaluando regla 'hard_coded_secret' en archivo 'C:\Users\erick\OneDrive\Escritorio\New folder\secllm_terraform_integration\research_iac\integration\outputs_v2\codellama_7b\P1\terraform\question_0080.tf'...
[*] Evaluando regla 'empty_password' en archivo 'C:\Users\erick\OneDrive\Escritorio\New folder\secllm_terraform_integration\research_iac\integration\outputs_v2\codellama_7b\P1\terraform\question_0080.tf'...
[*] Evaluando regla 'admin_by_default' en archivo 'C:\Users\erick\OneDrive\Escritorio\New folder\secllm_terraform_integration\research_iac\integration\outputs_v2\codellama_7b\P1\terraform\question_0080.tf'...
[*] Evaluando regla 'unrestricted_ip_address' en archivo 'C:\Users\erick\OneDrive\Escritorio\New folder\secllm_terraform_integration\research_iac\integration\outputs_v2\codellama_7b\P1\terraform\question_0080.tf'...
[*] Evaluando regla 'use_of_http_without_tls' en archivo 'C:\Users\erick\OneDrive\Escritorio\New folder\secllm_terraform_integration\research_iac\integration\outputs_v2\codellama_7b\P1\terraform\question_0080.tf'...
[*] Evaluando regla 'no_integrity_check' en archivo 'C:\Users\erick\OneDrive\Escritorio\New folder\secllm_terraform_integration\research_iac\integration\outputs_v2\codellama_7b\P1\terraform\question_0080.tf'...
[*] Evaluando regla 'use_of_weak_cryptography' en archivo 'C:\Users\erick\OneDrive\Escritorio\New folder\secllm_terraform_integration\research_iac\integration\outputs_v2\codellama_7b\P1\terraform\question_0080.tf'...
[*] Evaluando regla 'suspicious_comment' en archivo 'C:\Users\erick\OneDrive\Escritorio\New folder\secllm_terraform_integration\research_iac\integration\outputs_v2\codellama_7b\P1\terraform\question_0080.tf'...
[Cache] Cache saved to cache.pkl (3376 entries)
[Cache] Cache saved to cache.pkl (3376 entries)
[2026-07-12 21:22:50]   auditando question_0132.tf (con qwen25-coder-audit)...
Configuration loaded from cache_config.yaml
[Cache] Cache loaded from cache.pkl with 3376 entries (saved at 2026-07-12 21:22:49)
[Cache] Cache initialized with TTL=-1s, max_entries=-1
[*] Evaluando regla 'hard_coded_secret' en archivo 'C:\Users\erick\OneDrive\Escritorio\New folder\secllm_terraform_integration\research_iac\integration\outputs_v2\codellama_7b\P1\terraform\question_0132.tf'...
[*] Evaluando regla 'empty_password' en archivo 'C:\Users\erick\OneDrive\Escritorio\New folder\secllm_terraform_integration\research_iac\integration\outputs_v2\codellama_7b\P1\terraform\question_0132.tf'...
[*] Evaluando regla 'admin_by_default' en archivo 'C:\Users\erick\OneDrive\Escritorio\New folder\secllm_terraform_integration\research_iac\integration\outputs_v2\codellama_7b\P1\terraform\question_0132.tf'...
[*] Evaluando regla 'unrestricted_ip_address' en archivo 'C:\Users\erick\OneDrive\Escritorio\New folder\secllm_terraform_integration\research_iac\integration\outputs_v2\codellama_7b\P1\terraform\question_0132.tf'...
[*] Evaluando regla 'use_of_http_without_tls' en archivo 'C:\Users\erick\OneDrive\Escritorio\New folder\secllm_terraform_integration\research_iac\integration\outputs_v2\codellama_7b\P1\terraform\question_0132.tf'...
[*] Evaluando regla 'no_integrity_check' en archivo 'C:\Users\erick\OneDrive\Escritorio\New folder\secllm_terraform_integration\research_iac\integration\outputs_v2\codellama_7b\P1\terraform\question_0132.tf'...
[*] Evaluando regla 'use_of_weak_cryptography' en archivo 'C:\Users\erick\OneDrive\Escritorio\New folder\secllm_terraform_integration\research_iac\integration\outputs_v2\codellama_7b\P1\terraform\question_0132.tf'...
[*] Evaluando regla 'suspicious_comment' en archivo 'C:\Users\erick\OneDrive\Escritorio\New folder\secllm_terraform_integration\research_iac\integration\outputs_v2\codellama_7b\P1\terraform\question_0132.tf'...
[Cache] Cache saved to cache.pkl (3384 entries)
[Cache] Cache saved to cache.pkl (3384 entries)
[2026-07-12 21:23:09]   auditando question_0141.tf (con qwen25-coder-audit)...
Configuration loaded from cache_config.yaml
[Cache] Cache loaded from cache.pkl with 3384 entries (saved at 2026-07-12 21:23:09)
[Cache] Cache initialized with TTL=-1s, max_entries=-1
[*] Evaluando regla 'hard_coded_secret' en archivo 'C:\Users\erick\OneDrive\Escritorio\New folder\secllm_terraform_integration\research_iac\integration\outputs_v2\codellama_7b\P1\terraform\question_0141.tf'...
[*] Evaluando regla 'empty_password' en archivo 'C:\Users\erick\OneDrive\Escritorio\New folder\secllm_terraform_integration\research_iac\integration\outputs_v2\codellama_7b\P1\terraform\question_0141.tf'...
[*] Evaluando regla 'admin_by_default' en archivo 'C:\Users\erick\OneDrive\Escritorio\New folder\secllm_terraform_integration\research_iac\integration\outputs_v2\codellama_7b\P1\terraform\question_0141.tf'...
[*] Evaluando regla 'unrestricted_ip_address' en archivo 'C:\Users\erick\OneDrive\Escritorio\New folder\secllm_terraform_integration\research_iac\integration\outputs_v2\codellama_7b\P1\terraform\question_0141.tf'...
[*] Evaluando regla 'use_of_http_without_tls' en archivo 'C:\Users\erick\OneDrive\Escritorio\New folder\secllm_terraform_integration\research_iac\integration\outputs_v2\codellama_7b\P1\terraform\question_0141.tf'...
[*] Evaluando regla 'no_integrity_check' en archivo 'C:\Users\erick\OneDrive\Escritorio\New folder\secllm_terraform_integration\research_iac\integration\outputs_v2\codellama_7b\P1\terraform\question_0141.tf'...
[*] Evaluando regla 'use_of_weak_cryptography' en archivo 'C:\Users\erick\OneDrive\Escritorio\New folder\secllm_terraform_integration\research_iac\integration\outputs_v2\codellama_7b\P1\terraform\question_0141.tf'...
[*] Evaluando regla 'suspicious_comment' en archivo 'C:\Users\erick\OneDrive\Escritorio\New folder\secllm_terraform_integration\research_iac\integration\outputs_v2\codellama_7b\P1\terraform\question_0141.tf'...
[Cache] Cache saved to cache.pkl (3392 entries)
[Cache] Cache saved to cache.pkl (3392 entries)
[2026-07-12 21:23:48]   auditando question_0153.tf (con qwen25-coder-audit)...
Configuration loaded from cache_config.yaml
[Cache] Cache loaded from cache.pkl with 3392 entries (saved at 2026-07-12 21:23:48)
[Cache] Cache initialized with TTL=-1s, max_entries=-1
[*] Evaluando regla 'hard_coded_secret' en archivo 'C:\Users\erick\OneDrive\Escritorio\New folder\secllm_terraform_integration\research_iac\integration\outputs_v2\codellama_7b\P1\terraform\question_0153.tf'...
[*] Evaluando regla 'empty_password' en archivo 'C:\Users\erick\OneDrive\Escritorio\New folder\secllm_terraform_integration\research_iac\integration\outputs_v2\codellama_7b\P1\terraform\question_0153.tf'...
[*] Evaluando regla 'admin_by_default' en archivo 'C:\Users\erick\OneDrive\Escritorio\New folder\secllm_terraform_integration\research_iac\integration\outputs_v2\codellama_7b\P1\terraform\question_0153.tf'...
[*] Evaluando regla 'unrestricted_ip_address' en archivo 'C:\Users\erick\OneDrive\Escritorio\New folder\secllm_terraform_integration\research_iac\integration\outputs_v2\codellama_7b\P1\terraform\question_0153.tf'...
[*] Evaluando regla 'use_of_http_without_tls' en archivo 'C:\Users\erick\OneDrive\Escritorio\New folder\secllm_terraform_integration\research_iac\integration\outputs_v2\codellama_7b\P1\terraform\question_0153.tf'...
[*] Evaluando regla 'no_integrity_check' en archivo 'C:\Users\erick\OneDrive\Escritorio\New folder\secllm_terraform_integration\research_iac\integration\outputs_v2\codellama_7b\P1\terraform\question_0153.tf'...
[*] Evaluando regla 'use_of_weak_cryptography' en archivo 'C:\Users\erick\OneDrive\Escritorio\New folder\secllm_terraform_integration\research_iac\integration\outputs_v2\codellama_7b\P1\terraform\question_0153.tf'...
[*] Evaluando regla 'suspicious_comment' en archivo 'C:\Users\erick\OneDrive\Escritorio\New folder\secllm_terraform_integration\research_iac\integration\outputs_v2\codellama_7b\P1\terraform\question_0153.tf'...
[Cache] Cache saved to cache.pkl (3400 entries)
[Cache] Cache saved to cache.pkl (3400 entries)
[2026-07-12 21:24:08]   auditando question_0180.tf (con qwen25-coder-audit)...
Configuration loaded from cache_config.yaml
[Cache] Cache loaded from cache.pkl with 3400 entries (saved at 2026-07-12 21:24:07)
[Cache] Cache initialized with TTL=-1s, max_entries=-1
[*] Evaluando regla 'hard_coded_secret' en archivo 'C:\Users\erick\OneDrive\Escritorio\New folder\secllm_terraform_integration\research_iac\integration\outputs_v2\codellama_7b\P1\terraform\question_0180.tf'...
[*] Evaluando regla 'empty_password' en archivo 'C:\Users\erick\OneDrive\Escritorio\New folder\secllm_terraform_integration\research_iac\integration\outputs_v2\codellama_7b\P1\terraform\question_0180.tf'...
[*] Evaluando regla 'admin_by_default' en archivo 'C:\Users\erick\OneDrive\Escritorio\New folder\secllm_terraform_integration\research_iac\integration\outputs_v2\codellama_7b\P1\terraform\question_0180.tf'...
[*] Evaluando regla 'unrestricted_ip_address' en archivo 'C:\Users\erick\OneDrive\Escritorio\New folder\secllm_terraform_integration\research_iac\integration\outputs_v2\codellama_7b\P1\terraform\question_0180.tf'...
[*] Evaluando regla 'use_of_http_without_tls' en archivo 'C:\Users\erick\OneDrive\Escritorio\New folder\secllm_terraform_integration\research_iac\integration\outputs_v2\codellama_7b\P1\terraform\question_0180.tf'...
[*] Evaluando regla 'no_integrity_check' en archivo 'C:\Users\erick\OneDrive\Escritorio\New folder\secllm_terraform_integration\research_iac\integration\outputs_v2\codellama_7b\P1\terraform\question_0180.tf'...
[*] Evaluando regla 'use_of_weak_cryptography' en archivo 'C:\Users\erick\OneDrive\Escritorio\New folder\secllm_terraform_integration\research_iac\integration\outputs_v2\codellama_7b\P1\terraform\question_0180.tf'...
[*] Evaluando regla 'suspicious_comment' en archivo 'C:\Users\erick\OneDrive\Escritorio\New folder\secllm_terraform_integration\research_iac\integration\outputs_v2\codellama_7b\P1\terraform\question_0180.tf'...
[Cache] Cache saved to cache.pkl (3408 entries)
[Cache] Cache saved to cache.pkl (3408 entries)
[2026-07-12 21:24:27]   auditando question_0186.tf (con qwen25-coder-audit)...
Configuration loaded from cache_config.yaml
[Cache] Cache loaded from cache.pkl with 3408 entries (saved at 2026-07-12 21:24:27)
[Cache] Cache initialized with TTL=-1s, max_entries=-1
[*] Evaluando regla 'hard_coded_secret' en archivo 'C:\Users\erick\OneDrive\Escritorio\New folder\secllm_terraform_integration\research_iac\integration\outputs_v2\codellama_7b\P1\terraform\question_0186.tf'...
[*] Evaluando regla 'empty_password' en archivo 'C:\Users\erick\OneDrive\Escritorio\New folder\secllm_terraform_integration\research_iac\integration\outputs_v2\codellama_7b\P1\terraform\question_0186.tf'...
[*] Evaluando regla 'admin_by_default' en archivo 'C:\Users\erick\OneDrive\Escritorio\New folder\secllm_terraform_integration\research_iac\integration\outputs_v2\codellama_7b\P1\terraform\question_0186.tf'...
[*] Evaluando regla 'unrestricted_ip_address' en archivo 'C:\Users\erick\OneDrive\Escritorio\New folder\secllm_terraform_integration\research_iac\integration\outputs_v2\codellama_7b\P1\terraform\question_0186.tf'...
[*] Evaluando regla 'use_of_http_without_tls' en archivo 'C:\Users\erick\OneDrive\Escritorio\New folder\secllm_terraform_integration\research_iac\integration\outputs_v2\codellama_7b\P1\terraform\question_0186.tf'...
[*] Evaluando regla 'no_integrity_check' en archivo 'C:\Users\erick\OneDrive\Escritorio\New folder\secllm_terraform_integration\research_iac\integration\outputs_v2\codellama_7b\P1\terraform\question_0186.tf'...
[*] Evaluando regla 'use_of_weak_cryptography' en archivo 'C:\Users\erick\OneDrive\Escritorio\New folder\secllm_terraform_integration\research_iac\integration\outputs_v2\codellama_7b\P1\terraform\question_0186.tf'...
[*] Evaluando regla 'suspicious_comment' en archivo 'C:\Users\erick\OneDrive\Escritorio\New folder\secllm_terraform_integration\research_iac\integration\outputs_v2\codellama_7b\P1\terraform\question_0186.tf'...
[Cache] Cache saved to cache.pkl (3416 entries)
[Cache] Cache saved to cache.pkl (3416 entries)
[2026-07-12 21:24:55]   auditando question_0190.tf (con qwen25-coder-audit)...
Configuration loaded from cache_config.yaml
[Cache] Cache loaded from cache.pkl with 3416 entries (saved at 2026-07-12 21:24:55)
[Cache] Cache initialized with TTL=-1s, max_entries=-1
[*] Evaluando regla 'hard_coded_secret' en archivo 'C:\Users\erick\OneDrive\Escritorio\New folder\secllm_terraform_integration\research_iac\integration\outputs_v2\codellama_7b\P1\terraform\question_0190.tf'...
[*] Evaluando regla 'empty_password' en archivo 'C:\Users\erick\OneDrive\Escritorio\New folder\secllm_terraform_integration\research_iac\integration\outputs_v2\codellama_7b\P1\terraform\question_0190.tf'...
[*] Evaluando regla 'admin_by_default' en archivo 'C:\Users\erick\OneDrive\Escritorio\New folder\secllm_terraform_integration\research_iac\integration\outputs_v2\codellama_7b\P1\terraform\question_0190.tf'...
[*] Evaluando regla 'unrestricted_ip_address' en archivo 'C:\Users\erick\OneDrive\Escritorio\New folder\secllm_terraform_integration\research_iac\integration\outputs_v2\codellama_7b\P1\terraform\question_0190.tf'...
[*] Evaluando regla 'use_of_http_without_tls' en archivo 'C:\Users\erick\OneDrive\Escritorio\New folder\secllm_terraform_integration\research_iac\integration\outputs_v2\codellama_7b\P1\terraform\question_0190.tf'...
[*] Evaluando regla 'no_integrity_check' en archivo 'C:\Users\erick\OneDrive\Escritorio\New folder\secllm_terraform_integration\research_iac\integration\outputs_v2\codellama_7b\P1\terraform\question_0190.tf'...
[*] Evaluando regla 'use_of_weak_cryptography' en archivo 'C:\Users\erick\OneDrive\Escritorio\New folder\secllm_terraform_integration\research_iac\integration\outputs_v2\codellama_7b\P1\terraform\question_0190.tf'...
[*] Evaluando regla 'suspicious_comment' en archivo 'C:\Users\erick\OneDrive\Escritorio\New folder\secllm_terraform_integration\research_iac\integration\outputs_v2\codellama_7b\P1\terraform\question_0190.tf'...
[Cache] Cache saved to cache.pkl (3424 entries)
[Cache] Cache saved to cache.pkl (3424 entries)
[2026-07-12 21:25:28]   auditando question_0201.tf (con qwen25-coder-audit)...
Configuration loaded from cache_config.yaml
[Cache] Cache loaded from cache.pkl with 3424 entries (saved at 2026-07-12 21:25:28)
[Cache] Cache initialized with TTL=-1s, max_entries=-1
[*] Evaluando regla 'hard_coded_secret' en archivo 'C:\Users\erick\OneDrive\Escritorio\New folder\secllm_terraform_integration\research_iac\integration\outputs_v2\codellama_7b\P1\terraform\question_0201.tf'...
[*] Evaluando regla 'empty_password' en archivo 'C:\Users\erick\OneDrive\Escritorio\New folder\secllm_terraform_integration\research_iac\integration\outputs_v2\codellama_7b\P1\terraform\question_0201.tf'...
[*] Evaluando regla 'admin_by_default' en archivo 'C:\Users\erick\OneDrive\Escritorio\New folder\secllm_terraform_integration\research_iac\integration\outputs_v2\codellama_7b\P1\terraform\question_0201.tf'...
[*] Evaluando regla 'unrestricted_ip_address' en archivo 'C:\Users\erick\OneDrive\Escritorio\New folder\secllm_terraform_integration\research_iac\integration\outputs_v2\codellama_7b\P1\terraform\question_0201.tf'...
[*] Evaluando regla 'use_of_http_without_tls' en archivo 'C:\Users\erick\OneDrive\Escritorio\New folder\secllm_terraform_integration\research_iac\integration\outputs_v2\codellama_7b\P1\terraform\question_0201.tf'...
[*] Evaluando regla 'no_integrity_check' en archivo 'C:\Users\erick\OneDrive\Escritorio\New folder\secllm_terraform_integration\research_iac\integration\outputs_v2\codellama_7b\P1\terraform\question_0201.tf'...
[*] Evaluando regla 'use_of_weak_cryptography' en archivo 'C:\Users\erick\OneDrive\Escritorio\New folder\secllm_terraform_integration\research_iac\integration\outputs_v2\codellama_7b\P1\terraform\question_0201.tf'...
[*] Evaluando regla 'suspicious_comment' en archivo 'C:\Users\erick\OneDrive\Escritorio\New folder\secllm_terraform_integration\research_iac\integration\outputs_v2\codellama_7b\P1\terraform\question_0201.tf'...
[Cache] Cache saved to cache.pkl (3432 entries)
[Cache] Cache saved to cache.pkl (3432 entries)
[2026-07-12 21:25:47]   auditando question_0212.tf (con qwen25-coder-audit)...
Configuration loaded from cache_config.yaml
[Cache] Cache loaded from cache.pkl with 3432 entries (saved at 2026-07-12 21:25:46)
[Cache] Cache initialized with TTL=-1s, max_entries=-1
[*] Evaluando regla 'hard_coded_secret' en archivo 'C:\Users\erick\OneDrive\Escritorio\New folder\secllm_terraform_integration\research_iac\integration\outputs_v2\codellama_7b\P1\terraform\question_0212.tf'...
[*] Evaluando regla 'empty_password' en archivo 'C:\Users\erick\OneDrive\Escritorio\New folder\secllm_terraform_integration\research_iac\integration\outputs_v2\codellama_7b\P1\terraform\question_0212.tf'...
[*] Evaluando regla 'admin_by_default' en archivo 'C:\Users\erick\OneDrive\Escritorio\New folder\secllm_terraform_integration\research_iac\integration\outputs_v2\codellama_7b\P1\terraform\question_0212.tf'...
[*] Evaluando regla 'unrestricted_ip_address' en archivo 'C:\Users\erick\OneDrive\Escritorio\New folder\secllm_terraform_integration\research_iac\integration\outputs_v2\codellama_7b\P1\terraform\question_0212.tf'...
[*] Evaluando regla 'use_of_http_without_tls' en archivo 'C:\Users\erick\OneDrive\Escritorio\New folder\secllm_terraform_integration\research_iac\integration\outputs_v2\codellama_7b\P1\terraform\question_0212.tf'...
[*] Evaluando regla 'no_integrity_check' en archivo 'C:\Users\erick\OneDrive\Escritorio\New folder\secllm_terraform_integration\research_iac\integration\outputs_v2\codellama_7b\P1\terraform\question_0212.tf'...
[*] Evaluando regla 'use_of_weak_cryptography' en archivo 'C:\Users\erick\OneDrive\Escritorio\New folder\secllm_terraform_integration\research_iac\integration\outputs_v2\codellama_7b\P1\terraform\question_0212.tf'...
[*] Evaluando regla 'suspicious_comment' en archivo 'C:\Users\erick\OneDrive\Escritorio\New folder\secllm_terraform_integration\research_iac\integration\outputs_v2\codellama_7b\P1\terraform\question_0212.tf'...
[Cache] Cache saved to cache.pkl (3440 entries)
[Cache] Cache saved to cache.pkl (3440 entries)
[2026-07-12 21:26:10]   auditando question_0215.tf (con qwen25-coder-audit)...
Configuration loaded from cache_config.yaml
[Cache] Cache loaded from cache.pkl with 3440 entries (saved at 2026-07-12 21:26:10)
[Cache] Cache initialized with TTL=-1s, max_entries=-1
[*] Evaluando regla 'hard_coded_secret' en archivo 'C:\Users\erick\OneDrive\Escritorio\New folder\secllm_terraform_integration\research_iac\integration\outputs_v2\codellama_7b\P1\terraform\question_0215.tf'...
[*] Evaluando regla 'empty_password' en archivo 'C:\Users\erick\OneDrive\Escritorio\New folder\secllm_terraform_integration\research_iac\integration\outputs_v2\codellama_7b\P1\terraform\question_0215.tf'...
[*] Evaluando regla 'admin_by_default' en archivo 'C:\Users\erick\OneDrive\Escritorio\New folder\secllm_terraform_integration\research_iac\integration\outputs_v2\codellama_7b\P1\terraform\question_0215.tf'...
[*] Evaluando regla 'unrestricted_ip_address' en archivo 'C:\Users\erick\OneDrive\Escritorio\New folder\secllm_terraform_integration\research_iac\integration\outputs_v2\codellama_7b\P1\terraform\question_0215.tf'...
[*] Evaluando regla 'use_of_http_without_tls' en archivo 'C:\Users\erick\OneDrive\Escritorio\New folder\secllm_terraform_integration\research_iac\integration\outputs_v2\codellama_7b\P1\terraform\question_0215.tf'...
[*] Evaluando regla 'no_integrity_check' en archivo 'C:\Users\erick\OneDrive\Escritorio\New folder\secllm_terraform_integration\research_iac\integration\outputs_v2\codellama_7b\P1\terraform\question_0215.tf'...
[*] Evaluando regla 'use_of_weak_cryptography' en archivo 'C:\Users\erick\OneDrive\Escritorio\New folder\secllm_terraform_integration\research_iac\integration\outputs_v2\codellama_7b\P1\terraform\question_0215.tf'...
[*] Evaluando regla 'suspicious_comment' en archivo 'C:\Users\erick\OneDrive\Escritorio\New folder\secllm_terraform_integration\research_iac\integration\outputs_v2\codellama_7b\P1\terraform\question_0215.tf'...
[Cache] Cache saved to cache.pkl (3448 entries)
[Cache] Cache saved to cache.pkl (3448 entries)
[2026-07-12 21:26:36]   auditando question_0231.tf (con qwen25-coder-audit)...
Configuration loaded from cache_config.yaml
[Cache] Cache loaded from cache.pkl with 3448 entries (saved at 2026-07-12 21:26:35)
[Cache] Cache initialized with TTL=-1s, max_entries=-1
[*] Evaluando regla 'hard_coded_secret' en archivo 'C:\Users\erick\OneDrive\Escritorio\New folder\secllm_terraform_integration\research_iac\integration\outputs_v2\codellama_7b\P1\terraform\question_0231.tf'...
[*] Evaluando regla 'empty_password' en archivo 'C:\Users\erick\OneDrive\Escritorio\New folder\secllm_terraform_integration\research_iac\integration\outputs_v2\codellama_7b\P1\terraform\question_0231.tf'...
[*] Evaluando regla 'admin_by_default' en archivo 'C:\Users\erick\OneDrive\Escritorio\New folder\secllm_terraform_integration\research_iac\integration\outputs_v2\codellama_7b\P1\terraform\question_0231.tf'...
[*] Evaluando regla 'unrestricted_ip_address' en archivo 'C:\Users\erick\OneDrive\Escritorio\New folder\secllm_terraform_integration\research_iac\integration\outputs_v2\codellama_7b\P1\terraform\question_0231.tf'...
[*] Evaluando regla 'use_of_http_without_tls' en archivo 'C:\Users\erick\OneDrive\Escritorio\New folder\secllm_terraform_integration\research_iac\integration\outputs_v2\codellama_7b\P1\terraform\question_0231.tf'...
[*] Evaluando regla 'no_integrity_check' en archivo 'C:\Users\erick\OneDrive\Escritorio\New folder\secllm_terraform_integration\research_iac\integration\outputs_v2\codellama_7b\P1\terraform\question_0231.tf'...
[*] Evaluando regla 'use_of_weak_cryptography' en archivo 'C:\Users\erick\OneDrive\Escritorio\New folder\secllm_terraform_integration\research_iac\integration\outputs_v2\codellama_7b\P1\terraform\question_0231.tf'...
[*] Evaluando regla 'suspicious_comment' en archivo 'C:\Users\erick\OneDrive\Escritorio\New folder\secllm_terraform_integration\research_iac\integration\outputs_v2\codellama_7b\P1\terraform\question_0231.tf'...
[Cache] Cache saved to cache.pkl (3456 entries)
[Cache] Cache saved to cache.pkl (3456 entries)
[2026-07-12 21:26:54]   auditando question_0234.tf (con qwen25-coder-audit)...
Configuration loaded from cache_config.yaml
[Cache] Cache loaded from cache.pkl with 3456 entries (saved at 2026-07-12 21:26:54)
[Cache] Cache initialized with TTL=-1s, max_entries=-1
[*] Evaluando regla 'hard_coded_secret' en archivo 'C:\Users\erick\OneDrive\Escritorio\New folder\secllm_terraform_integration\research_iac\integration\outputs_v2\codellama_7b\P1\terraform\question_0234.tf'...
[*] Evaluando regla 'empty_password' en archivo 'C:\Users\erick\OneDrive\Escritorio\New folder\secllm_terraform_integration\research_iac\integration\outputs_v2\codellama_7b\P1\terraform\question_0234.tf'...
[*] Evaluando regla 'admin_by_default' en archivo 'C:\Users\erick\OneDrive\Escritorio\New folder\secllm_terraform_integration\research_iac\integration\outputs_v2\codellama_7b\P1\terraform\question_0234.tf'...
[*] Evaluando regla 'unrestricted_ip_address' en archivo 'C:\Users\erick\OneDrive\Escritorio\New folder\secllm_terraform_integration\research_iac\integration\outputs_v2\codellama_7b\P1\terraform\question_0234.tf'...
[*] Evaluando regla 'use_of_http_without_tls' en archivo 'C:\Users\erick\OneDrive\Escritorio\New folder\secllm_terraform_integration\research_iac\integration\outputs_v2\codellama_7b\P1\terraform\question_0234.tf'...
[*] Evaluando regla 'no_integrity_check' en archivo 'C:\Users\erick\OneDrive\Escritorio\New folder\secllm_terraform_integration\research_iac\integration\outputs_v2\codellama_7b\P1\terraform\question_0234.tf'...
[*] Evaluando regla 'use_of_weak_cryptography' en archivo 'C:\Users\erick\OneDrive\Escritorio\New folder\secllm_terraform_integration\research_iac\integration\outputs_v2\codellama_7b\P1\terraform\question_0234.tf'...
[*] Evaluando regla 'suspicious_comment' en archivo 'C:\Users\erick\OneDrive\Escritorio\New folder\secllm_terraform_integration\research_iac\integration\outputs_v2\codellama_7b\P1\terraform\question_0234.tf'...
[Cache] Cache saved to cache.pkl (3464 entries)
[Cache] Cache saved to cache.pkl (3464 entries)
[2026-07-12 21:27:18]   auditando question_0249.tf (con qwen25-coder-audit)...
Configuration loaded from cache_config.yaml
[Cache] Cache loaded from cache.pkl with 3464 entries (saved at 2026-07-12 21:27:17)
[Cache] Cache initialized with TTL=-1s, max_entries=-1
[*] Evaluando regla 'hard_coded_secret' en archivo 'C:\Users\erick\OneDrive\Escritorio\New folder\secllm_terraform_integration\research_iac\integration\outputs_v2\codellama_7b\P1\terraform\question_0249.tf'...
[*] Evaluando regla 'empty_password' en archivo 'C:\Users\erick\OneDrive\Escritorio\New folder\secllm_terraform_integration\research_iac\integration\outputs_v2\codellama_7b\P1\terraform\question_0249.tf'...
[*] Evaluando regla 'admin_by_default' en archivo 'C:\Users\erick\OneDrive\Escritorio\New folder\secllm_terraform_integration\research_iac\integration\outputs_v2\codellama_7b\P1\terraform\question_0249.tf'...
[*] Evaluando regla 'unrestricted_ip_address' en archivo 'C:\Users\erick\OneDrive\Escritorio\New folder\secllm_terraform_integration\research_iac\integration\outputs_v2\codellama_7b\P1\terraform\question_0249.tf'...
[*] Evaluando regla 'use_of_http_without_tls' en archivo 'C:\Users\erick\OneDrive\Escritorio\New folder\secllm_terraform_integration\research_iac\integration\outputs_v2\codellama_7b\P1\terraform\question_0249.tf'...
[*] Evaluando regla 'no_integrity_check' en archivo 'C:\Users\erick\OneDrive\Escritorio\New folder\secllm_terraform_integration\research_iac\integration\outputs_v2\codellama_7b\P1\terraform\question_0249.tf'...
[*] Evaluando regla 'use_of_weak_cryptography' en archivo 'C:\Users\erick\OneDrive\Escritorio\New folder\secllm_terraform_integration\research_iac\integration\outputs_v2\codellama_7b\P1\terraform\question_0249.tf'...
[*] Evaluando regla 'suspicious_comment' en archivo 'C:\Users\erick\OneDrive\Escritorio\New folder\secllm_terraform_integration\research_iac\integration\outputs_v2\codellama_7b\P1\terraform\question_0249.tf'...
[Cache] Cache saved to cache.pkl (3472 entries)
[Cache] Cache saved to cache.pkl (3472 entries)
[2026-07-12 21:27:56]   auditando question_0255.tf (con qwen25-coder-audit)...
Configuration loaded from cache_config.yaml
[Cache] Cache loaded from cache.pkl with 3472 entries (saved at 2026-07-12 21:27:55)
[Cache] Cache initialized with TTL=-1s, max_entries=-1
[*] Evaluando regla 'hard_coded_secret' en archivo 'C:\Users\erick\OneDrive\Escritorio\New folder\secllm_terraform_integration\research_iac\integration\outputs_v2\codellama_7b\P1\terraform\question_0255.tf'...
[*] Evaluando regla 'empty_password' en archivo 'C:\Users\erick\OneDrive\Escritorio\New folder\secllm_terraform_integration\research_iac\integration\outputs_v2\codellama_7b\P1\terraform\question_0255.tf'...
[*] Evaluando regla 'admin_by_default' en archivo 'C:\Users\erick\OneDrive\Escritorio\New folder\secllm_terraform_integration\research_iac\integration\outputs_v2\codellama_7b\P1\terraform\question_0255.tf'...
[*] Evaluando regla 'unrestricted_ip_address' en archivo 'C:\Users\erick\OneDrive\Escritorio\New folder\secllm_terraform_integration\research_iac\integration\outputs_v2\codellama_7b\P1\terraform\question_0255.tf'...
[*] Evaluando regla 'use_of_http_without_tls' en archivo 'C:\Users\erick\OneDrive\Escritorio\New folder\secllm_terraform_integration\research_iac\integration\outputs_v2\codellama_7b\P1\terraform\question_0255.tf'...
[*] Evaluando regla 'no_integrity_check' en archivo 'C:\Users\erick\OneDrive\Escritorio\New folder\secllm_terraform_integration\research_iac\integration\outputs_v2\codellama_7b\P1\terraform\question_0255.tf'...
[*] Evaluando regla 'use_of_weak_cryptography' en archivo 'C:\Users\erick\OneDrive\Escritorio\New folder\secllm_terraform_integration\research_iac\integration\outputs_v2\codellama_7b\P1\terraform\question_0255.tf'...
[*] Evaluando regla 'suspicious_comment' en archivo 'C:\Users\erick\OneDrive\Escritorio\New folder\secllm_terraform_integration\research_iac\integration\outputs_v2\codellama_7b\P1\terraform\question_0255.tf'...
[Cache] Cache saved to cache.pkl (3480 entries)
[Cache] Cache saved to cache.pkl (3480 entries)
[2026-07-12 21:28:33]   auditando question_0261.tf (con qwen25-coder-audit)...
Configuration loaded from cache_config.yaml
[Cache] Cache loaded from cache.pkl with 3480 entries (saved at 2026-07-12 21:28:33)
[Cache] Cache initialized with TTL=-1s, max_entries=-1
[*] Evaluando regla 'hard_coded_secret' en archivo 'C:\Users\erick\OneDrive\Escritorio\New folder\secllm_terraform_integration\research_iac\integration\outputs_v2\codellama_7b\P1\terraform\question_0261.tf'...
[*] Evaluando regla 'empty_password' en archivo 'C:\Users\erick\OneDrive\Escritorio\New folder\secllm_terraform_integration\research_iac\integration\outputs_v2\codellama_7b\P1\terraform\question_0261.tf'...
[*] Evaluando regla 'admin_by_default' en archivo 'C:\Users\erick\OneDrive\Escritorio\New folder\secllm_terraform_integration\research_iac\integration\outputs_v2\codellama_7b\P1\terraform\question_0261.tf'...
[*] Evaluando regla 'unrestricted_ip_address' en archivo 'C:\Users\erick\OneDrive\Escritorio\New folder\secllm_terraform_integration\research_iac\integration\outputs_v2\codellama_7b\P1\terraform\question_0261.tf'...
[*] Evaluando regla 'use_of_http_without_tls' en archivo 'C:\Users\erick\OneDrive\Escritorio\New folder\secllm_terraform_integration\research_iac\integration\outputs_v2\codellama_7b\P1\terraform\question_0261.tf'...
[*] Evaluando regla 'no_integrity_check' en archivo 'C:\Users\erick\OneDrive\Escritorio\New folder\secllm_terraform_integration\research_iac\integration\outputs_v2\codellama_7b\P1\terraform\question_0261.tf'...
[*] Evaluando regla 'use_of_weak_cryptography' en archivo 'C:\Users\erick\OneDrive\Escritorio\New folder\secllm_terraform_integration\research_iac\integration\outputs_v2\codellama_7b\P1\terraform\question_0261.tf'...
[*] Evaluando regla 'suspicious_comment' en archivo 'C:\Users\erick\OneDrive\Escritorio\New folder\secllm_terraform_integration\research_iac\integration\outputs_v2\codellama_7b\P1\terraform\question_0261.tf'...
[Cache] Cache saved to cache.pkl (3488 entries)
[Cache] Cache saved to cache.pkl (3488 entries)
[2026-07-12 21:28:55]   auditando question_0262.tf (con qwen25-coder-audit)...
Configuration loaded from cache_config.yaml
[Cache] Cache loaded from cache.pkl with 3488 entries (saved at 2026-07-12 21:28:55)
[Cache] Cache initialized with TTL=-1s, max_entries=-1
[*] Evaluando regla 'hard_coded_secret' en archivo 'C:\Users\erick\OneDrive\Escritorio\New folder\secllm_terraform_integration\research_iac\integration\outputs_v2\codellama_7b\P1\terraform\question_0262.tf'...
[*] Evaluando regla 'empty_password' en archivo 'C:\Users\erick\OneDrive\Escritorio\New folder\secllm_terraform_integration\research_iac\integration\outputs_v2\codellama_7b\P1\terraform\question_0262.tf'...
[*] Evaluando regla 'admin_by_default' en archivo 'C:\Users\erick\OneDrive\Escritorio\New folder\secllm_terraform_integration\research_iac\integration\outputs_v2\codellama_7b\P1\terraform\question_0262.tf'...
[*] Evaluando regla 'unrestricted_ip_address' en archivo 'C:\Users\erick\OneDrive\Escritorio\New folder\secllm_terraform_integration\research_iac\integration\outputs_v2\codellama_7b\P1\terraform\question_0262.tf'...
[*] Evaluando regla 'use_of_http_without_tls' en archivo 'C:\Users\erick\OneDrive\Escritorio\New folder\secllm_terraform_integration\research_iac\integration\outputs_v2\codellama_7b\P1\terraform\question_0262.tf'...
[*] Evaluando regla 'no_integrity_check' en archivo 'C:\Users\erick\OneDrive\Escritorio\New folder\secllm_terraform_integration\research_iac\integration\outputs_v2\codellama_7b\P1\terraform\question_0262.tf'...
[*] Evaluando regla 'use_of_weak_cryptography' en archivo 'C:\Users\erick\OneDrive\Escritorio\New folder\secllm_terraform_integration\research_iac\integration\outputs_v2\codellama_7b\P1\terraform\question_0262.tf'...
[*] Evaluando regla 'suspicious_comment' en archivo 'C:\Users\erick\OneDrive\Escritorio\New folder\secllm_terraform_integration\research_iac\integration\outputs_v2\codellama_7b\P1\terraform\question_0262.tf'...
[Cache] Cache saved to cache.pkl (3496 entries)
[Cache] Cache saved to cache.pkl (3496 entries)
[2026-07-12 21:29:33]   auditando question_0285.tf (con qwen25-coder-audit)...
Configuration loaded from cache_config.yaml
[Cache] Cache loaded from cache.pkl with 3496 entries (saved at 2026-07-12 21:29:32)
[Cache] Cache initialized with TTL=-1s, max_entries=-1
[*] Evaluando regla 'hard_coded_secret' en archivo 'C:\Users\erick\OneDrive\Escritorio\New folder\secllm_terraform_integration\research_iac\integration\outputs_v2\codellama_7b\P1\terraform\question_0285.tf'...
[*] Evaluando regla 'empty_password' en archivo 'C:\Users\erick\OneDrive\Escritorio\New folder\secllm_terraform_integration\research_iac\integration\outputs_v2\codellama_7b\P1\terraform\question_0285.tf'...
[*] Evaluando regla 'admin_by_default' en archivo 'C:\Users\erick\OneDrive\Escritorio\New folder\secllm_terraform_integration\research_iac\integration\outputs_v2\codellama_7b\P1\terraform\question_0285.tf'...
[*] Evaluando regla 'unrestricted_ip_address' en archivo 'C:\Users\erick\OneDrive\Escritorio\New folder\secllm_terraform_integration\research_iac\integration\outputs_v2\codellama_7b\P1\terraform\question_0285.tf'...
[*] Evaluando regla 'use_of_http_without_tls' en archivo 'C:\Users\erick\OneDrive\Escritorio\New folder\secllm_terraform_integration\research_iac\integration\outputs_v2\codellama_7b\P1\terraform\question_0285.tf'...
[*] Evaluando regla 'no_integrity_check' en archivo 'C:\Users\erick\OneDrive\Escritorio\New folder\secllm_terraform_integration\research_iac\integration\outputs_v2\codellama_7b\P1\terraform\question_0285.tf'...
[*] Evaluando regla 'use_of_weak_cryptography' en archivo 'C:\Users\erick\OneDrive\Escritorio\New folder\secllm_terraform_integration\research_iac\integration\outputs_v2\codellama_7b\P1\terraform\question_0285.tf'...
[*] Evaluando regla 'suspicious_comment' en archivo 'C:\Users\erick\OneDrive\Escritorio\New folder\secllm_terraform_integration\research_iac\integration\outputs_v2\codellama_7b\P1\terraform\question_0285.tf'...
[Cache] Cache saved to cache.pkl (3504 entries)
[Cache] Cache saved to cache.pkl (3504 entries)
[2026-07-12 21:29:51]   auditando question_0289.tf (con qwen25-coder-audit)...
Configuration loaded from cache_config.yaml
[Cache] Cache loaded from cache.pkl with 3504 entries (saved at 2026-07-12 21:29:51)
[Cache] Cache initialized with TTL=-1s, max_entries=-1
[*] Evaluando regla 'hard_coded_secret' en archivo 'C:\Users\erick\OneDrive\Escritorio\New folder\secllm_terraform_integration\research_iac\integration\outputs_v2\codellama_7b\P1\terraform\question_0289.tf'...
[*] Evaluando regla 'empty_password' en archivo 'C:\Users\erick\OneDrive\Escritorio\New folder\secllm_terraform_integration\research_iac\integration\outputs_v2\codellama_7b\P1\terraform\question_0289.tf'...
[*] Evaluando regla 'admin_by_default' en archivo 'C:\Users\erick\OneDrive\Escritorio\New folder\secllm_terraform_integration\research_iac\integration\outputs_v2\codellama_7b\P1\terraform\question_0289.tf'...
[*] Evaluando regla 'unrestricted_ip_address' en archivo 'C:\Users\erick\OneDrive\Escritorio\New folder\secllm_terraform_integration\research_iac\integration\outputs_v2\codellama_7b\P1\terraform\question_0289.tf'...
[*] Evaluando regla 'use_of_http_without_tls' en archivo 'C:\Users\erick\OneDrive\Escritorio\New folder\secllm_terraform_integration\research_iac\integration\outputs_v2\codellama_7b\P1\terraform\question_0289.tf'...
[*] Evaluando regla 'no_integrity_check' en archivo 'C:\Users\erick\OneDrive\Escritorio\New folder\secllm_terraform_integration\research_iac\integration\outputs_v2\codellama_7b\P1\terraform\question_0289.tf'...
[*] Evaluando regla 'use_of_weak_cryptography' en archivo 'C:\Users\erick\OneDrive\Escritorio\New folder\secllm_terraform_integration\research_iac\integration\outputs_v2\codellama_7b\P1\terraform\question_0289.tf'...
[*] Evaluando regla 'suspicious_comment' en archivo 'C:\Users\erick\OneDrive\Escritorio\New folder\secllm_terraform_integration\research_iac\integration\outputs_v2\codellama_7b\P1\terraform\question_0289.tf'...
[Cache] Cache saved to cache.pkl (3512 entries)
[Cache] Cache saved to cache.pkl (3512 entries)
[2026-07-12 21:30:19]   auditando question_0290.tf (con qwen25-coder-audit)...
Configuration loaded from cache_config.yaml
[Cache] Cache loaded from cache.pkl with 3512 entries (saved at 2026-07-12 21:30:19)
[Cache] Cache initialized with TTL=-1s, max_entries=-1
[*] Evaluando regla 'hard_coded_secret' en archivo 'C:\Users\erick\OneDrive\Escritorio\New folder\secllm_terraform_integration\research_iac\integration\outputs_v2\codellama_7b\P1\terraform\question_0290.tf'...
[*] Evaluando regla 'empty_password' en archivo 'C:\Users\erick\OneDrive\Escritorio\New folder\secllm_terraform_integration\research_iac\integration\outputs_v2\codellama_7b\P1\terraform\question_0290.tf'...
[*] Evaluando regla 'admin_by_default' en archivo 'C:\Users\erick\OneDrive\Escritorio\New folder\secllm_terraform_integration\research_iac\integration\outputs_v2\codellama_7b\P1\terraform\question_0290.tf'...
[*] Evaluando regla 'unrestricted_ip_address' en archivo 'C:\Users\erick\OneDrive\Escritorio\New folder\secllm_terraform_integration\research_iac\integration\outputs_v2\codellama_7b\P1\terraform\question_0290.tf'...
[*] Evaluando regla 'use_of_http_without_tls' en archivo 'C:\Users\erick\OneDrive\Escritorio\New folder\secllm_terraform_integration\research_iac\integration\outputs_v2\codellama_7b\P1\terraform\question_0290.tf'...
[*] Evaluando regla 'no_integrity_check' en archivo 'C:\Users\erick\OneDrive\Escritorio\New folder\secllm_terraform_integration\research_iac\integration\outputs_v2\codellama_7b\P1\terraform\question_0290.tf'...
[*] Evaluando regla 'use_of_weak_cryptography' en archivo 'C:\Users\erick\OneDrive\Escritorio\New folder\secllm_terraform_integration\research_iac\integration\outputs_v2\codellama_7b\P1\terraform\question_0290.tf'...
[*] Evaluando regla 'suspicious_comment' en archivo 'C:\Users\erick\OneDrive\Escritorio\New folder\secllm_terraform_integration\research_iac\integration\outputs_v2\codellama_7b\P1\terraform\question_0290.tf'...
[Cache] Cache saved to cache.pkl (3512 entries)
[Cache] Cache saved to cache.pkl (3512 entries)
[2026-07-12 21:30:48]   auditando question_0336.tf (con qwen25-coder-audit)...
Configuration loaded from cache_config.yaml
[Cache] Cache loaded from cache.pkl with 3512 entries (saved at 2026-07-12 21:30:46)
[Cache] Cache initialized with TTL=-1s, max_entries=-1
[*] Evaluando regla 'hard_coded_secret' en archivo 'C:\Users\erick\OneDrive\Escritorio\New folder\secllm_terraform_integration\research_iac\integration\outputs_v2\codellama_7b\P1\terraform\question_0336.tf'...
[*] Evaluando regla 'empty_password' en archivo 'C:\Users\erick\OneDrive\Escritorio\New folder\secllm_terraform_integration\research_iac\integration\outputs_v2\codellama_7b\P1\terraform\question_0336.tf'...
[*] Evaluando regla 'admin_by_default' en archivo 'C:\Users\erick\OneDrive\Escritorio\New folder\secllm_terraform_integration\research_iac\integration\outputs_v2\codellama_7b\P1\terraform\question_0336.tf'...
[*] Evaluando regla 'unrestricted_ip_address' en archivo 'C:\Users\erick\OneDrive\Escritorio\New folder\secllm_terraform_integration\research_iac\integration\outputs_v2\codellama_7b\P1\terraform\question_0336.tf'...
[*] Evaluando regla 'use_of_http_without_tls' en archivo 'C:\Users\erick\OneDrive\Escritorio\New folder\secllm_terraform_integration\research_iac\integration\outputs_v2\codellama_7b\P1\terraform\question_0336.tf'...
[*] Evaluando regla 'no_integrity_check' en archivo 'C:\Users\erick\OneDrive\Escritorio\New folder\secllm_terraform_integration\research_iac\integration\outputs_v2\codellama_7b\P1\terraform\question_0336.tf'...
[*] Evaluando regla 'use_of_weak_cryptography' en archivo 'C:\Users\erick\OneDrive\Escritorio\New folder\secllm_terraform_integration\research_iac\integration\outputs_v2\codellama_7b\P1\terraform\question_0336.tf'...
[*] Evaluando regla 'suspicious_comment' en archivo 'C:\Users\erick\OneDrive\Escritorio\New folder\secllm_terraform_integration\research_iac\integration\outputs_v2\codellama_7b\P1\terraform\question_0336.tf'...
[Cache] Cache saved to cache.pkl (3520 entries)
[Cache] Cache saved to cache.pkl (3520 entries)
[2026-07-12 21:31:39]   auditando question_0342.tf (con qwen25-coder-audit)...
Configuration loaded from cache_config.yaml
[Cache] Cache loaded from cache.pkl with 3520 entries (saved at 2026-07-12 21:31:37)
[Cache] Cache initialized with TTL=-1s, max_entries=-1
[*] Evaluando regla 'hard_coded_secret' en archivo 'C:\Users\erick\OneDrive\Escritorio\New folder\secllm_terraform_integration\research_iac\integration\outputs_v2\codellama_7b\P1\terraform\question_0342.tf'...
[*] Evaluando regla 'empty_password' en archivo 'C:\Users\erick\OneDrive\Escritorio\New folder\secllm_terraform_integration\research_iac\integration\outputs_v2\codellama_7b\P1\terraform\question_0342.tf'...
[*] Evaluando regla 'admin_by_default' en archivo 'C:\Users\erick\OneDrive\Escritorio\New folder\secllm_terraform_integration\research_iac\integration\outputs_v2\codellama_7b\P1\terraform\question_0342.tf'...
[*] Evaluando regla 'unrestricted_ip_address' en archivo 'C:\Users\erick\OneDrive\Escritorio\New folder\secllm_terraform_integration\research_iac\integration\outputs_v2\codellama_7b\P1\terraform\question_0342.tf'...
[*] Evaluando regla 'use_of_http_without_tls' en archivo 'C:\Users\erick\OneDrive\Escritorio\New folder\secllm_terraform_integration\research_iac\integration\outputs_v2\codellama_7b\P1\terraform\question_0342.tf'...
[*] Evaluando regla 'no_integrity_check' en archivo 'C:\Users\erick\OneDrive\Escritorio\New folder\secllm_terraform_integration\research_iac\integration\outputs_v2\codellama_7b\P1\terraform\question_0342.tf'...
[*] Evaluando regla 'use_of_weak_cryptography' en archivo 'C:\Users\erick\OneDrive\Escritorio\New folder\secllm_terraform_integration\research_iac\integration\outputs_v2\codellama_7b\P1\terraform\question_0342.tf'...
[*] Evaluando regla 'suspicious_comment' en archivo 'C:\Users\erick\OneDrive\Escritorio\New folder\secllm_terraform_integration\research_iac\integration\outputs_v2\codellama_7b\P1\terraform\question_0342.tf'...
[Cache] Cache saved to cache.pkl (3528 entries)
[Cache] Cache saved to cache.pkl (3528 entries)
[2026-07-12 21:32:07]   auditando question_0353.tf (con qwen25-coder-audit)...
Configuration loaded from cache_config.yaml
[Cache] Cache loaded from cache.pkl with 3528 entries (saved at 2026-07-12 21:32:07)
[Cache] Cache initialized with TTL=-1s, max_entries=-1
[*] Evaluando regla 'hard_coded_secret' en archivo 'C:\Users\erick\OneDrive\Escritorio\New folder\secllm_terraform_integration\research_iac\integration\outputs_v2\codellama_7b\P1\terraform\question_0353.tf'...
[*] Evaluando regla 'empty_password' en archivo 'C:\Users\erick\OneDrive\Escritorio\New folder\secllm_terraform_integration\research_iac\integration\outputs_v2\codellama_7b\P1\terraform\question_0353.tf'...
[*] Evaluando regla 'admin_by_default' en archivo 'C:\Users\erick\OneDrive\Escritorio\New folder\secllm_terraform_integration\research_iac\integration\outputs_v2\codellama_7b\P1\terraform\question_0353.tf'...
[*] Evaluando regla 'unrestricted_ip_address' en archivo 'C:\Users\erick\OneDrive\Escritorio\New folder\secllm_terraform_integration\research_iac\integration\outputs_v2\codellama_7b\P1\terraform\question_0353.tf'...
[*] Evaluando regla 'use_of_http_without_tls' en archivo 'C:\Users\erick\OneDrive\Escritorio\New folder\secllm_terraform_integration\research_iac\integration\outputs_v2\codellama_7b\P1\terraform\question_0353.tf'...
[*] Evaluando regla 'no_integrity_check' en archivo 'C:\Users\erick\OneDrive\Escritorio\New folder\secllm_terraform_integration\research_iac\integration\outputs_v2\codellama_7b\P1\terraform\question_0353.tf'...
[*] Evaluando regla 'use_of_weak_cryptography' en archivo 'C:\Users\erick\OneDrive\Escritorio\New folder\secllm_terraform_integration\research_iac\integration\outputs_v2\codellama_7b\P1\terraform\question_0353.tf'...
[*] Evaluando regla 'suspicious_comment' en archivo 'C:\Users\erick\OneDrive\Escritorio\New folder\secllm_terraform_integration\research_iac\integration\outputs_v2\codellama_7b\P1\terraform\question_0353.tf'...
[Cache] Cache saved to cache.pkl (3536 entries)
[Cache] Cache saved to cache.pkl (3536 entries)
[2026-07-12 21:32:33]   auditando question_0361.tf (con qwen25-coder-audit)...
Configuration loaded from cache_config.yaml
[Cache] Cache loaded from cache.pkl with 3536 entries (saved at 2026-07-12 21:32:33)
[Cache] Cache initialized with TTL=-1s, max_entries=-1
[*] Evaluando regla 'hard_coded_secret' en archivo 'C:\Users\erick\OneDrive\Escritorio\New folder\secllm_terraform_integration\research_iac\integration\outputs_v2\codellama_7b\P1\terraform\question_0361.tf'...
[*] Evaluando regla 'empty_password' en archivo 'C:\Users\erick\OneDrive\Escritorio\New folder\secllm_terraform_integration\research_iac\integration\outputs_v2\codellama_7b\P1\terraform\question_0361.tf'...
[*] Evaluando regla 'admin_by_default' en archivo 'C:\Users\erick\OneDrive\Escritorio\New folder\secllm_terraform_integration\research_iac\integration\outputs_v2\codellama_7b\P1\terraform\question_0361.tf'...
[*] Evaluando regla 'unrestricted_ip_address' en archivo 'C:\Users\erick\OneDrive\Escritorio\New folder\secllm_terraform_integration\research_iac\integration\outputs_v2\codellama_7b\P1\terraform\question_0361.tf'...
[*] Evaluando regla 'use_of_http_without_tls' en archivo 'C:\Users\erick\OneDrive\Escritorio\New folder\secllm_terraform_integration\research_iac\integration\outputs_v2\codellama_7b\P1\terraform\question_0361.tf'...
[*] Evaluando regla 'no_integrity_check' en archivo 'C:\Users\erick\OneDrive\Escritorio\New folder\secllm_terraform_integration\research_iac\integration\outputs_v2\codellama_7b\P1\terraform\question_0361.tf'...
[*] Evaluando regla 'use_of_weak_cryptography' en archivo 'C:\Users\erick\OneDrive\Escritorio\New folder\secllm_terraform_integration\research_iac\integration\outputs_v2\codellama_7b\P1\terraform\question_0361.tf'...
[*] Evaluando regla 'suspicious_comment' en archivo 'C:\Users\erick\OneDrive\Escritorio\New folder\secllm_terraform_integration\research_iac\integration\outputs_v2\codellama_7b\P1\terraform\question_0361.tf'...
[Cache] Cache saved to cache.pkl (3544 entries)
[Cache] Cache saved to cache.pkl (3544 entries)
[2026-07-12 21:32:53]   auditando question_0362.tf (con qwen25-coder-audit)...
Configuration loaded from cache_config.yaml
[Cache] Cache loaded from cache.pkl with 3544 entries (saved at 2026-07-12 21:32:52)
[Cache] Cache initialized with TTL=-1s, max_entries=-1
[*] Evaluando regla 'hard_coded_secret' en archivo 'C:\Users\erick\OneDrive\Escritorio\New folder\secllm_terraform_integration\research_iac\integration\outputs_v2\codellama_7b\P1\terraform\question_0362.tf'...
[*] Evaluando regla 'empty_password' en archivo 'C:\Users\erick\OneDrive\Escritorio\New folder\secllm_terraform_integration\research_iac\integration\outputs_v2\codellama_7b\P1\terraform\question_0362.tf'...
[*] Evaluando regla 'admin_by_default' en archivo 'C:\Users\erick\OneDrive\Escritorio\New folder\secllm_terraform_integration\research_iac\integration\outputs_v2\codellama_7b\P1\terraform\question_0362.tf'...
[*] Evaluando regla 'unrestricted_ip_address' en archivo 'C:\Users\erick\OneDrive\Escritorio\New folder\secllm_terraform_integration\research_iac\integration\outputs_v2\codellama_7b\P1\terraform\question_0362.tf'...
[*] Evaluando regla 'use_of_http_without_tls' en archivo 'C:\Users\erick\OneDrive\Escritorio\New folder\secllm_terraform_integration\research_iac\integration\outputs_v2\codellama_7b\P1\terraform\question_0362.tf'...
[*] Evaluando regla 'no_integrity_check' en archivo 'C:\Users\erick\OneDrive\Escritorio\New folder\secllm_terraform_integration\research_iac\integration\outputs_v2\codellama_7b\P1\terraform\question_0362.tf'...
[*] Evaluando regla 'use_of_weak_cryptography' en archivo 'C:\Users\erick\OneDrive\Escritorio\New folder\secllm_terraform_integration\research_iac\integration\outputs_v2\codellama_7b\P1\terraform\question_0362.tf'...
[*] Evaluando regla 'suspicious_comment' en archivo 'C:\Users\erick\OneDrive\Escritorio\New folder\secllm_terraform_integration\research_iac\integration\outputs_v2\codellama_7b\P1\terraform\question_0362.tf'...
[Cache] Cache saved to cache.pkl (3552 entries)
[Cache] Cache saved to cache.pkl (3552 entries)
[2026-07-12 21:33:35]   auditando question_0375.tf (con qwen25-coder-audit)...
Configuration loaded from cache_config.yaml
[Cache] Cache loaded from cache.pkl with 3552 entries (saved at 2026-07-12 21:33:33)
[Cache] Cache initialized with TTL=-1s, max_entries=-1
[*] Evaluando regla 'hard_coded_secret' en archivo 'C:\Users\erick\OneDrive\Escritorio\New folder\secllm_terraform_integration\research_iac\integration\outputs_v2\codellama_7b\P1\terraform\question_0375.tf'...
[*] Evaluando regla 'empty_password' en archivo 'C:\Users\erick\OneDrive\Escritorio\New folder\secllm_terraform_integration\research_iac\integration\outputs_v2\codellama_7b\P1\terraform\question_0375.tf'...
[*] Evaluando regla 'admin_by_default' en archivo 'C:\Users\erick\OneDrive\Escritorio\New folder\secllm_terraform_integration\research_iac\integration\outputs_v2\codellama_7b\P1\terraform\question_0375.tf'...
[*] Evaluando regla 'unrestricted_ip_address' en archivo 'C:\Users\erick\OneDrive\Escritorio\New folder\secllm_terraform_integration\research_iac\integration\outputs_v2\codellama_7b\P1\terraform\question_0375.tf'...
[*] Evaluando regla 'use_of_http_without_tls' en archivo 'C:\Users\erick\OneDrive\Escritorio\New folder\secllm_terraform_integration\research_iac\integration\outputs_v2\codellama_7b\P1\terraform\question_0375.tf'...
[*] Evaluando regla 'no_integrity_check' en archivo 'C:\Users\erick\OneDrive\Escritorio\New folder\secllm_terraform_integration\research_iac\integration\outputs_v2\codellama_7b\P1\terraform\question_0375.tf'...
[*] Evaluando regla 'use_of_weak_cryptography' en archivo 'C:\Users\erick\OneDrive\Escritorio\New folder\secllm_terraform_integration\research_iac\integration\outputs_v2\codellama_7b\P1\terraform\question_0375.tf'...
[*] Evaluando regla 'suspicious_comment' en archivo 'C:\Users\erick\OneDrive\Escritorio\New folder\secllm_terraform_integration\research_iac\integration\outputs_v2\codellama_7b\P1\terraform\question_0375.tf'...
[Cache] Cache saved to cache.pkl (3560 entries)
[Cache] Cache saved to cache.pkl (3560 entries)
[2026-07-12 21:34:15]   auditando question_0400.tf (con qwen25-coder-audit)...
Configuration loaded from cache_config.yaml
[Cache] Cache loaded from cache.pkl with 3560 entries (saved at 2026-07-12 21:34:14)
[Cache] Cache initialized with TTL=-1s, max_entries=-1
[*] Evaluando regla 'hard_coded_secret' en archivo 'C:\Users\erick\OneDrive\Escritorio\New folder\secllm_terraform_integration\research_iac\integration\outputs_v2\codellama_7b\P1\terraform\question_0400.tf'...
[*] Evaluando regla 'empty_password' en archivo 'C:\Users\erick\OneDrive\Escritorio\New folder\secllm_terraform_integration\research_iac\integration\outputs_v2\codellama_7b\P1\terraform\question_0400.tf'...
[*] Evaluando regla 'admin_by_default' en archivo 'C:\Users\erick\OneDrive\Escritorio\New folder\secllm_terraform_integration\research_iac\integration\outputs_v2\codellama_7b\P1\terraform\question_0400.tf'...
[*] Evaluando regla 'unrestricted_ip_address' en archivo 'C:\Users\erick\OneDrive\Escritorio\New folder\secllm_terraform_integration\research_iac\integration\outputs_v2\codellama_7b\P1\terraform\question_0400.tf'...
[*] Evaluando regla 'use_of_http_without_tls' en archivo 'C:\Users\erick\OneDrive\Escritorio\New folder\secllm_terraform_integration\research_iac\integration\outputs_v2\codellama_7b\P1\terraform\question_0400.tf'...
[*] Evaluando regla 'no_integrity_check' en archivo 'C:\Users\erick\OneDrive\Escritorio\New folder\secllm_terraform_integration\research_iac\integration\outputs_v2\codellama_7b\P1\terraform\question_0400.tf'...
[*] Evaluando regla 'use_of_weak_cryptography' en archivo 'C:\Users\erick\OneDrive\Escritorio\New folder\secllm_terraform_integration\research_iac\integration\outputs_v2\codellama_7b\P1\terraform\question_0400.tf'...
[*] Evaluando regla 'suspicious_comment' en archivo 'C:\Users\erick\OneDrive\Escritorio\New folder\secllm_terraform_integration\research_iac\integration\outputs_v2\codellama_7b\P1\terraform\question_0400.tf'...
[Cache] Cache saved to cache.pkl (3568 entries)
[Cache] Cache saved to cache.pkl (3568 entries)
[2026-07-12 21:34:45]   auditando question_0415.tf (con qwen25-coder-audit)...
Configuration loaded from cache_config.yaml
[Cache] Cache loaded from cache.pkl with 3568 entries (saved at 2026-07-12 21:34:44)
[Cache] Cache initialized with TTL=-1s, max_entries=-1
[*] Evaluando regla 'hard_coded_secret' en archivo 'C:\Users\erick\OneDrive\Escritorio\New folder\secllm_terraform_integration\research_iac\integration\outputs_v2\codellama_7b\P1\terraform\question_0415.tf'...
[*] Evaluando regla 'empty_password' en archivo 'C:\Users\erick\OneDrive\Escritorio\New folder\secllm_terraform_integration\research_iac\integration\outputs_v2\codellama_7b\P1\terraform\question_0415.tf'...
[*] Evaluando regla 'admin_by_default' en archivo 'C:\Users\erick\OneDrive\Escritorio\New folder\secllm_terraform_integration\research_iac\integration\outputs_v2\codellama_7b\P1\terraform\question_0415.tf'...
[*] Evaluando regla 'unrestricted_ip_address' en archivo 'C:\Users\erick\OneDrive\Escritorio\New folder\secllm_terraform_integration\research_iac\integration\outputs_v2\codellama_7b\P1\terraform\question_0415.tf'...
[*] Evaluando regla 'use_of_http_without_tls' en archivo 'C:\Users\erick\OneDrive\Escritorio\New folder\secllm_terraform_integration\research_iac\integration\outputs_v2\codellama_7b\P1\terraform\question_0415.tf'...
[*] Evaluando regla 'no_integrity_check' en archivo 'C:\Users\erick\OneDrive\Escritorio\New folder\secllm_terraform_integration\research_iac\integration\outputs_v2\codellama_7b\P1\terraform\question_0415.tf'...
[*] Evaluando regla 'use_of_weak_cryptography' en archivo 'C:\Users\erick\OneDrive\Escritorio\New folder\secllm_terraform_integration\research_iac\integration\outputs_v2\codellama_7b\P1\terraform\question_0415.tf'...
[*] Evaluando regla 'suspicious_comment' en archivo 'C:\Users\erick\OneDrive\Escritorio\New folder\secllm_terraform_integration\research_iac\integration\outputs_v2\codellama_7b\P1\terraform\question_0415.tf'...
[Cache] Cache saved to cache.pkl (3576 entries)
[Cache] Cache saved to cache.pkl (3576 entries)
[2026-07-12 21:35:14]   auditando question_0422.tf (con qwen25-coder-audit)...
Configuration loaded from cache_config.yaml
[Cache] Cache loaded from cache.pkl with 3576 entries (saved at 2026-07-12 21:35:12)
[Cache] Cache initialized with TTL=-1s, max_entries=-1
[*] Evaluando regla 'hard_coded_secret' en archivo 'C:\Users\erick\OneDrive\Escritorio\New folder\secllm_terraform_integration\research_iac\integration\outputs_v2\codellama_7b\P1\terraform\question_0422.tf'...
[*] Evaluando regla 'empty_password' en archivo 'C:\Users\erick\OneDrive\Escritorio\New folder\secllm_terraform_integration\research_iac\integration\outputs_v2\codellama_7b\P1\terraform\question_0422.tf'...
[*] Evaluando regla 'admin_by_default' en archivo 'C:\Users\erick\OneDrive\Escritorio\New folder\secllm_terraform_integration\research_iac\integration\outputs_v2\codellama_7b\P1\terraform\question_0422.tf'...
[*] Evaluando regla 'unrestricted_ip_address' en archivo 'C:\Users\erick\OneDrive\Escritorio\New folder\secllm_terraform_integration\research_iac\integration\outputs_v2\codellama_7b\P1\terraform\question_0422.tf'...
[*] Evaluando regla 'use_of_http_without_tls' en archivo 'C:\Users\erick\OneDrive\Escritorio\New folder\secllm_terraform_integration\research_iac\integration\outputs_v2\codellama_7b\P1\terraform\question_0422.tf'...
[*] Evaluando regla 'no_integrity_check' en archivo 'C:\Users\erick\OneDrive\Escritorio\New folder\secllm_terraform_integration\research_iac\integration\outputs_v2\codellama_7b\P1\terraform\question_0422.tf'...
[*] Evaluando regla 'use_of_weak_cryptography' en archivo 'C:\Users\erick\OneDrive\Escritorio\New folder\secllm_terraform_integration\research_iac\integration\outputs_v2\codellama_7b\P1\terraform\question_0422.tf'...
[*] Evaluando regla 'suspicious_comment' en archivo 'C:\Users\erick\OneDrive\Escritorio\New folder\secllm_terraform_integration\research_iac\integration\outputs_v2\codellama_7b\P1\terraform\question_0422.tf'...
[Cache] Cache saved to cache.pkl (3584 entries)
[Cache] Cache saved to cache.pkl (3584 entries)
[2026-07-12 21:35:41] ======================================================================
[2026-07-12 21:35:41] PIPELINE v2 COMPLETADO.
[2026-07-12 21:35:41] Run: python scripts/generate_report_v2.py
[2026-07-12 21:35:41] ======================================================================
